[backblue.gif]
[fade.gif]
[index.html]
[www.unikin.ac.cd/assets/favicon.png]
[www.unikin.ac.cd/assets/unikin-logo.png]
[www.unikin.ac.cd/uploads/content/slider/20260211_053620_eab6733e.jpg]
[www.unikin.ac.cd/uploads/content/slider/20260727_141720_236e75f3.jpg]
[www.unikin.ac.cd/uploads/content/slider/20260721_131727_1a732d0c.jpg]
[www.unikin.ac.cd/uploads/content/slider/20260717_181836_c47affcb.jpg]
[www.unikin.ac.cd/uploads/content/slider/20260717_163704_0c0c114e.jpg]
[www.unikin.ac.cd/uploads/content/slider/20260716_140145_e8b8f863.jpg]
[www.unikin.ac.cd/assets/logo-oipr.png]
[www.unikin.ac.cd/uploads/content/slider/20260711_042429_7647e857.jpg]
[www.unikin.ac.cd/uploads/content/slider/20260512_101554_f1fabff8.jpg]
[www.unikin.ac.cd/uploads/content/slider/20260320_064630_eab7ac17.png]
[www.unikin.ac.cd/uploads/content/slider/20260224_121728_e5ed6ece.jpg]
[www.unikin.ac.cd/uploads/content/slider/20260701_024910_4ad1bb24.jpg]
[www.unikin.ac.cd/wp-content/uploads/2025/07/Prof-sandrine-Ngalula.jpg]
[www.unikin.ac.cd/wp-content/uploads/2025/05/PERFECTO-UNIKIN.jpg]
[www.unikin.ac.cd/wp-content/uploads/2024/12/polytech_refrigetrateur-2.jpg]
[www.unikin.ac.cd/wp-content/uploads/2024/10/Ir-Pierre-SEDI.jpg]
[www.unikin.ac.cd/wp-content/uploads/2024/02/unite-de-recherche-moustique-unikin.jpg]
[www.unikin.ac.cd/wp-content/uploads/2023/06/un-etudiant-de-polytech-1.jpg]
[www.unikin.ac.cd/wp-content/uploads/2023/01/unikin_savon_alcool.jpg]
[www.unikin.ac.cd/wp-content/uploads/2023/01/biodegradable_unikin-2.jpg]
[www.unikin.ac.cd/wp-content/uploads/2022/12/crebac-1.jpg]
[www.unikin.ac.cd/wp-content/uploads/2022/11/observatoire.png]
[www.unikin.ac.cd/index.html]
[www.unikin.ac.cd/en/index.html]
[www.unikin.ac.cd/uploads/content/slider/20260714_164735_f879b731.jpg]
[www.unikin.ac.cd/uploads/content/slider/20260712_052822_dfd34f93.jpg]
[www.unikin.ac.cd/wp-content/uploads/2025/03/polytecnic_skills.jpg]
[www.unikin.ac.cd/wp-content/uploads/2025/03/rebellion-2.jpg]
[www.unikin.ac.cd/wp-content/uploads/2024/11/Le-Salon-des-sciences-1-A.jpg]
[www.unikin.ac.cd/wp-content/uploads/2024/10/Masaicisme-genetique-et-maladies-Humaines_orateur.jpg]
[www.unikin.ac.cd/diplomes.html]
[www.unikin.ac.cd/inscriptions.html]
[www.unikin.ac.cd/uploads/content/documents/PLAN-STRATEGIQUE-UNIKIN-2023-2028-12SEPT2023.pdf]
[www.unikin.ac.cd/plan-strategique-de-lunikin-horizon-2023-2028.html]
[www.unikin.ac.cd/in-memoriam.html]
[www.unikin.ac.cd/contact.html]
[www.unikin.ac.cd/assets/og/les-revues.png]
[www.unikin.ac.cd/uploads/content/revues/20260216_132154_5db48937.png]
[www.unikin.ac.cd/uploads/content/revues/20260706_042505_9ffb2b8f.jpg]
[www.unikin.ac.cd/uploads/content/revues/20260216_132944_f404255e.webp]
[www.unikin.ac.cd/uploads/content/revues/20260216_133706_5db9c56a.png]
[www.unikin.ac.cd/uploads/content/revues/20260216_134924_4af750a0.png]
[www.unikin.ac.cd/uploads/content/revues/20260711_043258_8a43a13c.webp]
[www.unikin.ac.cd/uploads/content/revues/20260216_140319_7aed4dae.png]
[www.unikin.ac.cd/uploads/content/revues/20260625_114847_20444cf5.png]
[www.unikin.ac.cd/les-revues.html]
[cdn.jsdelivr.net/npm/bootstrap@5.3.0/dist/css/bootstrap.min.css]
[cdnjs.cloudflare.com/ajax/libs/font-awesome/6.4.0/css/all.min.css]
[www.unikin.ac.cd/alumni/alumni-unikin/public/storage/alumni-photos/unikin_logo_alumni_cartoon_arm_v2.png]
[www.unikin.ac.cd/alumni/alumni-unikin/public/storage/associations/association_1782279250.jpg]
[www.unikin.ac.cd/alumni/index.html]
[cdn.jsdelivr.net/npm/bootstrap@5.3.0/dist/js/bootstrap.bundle.min.js]
[www.unikin.ac.cd/en.html]
[www.unikin.ac.cd/universite/index.html]
[www.unikin.ac.cd/assets/og/presentation-de-lunikin.png]
[www.unikin.ac.cd/presentation-de-lunikin.html]
[www.unikin.ac.cd/les-organes-de-lunikin.html]
[www.unikin.ac.cd/conseil-de-luniversite.html]
[www.unikin.ac.cd/uploads/content/comite-de-gestion/20260211_065218_0b32f4ef.jpg]
[www.unikin.ac.cd/le-recteur.html]
[www.unikin.ac.cd/comite-de-gestion.html]
[www.unikin.ac.cd/conseil-de-faculte.html]
[www.unikin.ac.cd/conseil-de-departement.html]
[www.unikin.ac.cd/textes-legaux-et-reglementaires-de-lesu.html]
[www.unikin.ac.cd/uploads/content/comite-de-gestion/20260211_064944_e6b5cb11.jpg]
[www.unikin.ac.cd/uploads/content/comite-de-gestion/20260211_065300_7b93dc87.jpg]
[www.unikin.ac.cd/uploads/content/comite-de-gestion/20260211_065319_425e395b.jpg]
[www.unikin.ac.cd/membre-comite-gestion.html]
[www.unikin.ac.cd/assets/og/actualites.png]
[www.unikin.ac.cd/uploads/content/slider/20260711_035734_dca57303.jpg]
[www.unikin.ac.cd/uploads/content/slider/20260702_155743_2c733719.jpg]
[www.unikin.ac.cd/uploads/content/slider/20260630_081947_da840587.jpg]
[www.unikin.ac.cd/uploads/content/slider/20260623_181653_37b9d8c4.jpg]
[www.unikin.ac.cd/uploads/content/slider/20260617_095519_a6da3ac6.jpg]
[www.unikin.ac.cd/uploads/content/slider/20260615_122531_664941cd.jpg]
[www.unikin.ac.cd/uploads/content/slider/20260615_095848_e9c190a4.jpg]
[www.unikin.ac.cd/uploads/content/slider/20260605_103140_67436cca.jpg]
[www.unikin.ac.cd/uploads/content/slider/20260601_160524_38108775.jpg]
[www.unikin.ac.cd/uploads/content/slider/20260526_151620_bb90989b.jpg]
[www.unikin.ac.cd/uploads/content/slider/20260522_083527_e46172a8.jpg]
[www.unikin.ac.cd/actualites.html]
[www.unikin.ac.cd/uploads/content/slider/20260506_175424_bb40fba8.jpg]
[www.unikin.ac.cd/uploads/content/slider/20260429_160952_ef6b6181.jpg]
[www.unikin.ac.cd/uploads/content/slider/20260427_103308_ae4f2bef.jpg]
[www.unikin.ac.cd/uploads/content/slider/20260417_193542_5b9d0039.jpg]
[www.unikin.ac.cd/uploads/content/slider/20260417_091804_45f7e4f6.jpg]
[www.unikin.ac.cd/uploads/content/slider/20260414_113057_26a4bb9c.jpg]
[www.unikin.ac.cd/uploads/content/slider/20260409_132514_0cf22deb.jpg]
[www.unikin.ac.cd/uploads/content/slider/20260331_105648_952487fa.jpg]
[www.unikin.ac.cd/uploads/content/slider/20260320_150335_378afd71.jpg]
[www.unikin.ac.cd/uploads/content/slider/20260311_170132_e490b6c0.jpg]
[www.unikin.ac.cd/activites-du-recteur.html]
[www.unikin.ac.cd/uploads/content/slider/20260306_140757_33282a16.jpg]
[www.unikin.ac.cd/uploads/import/images/64742_1757426499005.jpg]
[www.unikin.ac.cd/wp-content/uploads/2025/12/IMG_2525.jpg]
[www.unikin.ac.cd/uploads/import/images/65143_IMG-20251122-WA0044-okay.jpg]
[www.unikin.ac.cd/uploads/import/images/65015_WhatsApp-Image-2025-11-06-at-19.19.54.jpg]
[www.unikin.ac.cd/uploads/import/images/62377_R.jpg]
[www.unikin.ac.cd/uploads/import/images/64958_WhatsApp-Image-2025-10-28-at-18.50.37.jpg]
[www.unikin.ac.cd/uploads/import/images/64949_photo.jpg]
[www.unikin.ac.cd/wp-content/uploads/2025/10/IMG_4943-medecine-x-web.jpg]
[www.unikin.ac.cd/uploads/import/images/64804_faculte-de-medecine-300x170-1.jpg]
[www.unikin.ac.cd/uploads/import/images/64801_WhatsApp-Image-2025-10-02-a-17.02.51_c4a1dfc3.jpg]
[www.unikin.ac.cd/uploads/import/images/64390_Photo-banc-1.jpg]
[www.unikin.ac.cd/wp-content/uploads/2025/04/1745592184445.png]
[www.unikin.ac.cd/uploads/import/images/63761_match-vet.jpg]
[www.unikin.ac.cd/wp-content/uploads/2025/04/IMG_0084.jpg]
[www.unikin.ac.cd/activites-du-sgac.html]
[www.unikin.ac.cd/uploads/content/slider/20260220_232435_7ac071ed.jpg]
[www.unikin.ac.cd/uploads/content/slider-activites-du-sgr-actualites/20260213_061727_06f59eed.png]
[www.unikin.ac.cd/uploads/content/slider,activites-du-sgr,actualites/20260213_062947_97435f0f.jpg]
[www.unikin.ac.cd/uploads/import/images/65111_Yandju_trphee-Nigeria-2.jpg]
[www.unikin.ac.cd/uploads/import/images/63531_Yandju-1.jpg]
[www.unikin.ac.cd/uploads/import/images/64910_Yandju-a.jpg]
[www.unikin.ac.cd/uploads/import/images/64676_FICKIN-1.jpg]
[www.unikin.ac.cd/uploads/import/images/64658_fickin-Yandju-1.jpg]
[www.unikin.ac.cd/uploads/import/images/64644_prof-yandju-1.jpg]
[www.unikin.ac.cd/uploads/import/images/64603_UNIKIN_FOIRE_L1.jpg]
[www.unikin.ac.cd/uploads/import/images/63832_bisous-bisous-1.jpg]
[www.unikin.ac.cd/uploads/import/images/63808_Yandju-manioc-1.jpg]
[www.unikin.ac.cd/activites-du-sgr.html]
[www.unikin.ac.cd/uploads/import/images/63203_Prof-Lapika.jpg]
[www.unikin.ac.cd/uploads/import/images/59858_bruno-lapika-et-Antoine-Tshimpi.jpg]
[www.unikin.ac.cd/activites-du-sgad.html]
[www.unikin.ac.cd/wp-content/uploads/2025/05/IMG_20250423_143121_7-2.jpg]
[www.unikin.ac.cd/uploads/import/images/58259_la-femme-4.jpg]
[www.unikin.ac.cd/uploads/import/images/58041_MG_0217.jpg]
[www.unikin.ac.cd/uploads/import/images/58038_MG_0355.jpg]
[www.unikin.ac.cd/activites-de-l-ab.html]
[www.unikin.ac.cd/uploads/import/images/63669_trophe-de-la-masculiite-positive.jpg]
[www.unikin.ac.cd/articles.html]
[www.unikin.ac.cd/uploads/content/slider/20260514_191956_41984b3a.jpg]
[www.unikin.ac.cd/centre-et-instituts-de-recherche.html]
[www.unikin.ac.cd/uploads/content/slider/20260418_063056_073a33c6.png]
[www.unikin.ac.cd/nos-theses.html]
[www.unikin.ac.cd/assets/og/facultes-et-entites.png]
[www.unikin.ac.cd/uploads/content/entities/20260217_110231_220b9144.jpg]
[www.unikin.ac.cd/uploads/content/entities/20260217_100934_3914a3d3.png]
[www.unikin.ac.cd/uploads/content/entities/20260217_101610_3310f17c.jpg]
[www.unikin.ac.cd/uploads/content/entities/20260217_102056_7b007fd7.jpg]
[www.unikin.ac.cd/uploads/content/entities/20260217_102753_64a5e58a.jpg]
[www.unikin.ac.cd/uploads/content/entities/20260217_103252_6cd754d7.png]
[www.unikin.ac.cd/uploads/content/entities/20260217_103536_a3c3b069.png]
[www.unikin.ac.cd/uploads/content/entities/20260217_104315_26eb7e00.webp]
[www.unikin.ac.cd/uploads/content/entities/20260217_104516_50729c3c.jpg]
[www.unikin.ac.cd/uploads/content/entities/20260217_104915_3727a603.jpg]
[www.unikin.ac.cd/uploads/content/entities/20260217_105122_ca1babf3.jpg]
[www.unikin.ac.cd/uploads/content/entities/20260217_105529_5102b067.jpg]
[www.unikin.ac.cd/uploads/content/entities/20260217_105744_8f9f3900.jpg]
[www.unikin.ac.cd/uploads/content/entities/20260217_110021_9cb46ddb.png]
[www.unikin.ac.cd/uploads/content/entities/20260217_110414_6ab16f1e.webp]
[www.unikin.ac.cd/uploads/content/entities/20260217_110626_a3293cb7.jpg]
[www.unikin.ac.cd/uploads/content/entities/20260217_110830_cd684054.jpg]
[www.unikin.ac.cd/facultes-et-entites.html]
[www.unikin.ac.cd/bibliotheques.html]
[www.unikin.ac.cd/comment-reussir-ses-etudes.html]
[www.unikin.ac.cd/radio-campus-alma-mater.html]
[www.unikin.ac.cd/musee/images/favicon/apple-touch-icon.png]
[www.unikin.ac.cd/musee/images/favicon/favicon-32x32.png]
[www.unikin.ac.cd/musee/images/favicon/favicon-16x16.png]
[www.unikin.ac.cd/musee/images/favicon/android-chrome-192x192.png]
[www.unikin.ac.cd/musee/images/favicon/android-chrome-512x512.png]
[www.unikin.ac.cd/musee/images/collection/collection-4-1.jpg]
[www.unikin.ac.cd/musee/images/resources/light-logo.png]
[www.unikin.ac.cd/musee/leboss/docum/66116a49138301920_1_B.jpg]
[www.unikin.ac.cd/musee/leboss/docum/66116abb329cf1920_2_A.jpg]
[www.unikin.ac.cd/musee/images/resources/370x320_1.jpg]
[www.unikin.ac.cd/musee/images/resources/370x320_2.jpg]
[www.unikin.ac.cd/musee/leboss/docum/6611acd8435ffobjet_defense.jpg]
[www.unikin.ac.cd/musee/leboss/docum/6611ae6a35c23image_1_c.jpg]
[www.unikin.ac.cd/musee/leboss/docum/661204385cfbeexpo_pierre.jpg]
[www.unikin.ac.cd/musee/images/resources/footer-logo-1-1.png]
[www.unikin.ac.cd/musee/images/resources/dark-logo.png]
[www.unikin.ac.cd/musee/js/jquery.min.js]
[www.unikin.ac.cd/musee/js/bootstrap.bundle.min.js]
[www.unikin.ac.cd/musee/js/bootstrap-datepicker.min.js]
[www.unikin.ac.cd/musee/js/bootstrap-select.min.js]
[www.unikin.ac.cd/musee/js/isotope.js]
[www.unikin.ac.cd/musee/js/jquery.counterup.min.js]
[www.unikin.ac.cd/musee/js/jquery.magnific-popup.min.js]
[www.unikin.ac.cd/musee/js/jquery.validate.min.js]
[www.unikin.ac.cd/musee/js/owl.carousel.min.js]
[www.unikin.ac.cd/musee/js/TweenMax.min.js]
[www.unikin.ac.cd/musee/js/waypoints.min.js]
[www.unikin.ac.cd/musee/js/wow.min.js]
[www.unikin.ac.cd/musee/js/jquery.mCustomScrollbar.concat.min.js]
[www.unikin.ac.cd/musee/js/nouislider.js]
[www.unikin.ac.cd/musee/js/jquery.bootstrap-touchspin.min.js]
[www.unikin.ac.cd/musee/js/theme.js]
[www.unikin.ac.cd/musee/index.html]
[www.unikin.ac.cd/faculte-de-medecine-dentaire-de-l-unikin-une-soutenance-historique-pour-la-recherche-scientifique.html]
[www.unikin.ac.cd/le-recteur-jean-marie-kayembe-ntumba-inaugure-un-centre-d-excellence-pour-la-formation-en-endoscopie-a-la-faculte-de-medecine.html]
[www.unikin.ac.cd/esther-takubila-pemba-kusu-elevee-au-grade-de-docteur-avec-la-plus-grande-distinction.html]
[www.unikin.ac.cd/unikin-grece-une-nouvelle-dynamique-de-cooperation-universitaire-se-dessine.html]
[www.unikin.ac.cd/le-recteur-jean-marie-kayembe-ntumba-recoit-une-delegation-de-l-universite-jain-de-l-inde-pour-renforcer-la-cooperation-academique.html]
[www.unikin.ac.cd/oipr/public/frontend/images/icon.png]
[www.unikin.ac.cd/oipr/public/frontend/images/short_logo.png]
[www.unikin.ac.cd/oipr/public/frontend/images/logoOIPR.png]
[www.unikin.ac.cd/oipr/public/frontend/images/unikin.png]
[www.unikin.ac.cd/oipr/public/frontend/images/icon/staff.png]
[www.unikin.ac.cd/oipr/public/frontend/images/icon/expense.png]
[www.unikin.ac.cd/oipr/public/uploads/users_images/thumbnails/1760855821.png]
[www.unikin.ac.cd/oipr/public/uploads/users_images/thumbnails/1724847485.jpg]
[www.unikin.ac.cd/oipr/public/uploads/users_images/thumbnails/1744482145.jpg]
[www.unikin.ac.cd/oipr/public/uploads/users_images/thumbnails/1747087635.jpg]
[www.unikin.ac.cd/oipr/public/uploads/users_images/thumbnails/default.jpg]
[www.unikin.ac.cd/oipr/public/uploads/users_images/thumbnails/1718647638.png]
[www.unikin.ac.cd/oipr/public/frontend/plugins/jquery/jquery.min.js]
[www.unikin.ac.cd/oipr/public/frontend/plugins/bootstrap/js/popper.min.js]
[www.unikin.ac.cd/oipr/public/frontend/plugins/bootstrap/js/bootstrap.min.js]
[www.unikin.ac.cd/oipr/public/frontend/js/perfect-scrollbar.jquery.min.js]
[www.unikin.ac.cd/oipr/public/frontend/js/waves.js]
[www.unikin.ac.cd/oipr/public/frontend/js/sidebarmenu.js]
[www.unikin.ac.cd/oipr/public/frontend/plugins/sticky-kit-master/dist/sticky-kit.min.js]
[www.unikin.ac.cd/oipr/public/frontend/plugins/sparkline/jquery.sparkline.min.js]
[www.unikin.ac.cd/oipr/public/frontend/plugins/moment/moment.js]
[www.unikin.ac.cd/oipr/public/frontend/plugins/footable/js/footable.min.js]
[www.unikin.ac.cd/oipr/public/frontend/js/custom.min.js]
[www.unikin.ac.cd/oipr/public/frontend/plugins/toast-master/js/jquery.toast.js]
[www.unikin.ac.cd/oipr/public/frontend/plugins/styleswitcher/jQuery.style.switcher.js]
[www.unikin.ac.cd/oipr/index.html]
[www.unikin.ac.cd/uploads/content/documents/20260711_042213_985d4481.pdf]
[www.unikin.ac.cd/echos-de-la-colline-inspiree-universite-de-kinshasa-n-4-avril-2026.html]
[www.unikin.ac.cd/uploads/content/documents/20260512_101154_b6c618f8.pdf]
[www.unikin.ac.cd/echos-de-la-colline-inspiree-ensemble-faisons-de-notre-universite-un-levier-de-transformation-par-la-recherche-l-innovation-et-le-developpement.html]
[www.unikin.ac.cd/uploads/content/documents/20260320_064713_ba7f9e98.pdf]
[www.unikin.ac.cd/revue-unikin-fevrier-2026-intitule-echos-de-la-colline-inspiree.html]
[www.unikin.ac.cd/uploads/content/documents/20260225_053646_3470778d.pdf]
[www.unikin.ac.cd/bulletin-institutionnel-echos-de-la-colline-inspiree-1er-numero.html]
[www.unikin.ac.cd/une-centrale-a-effet-vortex-developpee-a-l-unikin-une-innovation-prometteuse-au-service-de-l-electrification-de-la-rdc.html]
[www.unikin.ac.cd/madame-sandrine-ngalula-mubenga-brevetee-aux-etats-unis-lunikin-a-lhonneur.html]
[www.unikin.ac.cd/des-etudiants-de-la-faculte-des-sciences-pharmaceutiques-fabriquent-la-creme-perfecto-pouvant-soigner-les-acnes-les-vergetures-et-les-taches-cutanees.html]
[www.unikin.ac.cd/le-projet-cerebro-de-lir-pierre-sedi-vient-de-remporter-le-1er-prix-a-la-premiere-edition-de-la-competition-africaine-des-jeunes-en-intelligence-artificielle-et-robotique.html]
[www.unikin.ac.cd/unite-de-recherche-de-bioecologie-et-lutte-antivectorielle-biolav.html]
[www.unikin.ac.cd/un-etudiant-de-polytech-propose-une-solution-innovante-a-1-million-usd-pour-lelectrification-rurale.html]
[www.unikin.ac.cd/wp-content/uploads/2023/01/unikin_savon_alcool-1.jpg]
[www.unikin.ac.cd/une-delegation-detudiants-de-la-faculte-des-sciences-venus-presenter-leurs-oeuvres-desprit.html]
[www.unikin.ac.cd/wp-content/uploads/2023/01/biodegradable_unikin-1.jpg]
[www.unikin.ac.cd/des-emballages-biodegradables-en-papier-oeuvres-des-etudiants-de-la-faculte-des-sciences-economiques.html]
[www.unikin.ac.cd/wp-content/uploads/2022/12/crebac-2.jpg]
[www.unikin.ac.cd/atelier-des-scientifiques-et-des-experts-des-ressources-en-eau-sur-la-validation-des-curricula-des-specialisations-du-programme-de-master-en-ressources-en-eau.html]
[www.unikin.ac.cd/partenariat-scientifique.html]
[www.unikin.ac.cd/uploads/content/slider/20260515_223454_75f2bc62.jpg]
[www.unikin.ac.cd/uploads/content/documents/20260515_223052_f07897d6.pdf]
[www.unikin.ac.cd/quatrieme-congres-international-sur-le-strategies-et-enjeux-du-developpement-durable-cisedd4.html]
[www.unikin.ac.cd/futuris.html]
[www.unikin.ac.cd/uploads/content/slider/20260512_193256_805e7c06.jpg]
[www.unikin.ac.cd/uploads/content/documents/20260512_193147_cd396cac.pdf]
[www.unikin.ac.cd/wp-content/uploads/2023/08/ALMA.jpg]
[www.unikin.ac.cd/wp-content/uploads/2022/02/LMD-unikin.jpg]
[www.unikin.ac.cd/fcoi-policy.html]
[www.unikin.ac.cd/en/diplomes.html]
[www.unikin.ac.cd/en/inscriptions.html]
[www.unikin.ac.cd/en/plan-strategique-de-lunikin-horizon-2023-2028.html]
[www.unikin.ac.cd/en/in-memoriam.html]
[www.unikin.ac.cd/en/les-revues.html]
[www.unikin.ac.cd/en/universite/index.html]
[www.unikin.ac.cd/en/presentation-de-lunikin.html]
[www.unikin.ac.cd/en/les-organes-de-lunikin.html]
[www.unikin.ac.cd/en/conseil-de-luniversite.html]
[www.unikin.ac.cd/en/comite-de-gestion.html]
[www.unikin.ac.cd/en/conseil-de-faculte.html]
[www.unikin.ac.cd/en/conseil-de-departement.html]
[www.unikin.ac.cd/en/textes-legaux-et-reglementaires-de-lesu.html]
[www.unikin.ac.cd/en/membre-comite-gestion.html]
[www.unikin.ac.cd/en/actualites.html]
[www.unikin.ac.cd/en/activites-du-recteur.html]
[www.unikin.ac.cd/en/activites-du-sgac.html]
[www.unikin.ac.cd/en/activites-du-sgr.html]
[www.unikin.ac.cd/en/activites-du-sgad.html]
[www.unikin.ac.cd/en/activites-de-l-ab.html]
[www.unikin.ac.cd/en/articles.html]
[www.unikin.ac.cd/en/centre-et-instituts-de-recherche.html]
[www.unikin.ac.cd/en/nos-theses.html]
[www.unikin.ac.cd/en/facultes-et-entites.html]
[www.unikin.ac.cd/en/bibliotheques.html]
[www.unikin.ac.cd/en/comment-reussir-ses-etudes.html]
[www.unikin.ac.cd/en/radio-campus-alma-mater.html]
[www.unikin.ac.cd/en/faculte-de-medecine-dentaire-de-l-unikin-une-soutenance-historique-pour-la-recherche-scientifique.html]
[www.unikin.ac.cd/en/le-recteur-jean-marie-kayembe-ntumba-inaugure-un-centre-d-excellence-pour-la-formation-en-endoscopie-a-la-faculte-de-medecine.html]
[www.unikin.ac.cd/en/esther-takubila-pemba-kusu-elevee-au-grade-de-docteur-avec-la-plus-grande-distinction.html]
[www.unikin.ac.cd/en/unikin-grece-une-nouvelle-dynamique-de-cooperation-universitaire-se-dessine.html]
[www.unikin.ac.cd/en/le-recteur-jean-marie-kayembe-ntumba-recoit-une-delegation-de-l-universite-jain-de-l-inde-pour-renforcer-la-cooperation-academique.html]
[www.unikin.ac.cd/en/echos-de-la-colline-inspiree-universite-de-kinshasa-n-4-avril-2026.html]
[www.unikin.ac.cd/en/echos-de-la-colline-inspiree-ensemble-faisons-de-notre-universite-un-levier-de-transformation-par-la-recherche-l-innovation-et-le-developpement.html]
[www.unikin.ac.cd/en/revue-unikin-fevrier-2026-intitule-echos-de-la-colline-inspiree.html]
[www.unikin.ac.cd/en/bulletin-institutionnel-echos-de-la-colline-inspiree-1er-numero.html]
[www.unikin.ac.cd/en/une-centrale-a-effet-vortex-developpee-a-l-unikin-une-innovation-prometteuse-au-service-de-l-electrification-de-la-rdc.html]
[www.unikin.ac.cd/en/madame-sandrine-ngalula-mubenga-brevetee-aux-etats-unis-lunikin-a-lhonneur.html]
[www.unikin.ac.cd/en/des-etudiants-de-la-faculte-des-sciences-pharmaceutiques-fabriquent-la-creme-perfecto-pouvant-soigner-les-acnes-les-vergetures-et-les-taches-cutanees.html]
[www.unikin.ac.cd/wp-content/uploads/2024/12/polytech_refrigetrateur-1.jpg]
[www.unikin.ac.cd/en/des-etudiants-de-la-faculte-polytechnique-de-lunikin-fabriquent-un-refrigerateur-a-partir-dune-glaciere-et-des-cables-electriques-recycles.html]
[www.unikin.ac.cd/en/le-projet-cerebro-de-lir-pierre-sedi-vient-de-remporter-le-1er-prix-a-la-premiere-edition-de-la-competition-africaine-des-jeunes-en-intelligence-artificielle-et-robotique.html]
[www.unikin.ac.cd/en/unite-de-recherche-de-bioecologie-et-lutte-antivectorielle-biolav.html]
[www.unikin.ac.cd/en/un-etudiant-de-polytech-propose-une-solution-innovante-a-1-million-usd-pour-lelectrification-rurale.html]
[www.unikin.ac.cd/en/une-delegation-detudiants-de-la-faculte-des-sciences-venus-presenter-leurs-oeuvres-desprit.html]
[www.unikin.ac.cd/en/des-emballages-biodegradables-en-papier-oeuvres-des-etudiants-de-la-faculte-des-sciences-economiques.html]
[www.unikin.ac.cd/en/atelier-des-scientifiques-et-des-experts-des-ressources-en-eau-sur-la-validation-des-curricula-des-specialisations-du-programme-de-master-en-ressources-en-eau.html]
[www.unikin.ac.cd/en/partenariat-scientifique.html]
[www.unikin.ac.cd/uploads/content/slider/20260714_164735_3144351e.jpg]
[www.unikin.ac.cd/wp-content/uploads/2025/04/trophe-de-la-masculiite-positive.jpg]
[www.unikin.ac.cd/wp-content/uploads/2025/04/chapiteau.jpg]
[www.unikin.ac.cd/wp-content/uploads/2022/09/UNIKIN-2.jpg]
[www.unikin.ac.cd/le-recteur-jean-marie-kayembe-ntumba-lance-la-deuxieme-edition-du-festival-national-des-hommes-de-lettres.html]
[www.unikin.ac.cd/uploads/content/slider/20260712_052822_28aebdee.jpg]
[www.unikin.ac.cd/uploads/content/slider/20260712_052822_54588635.jpg]
[www.unikin.ac.cd/uploads/content/slider/20260712_052822_e44f505a.jpg]
[www.unikin.ac.cd/uploads/content/slider/20260506_064112_d1f1f86c.jpg]
[www.unikin.ac.cd/l-unikin-au-11th-international-symposium-for-cooperation-on-infectious-diseases.html]
[www.unikin.ac.cd/facultes-et-entites/index.html]
[www.unikin.ac.cd/polytechnic-skills-lexcellence-et-linnovation-des-futurs-ingenieurs-de-lunikin.html]
[www.unikin.ac.cd/wp-content/uploads/2025/03/rebellion.jpg]
[www.unikin.ac.cd/les-rebellions-armees-dans-lhistoire-contemporaine-du-congo.html]
[www.unikin.ac.cd/wp-content/uploads/2024/11/Le-Salon-des-sciences-6.jpg]
[www.unikin.ac.cd/wp-content/uploads/2024/11/Le-Salon-des-sciences-7.jpg]
[www.unikin.ac.cd/wp-content/uploads/2024/11/Le-Salon-des-sciences-8.jpg]
[www.unikin.ac.cd/wp-content/uploads/2024/11/Le-Salon-des-sciences-9.jpg]
[www.unikin.ac.cd/wp-content/uploads/2024/11/Le-Salon-des-sciences-10.jpg]
[www.unikin.ac.cd/wp-content/uploads/2024/11/Le-Salon-des-sciences-11.jpg]
[www.unikin.ac.cd/wp-content/uploads/2024/11/Le-Salon-des-sciences-12.jpg]
[www.unikin.ac.cd/wp-content/uploads/2024/11/Le-Salon-des-sciences-13.jpg]
[www.unikin.ac.cd/wp-content/uploads/2024/11/Le-Salon-des-sciences-14.jpg]
[www.unikin.ac.cd/wp-content/uploads/2024/11/Le-Salon-des-sciences-15.jpg]
[www.unikin.ac.cd/wp-content/uploads/2024/11/Le-Salon-des-sciences-1.jpg]
[www.unikin.ac.cd/wp-content/uploads/2024/11/Le-Salon-des-sciences-1-1.jpg]
[www.unikin.ac.cd/wp-content/uploads/2024/11/Le-Salon-des-sciences-2.jpg]
[www.unikin.ac.cd/wp-content/uploads/2024/11/Le-Salon-des-sciences-3.jpg]
[www.unikin.ac.cd/wp-content/uploads/2024/11/Le-Salon-des-sciences-4.jpg]
[www.unikin.ac.cd/wp-content/uploads/2024/11/Le-Salon-des-sciences-5.jpg]
[www.unikin.ac.cd/le-salon-des-sciences-des-technologies-et-des-innovations-environnementales-pour-le-developpement-durable-du-26-au-28-novembre-2024.html]
[www.unikin.ac.cd/wp-content/uploads/2024/10/Masaicisme-genetique-et-maladies-Humaines.jpg]
[www.unikin.ac.cd/seminaire-scientifique-sur-le-mosaicisme-genetique-et-ses-implications-dans-les-maladies-humaines.html]
[www.unikin.ac.cd/wp-content/uploads/2025/05/Prof-MBUYAMBA.jpg]
[www.unikin.ac.cd/wp-content/uploads/2025/05/1033712.pdf]
[www.unikin.ac.cd/un-de-derniers-articles-ou-le-prof-jr-mbuyamba-etait-co-auteur.html]
[www.unikin.ac.cd/wp-content/uploads/2023/09/hommage_Professeur-Emerite-LUFUMA.jpg]
[www.unikin.ac.cd/wp-content/uploads/2023/08/Professeur-Emerite-Gaston-1.jpg]
[www.unikin.ac.cd/wp-content/uploads/2023/07/Professeur-Emerite-Pascal-PAYANZO-2.jpg]
[www.unikin.ac.cd/la-communaute-universitaire-dit-adieu-au-professeur-emerite-lufuma-lwa-nkandi.html]
[www.unikin.ac.cd/wp-content/uploads/2023/08/Professeur-Emerite-Gaston-2.jpg]
[www.unikin.ac.cd/luniversite-de-kinshasa-rend-hommage-au-professeur-emerite-gaston-kalambayi-lumpungu.html]
[www.unikin.ac.cd/wp-content/uploads/2023/07/HOMMAGE-AU-PROFESSEUR-EMERITE-PASCAL-PAYANZO.pdf]
[www.unikin.ac.cd/la-communaute-universitaire-de-lunikin-rend-hommage-au-professeur-emerite-pascal-payanzo.html]
[www.unikin.ac.cd/in-memoriam-nestor-pakasa-muyulu-dugogi.html]
[www.unikin.ac.cd/professeur-jacob-sabakinu-kivilu.html]
[www.unikin.ac.cd/wp-content/uploads/2021/01/sabakinu.html]
[cdn.jsdelivr.net/npm/bootstrap@5.3.0/dist/css/bootstrap.min.css]
[cdnjs.cloudflare.com/ajax/libs/font-awesome/6.4.0/css/all.min.css]
[www.unikin.ac.cd/alumni/search/advanced.html]
[www.unikin.ac.cd/alumni/login.html]
[www.unikin.ac.cd/alumni/register.html]
[www.unikin.ac.cd/alumni/associations.html]
[www.unikin.ac.cd/alumni/alumni.html]
[www.unikin.ac.cd/alumni/opportunities.html]
[www.unikin.ac.cd/alumni/events.html]
[www.unikin.ac.cd/alumni/news.html]
[www.unikin.ac.cd/alumni/contact.html]
[www.unikin.ac.cd/alumni/events/3.html]
[www.unikin.ac.cd/alumni/associations/14.html]
[www.unikin.ac.cd/alumni/associations/1.html]
[www.unikin.ac.cd/alumni/associations/2.html]
[www.unikin.ac.cd/alumni/about.html]
[www.unikin.ac.cd/alumni/mentoring.html]
[www.unikin.ac.cd/alumni/scholarships.html]
[www.unikin.ac.cd/alumni/training.html]
[www.unikin.ac.cd/uploads/content/comite-de-gestion/20260211_065652_bccd7a95.jpg]
[www.unikin.ac.cd/uploads/content/slider/20260331_105547_9da460e7.jpg]
[www.unikin.ac.cd/uploads/content/slider/20260331_104915_c87b7dba.jpg]
[www.unikin.ac.cd/uploads/content/slider/20260326_031505_7f5de98e.jpg]
[www.unikin.ac.cd/uploads/content/slider/20260317_071502_a1ab1eef.jpg]
[www.unikin.ac.cd/actualites4658.html]
[www.unikin.ac.cd/atelier-de-formation-organise-dans-le-cadre-de-la-1-edition-des-doctorales-de-l-universite-de-kinshasa.html]
[www.unikin.ac.cd/uploads/content/slider/20260702_155743_0232efb6.jpg]
[www.unikin.ac.cd/le-chef-de-travaux-pongo-osomba-w-omatete-leopold-defend-sa-these-de-doctorat-en-sciences-economiques-ce-jeudi-a-l-universite-de-kinshasa.html]
[www.unikin.ac.cd/le-recteur-jean-marie-kayembe-ntumba-signe-la-declaration-de-kinshasa-document-final-sanctionnant-les-recommandations-des-travaux-du-colloque-de-l-esursi.html]
[www.unikin.ac.cd/le-directeur-general-de-cdc-afrique-recu-ce-mardi-par-le-recteur-jean-marie-kayembe-cap-sur-un-partenariat-strategique.html]
[www.unikin.ac.cd/wp-content/uploads/2025/12/FORMATION-CERTIFIEE.jpg]
[www.unikin.ac.cd/wp-content/uploads/2025/10/unikin.jpg]
[www.unikin.ac.cd/wp-content/uploads/2025/05/IT-zone.jpg]
[www.unikin.ac.cd/session-speciale-de-vacances-au-centre-confucius-de-l-unikin.html]
[www.unikin.ac.cd/uploads/content/slider/20260615_100234_d2d42f68.jpg]
[www.unikin.ac.cd/cafe-geoscientifique-2026-reflexion-sur-les-enjeux-et-opportunites-du-secteur-minier-en-rdc.html]
[www.unikin.ac.cd/uploads/content/slider/20260615_095848_cb2f0722.jpg]
[www.unikin.ac.cd/uploads/content/slider/20260615_095848_b67230fa.jpg]
[www.unikin.ac.cd/uploads/content/slider/20260615_095848_1dcaee0a.jpg]
[www.unikin.ac.cd/premiere-edition-d-une-simulation-du-sommet-des-chefs-d-etat-et-de-gouvernement.html]
[www.unikin.ac.cd/uploads/content/documents/20260605_103332_590ac904.pdf]
[www.unikin.ac.cd/culture-de-la-paix-et-sauvegarde-du-patrimoine-universitaire-l-unikin-renforce-sa-collaboration-avec-l-unesco.html]
[www.unikin.ac.cd/uploads/content/slider/20260601_160524_1a963f79.jpg]
[www.unikin.ac.cd/le-recteur-jean-marie-kayembe-ntumba-porte-un-message-de-paix-dans-les-facultes-apres-les-incidents-lies-aux-elections-estudiantines.html]
[www.unikin.ac.cd/uploads/content/slider/20260526_151620_771e88b0.jpg]
[www.unikin.ac.cd/erosions-a-l-unikin-le-recteur-jean-marie-kayembe-ntumba-appelle-a-une-mobilisation-collective.html]
[www.unikin.ac.cd/uploads/content/slider/20260522_083527_c3cdadfb.jpg]
[www.unikin.ac.cd/unikin-le-projet-international-igcp-774-officiellement-lance-a-kinshasa.html]
[www.unikin.ac.cd/uploads/content/slider/20260309_130737_00ba1d96.jpg]
[www.unikin.ac.cd/uploads/content/slider/20260305_084905_9f212630.jpg]
[www.unikin.ac.cd/uploads/content/slider/20260310_113703_c45a055e.jpg]
[www.unikin.ac.cd/uploads/content/slider/20260227_155950_5164d2be.jpg]
[www.unikin.ac.cd/uploads/content/slider/20260223_155831_07d13c0b.jpg]
[www.unikin.ac.cd/uploads/content/slider/20260223_140350_5b7fd54a.jpg]
[www.unikin.ac.cd/uploads/content/slider/20260219_104856_512bbca3.jpg]
[www.unikin.ac.cd/wp-content/uploads/2026/02/IMG_0026.JPG-scaled.jpg]
[www.unikin.ac.cd/wp-content/uploads/2026/02/WhatsApp-Image-2026-02-05-at-07.33.27.jpg]
[www.unikin.ac.cd/uploads/content/slider-actualites-prix-distinction/20260213_061457_496cc9a4.jpg]
[www.unikin.ac.cd/uploads/content/slider-actualites/20260213_061217_27587c50.jpg]
[www.unikin.ac.cd/uploads/content/slider/20260213_050138_5e3b0251.jpg]
[www.unikin.ac.cd/uploads/content/slider-actualites/20260127_144439_537fd37d.jpg]
[www.unikin.ac.cd/uploads/import/images/65240_WhatsApp-Image-2025-12-23-at-3.14.05-PM.jpg]
[www.unikin.ac.cd/actualites9ba9.html]
[www.unikin.ac.cd/uploads/import/images/65233_WhatsApp-Image-2025-12-22-at-17.43.59.jpg]
[www.unikin.ac.cd/wp-content/uploads/2025/12/COMMUNAUTAIRE-2.png]
[www.unikin.ac.cd/uploads/import/images/65224_WhatsApp-Image-2025-12-22-at-05.43.15.jpg]
[www.unikin.ac.cd/uploads/import/images/64726_1756797444658.jpg]
[www.unikin.ac.cd/uploads/import/images/65161_WhatsApp-Image-2025-12-06-at-02.58.05.jpg]
[www.unikin.ac.cd/uploads/import/images/65135_Jmk_russie.jpg]
[www.unikin.ac.cd/uploads/import/images/65130_Jean-Marie-Kayembe-univ-lumumba.jpg]
[www.unikin.ac.cd/uploads/import/images/65127_Jean-marie-Kayembe-MOSCOU.jpg]
[www.unikin.ac.cd/uploads/import/images/65122_Jean-marie-Kayembe-Honoris-CAUSA.jpg]
[www.unikin.ac.cd/activites-du-recteur4658.html]
[www.unikin.ac.cd/uploads/content/slider/20260506_175424_423f7e64.jpg]
[www.unikin.ac.cd/de-graves-erosions-apres-une-pluie-diluvienne-l-universite-de-kinshasa-durement-touchee.html]
[www.unikin.ac.cd/unikin-universite-de-wuhan-un-partenariat-strategique-scelle-en-chine-pour-la-numerisation.html]
[www.unikin.ac.cd/uploads/content/documents/20260427_103458_b24d6e65.pdf]
[www.unikin.ac.cd/l-universite-de-kinshasa-classee-parmi-les-50-meilleures-institutions-africaines-en-2026.html]
[www.unikin.ac.cd/un-nouvel-ascenseur-apres-50-ans-symbole-de-modernisation-et-d-engagement-du-comite-de-gestion-de-l-universite-de-kinshasa.html]
[www.unikin.ac.cd/succes-de-la-journee-internationale-des-forets-2026-a-l-universite-de-kinshasa-plus-de-2-000-participants-mobilises.html]
[www.unikin.ac.cd/65-anniversaire-du-vol-de-youri-gagarine-une-celebration-scientifique-et-diplomatique-a-l-universite-de-kinshasa.html]
[www.unikin.ac.cd/rdc-lancement-de-la-conference-nationale-sur-des-infrastructures-durables-et-innovantes.html]
[www.unikin.ac.cd/a-l-unikin-des-femmes-pionnieres-celebrees-avec-eclat.html]
[www.unikin.ac.cd/les-femmes-de-l-unikin-mobilisees-pour-la-salubrite-du-campus-a-l-occasion-de-la-cloture-du-mois-de-la-femme-2026.html]
[www.unikin.ac.cd/le-recteur-jean-marie-kayembe-ntumba-devoile-des-panneaux-de-sensibilisation-pour-promouvoir-l-assainissement-du-campus.html]
[www.unikin.ac.cd/uploads/import/images/65104_Jean-marie-Kayembe-Unesco.jpg]
[www.unikin.ac.cd/uploads/import/images/65101_WhatsApp-Image-2025-11-20-at-21.44.13.jpg]
[www.unikin.ac.cd/uploads/import/images/65096_WhatsApp-Image-2025-11-19-at-11.18.00.jpg]
[www.unikin.ac.cd/uploads/import/images/65092_WhatsApp-Image-2025-11-20-at-04.01.16-1.jpg]
[www.unikin.ac.cd/uploads/import/images/64953_WhatsApp-Image-2025-10-28-at-18.16.56.jpg]
[www.unikin.ac.cd/wp-content/uploads/2025/11/Erosion-2.jpg]
[www.unikin.ac.cd/wp-content/uploads/2025/11/IMG_1168.jpg]
[www.unikin.ac.cd/wp-content/uploads/2025/11/KAM.jpg]
[www.unikin.ac.cd/uploads/import/images/64925_WhatsApp-Image-2025-10-23-at-05.54.07-1.jpg]
[www.unikin.ac.cd/wp-content/uploads/2025/10/1761044405700.png]
[www.unikin.ac.cd/uploads/import/images/64872_WhatsApp-Image-2025-10-20-at-17.08.07.jpg]
[www.unikin.ac.cd/wp-content/uploads/2025/10/IMG_4892.jpg]
[www.unikin.ac.cd/uploads/import/images/64863_WhatsApp-Image-2025-10-17-at-10.39.12.jpg]
[www.unikin.ac.cd/wp-content/uploads/2025/10/1760433919944.png]
[www.unikin.ac.cd/uploads/import/images/64767_WhatsApp-Image-2025-09-08-at-13.51.26.jpg]
[www.unikin.ac.cd/uploads/import/images/64729_socop.jpg]
[www.unikin.ac.cd/uploads/import/images/64725_1756800765901.jpg]
[www.unikin.ac.cd/uploads/import/images/64709_recteur-Pologne.jpg]
[www.unikin.ac.cd/wp-content/uploads/2025/08/1756134944908.png]
[www.unikin.ac.cd/uploads/import/images/64690_unikin-Mbuji-Mayi.jpg]
[www.unikin.ac.cd/activites-du-recteur9ba9.html]
[www.unikin.ac.cd/uploads/import/images/63718_SELECT2.jpg]
[www.unikin.ac.cd/uploads/import/images/63661_CTA-international.jpg]
[www.unikin.ac.cd/uploads/import/images/61929_banza-signature.jpg]
[www.unikin.ac.cd/uploads/import/images/61420_Fc.jpg]
[www.unikin.ac.cd/uploads/import/images/60628_Eustache-banza.jpg]
[www.unikin.ac.cd/uploads/import/images/58000_IMG_0323.jpg]
[www.unikin.ac.cd/activites-du-sgac4658.html]
[www.unikin.ac.cd/jean-lucien-bussa-tongba-obtient-son-doctorat-avec-la-plus-grande-distinction-grace-a-une-these-sur-le-commerce-international-et-la-croissance-en-rdc.html]
[www.unikin.ac.cd/wp-content/uploads/2025/09/1757426499005.jpg]
[www.unikin.ac.cd/wp-content/uploads/2025/12/UNIKIN-etudiants-etrangers-2025-2026.pdf]
[www.unikin.ac.cd/liste-des-etudiants-etrangers-pour-lannee-academique-2025-2026.html]
[www.unikin.ac.cd/wp-content/uploads/2025/12/WhatsApp-Image-2025-12-15-a-18.42.47_37d2b1af.jpg]
[www.unikin.ac.cd/wp-content/uploads/2025/12/WhatsApp-Image-2025-12-15-a-18.42.47_90ce63f4.jpg]
[www.unikin.ac.cd/wp-content/uploads/2025/12/WhatsApp-Image-2025-12-15-a-18.42.47_e70e7458.jpg]
[www.unikin.ac.cd/wp-content/uploads/2025/12/IMG_4026-min.jpg]
[www.unikin.ac.cd/ceremonie-de-remise-et-reprise-au-senat-de-lunikin-une-nouvelle-equipe-investie.html]
[www.unikin.ac.cd/wp-content/uploads/2025/12/AAAA.jpg]
[www.unikin.ac.cd/le-recteur-de-lunikin-constate-lavancee-timide-des-travaux-post-intemperies-au-plateau-des-professeurs.html]
[www.unikin.ac.cd/wp-content/uploads/2025/12/IMG-20251122-WA0044-okay.jpg]
[www.unikin.ac.cd/wp-content/uploads/2025/12/IMG-20251122-WA0149-ok2-300x200.jpg]
[www.unikin.ac.cd/wp-content/uploads/2025/12/IMG-20251122-WA0149-ok2.jpg]
[www.unikin.ac.cd/wp-content/uploads/2025/11/WhatsApp-Image-2025-11-06-at-19.19.54.jpg]
[www.unikin.ac.cd/wp-content/uploads/2025/07/R.jpg]
[www.unikin.ac.cd/supervision-de-lancement-des-travaux-durgence-pour-sauver-le-plateau-des-professeurs-de-luniversite-de-kinshasa-unikin-par-les-ministres-john-banza-lunda-infrastructures-et-profe.html]
[www.unikin.ac.cd/inscription-a-luniversite-de-kinshasa-unikin-pour-lannee-academique-2025-2026.html]
[www.unikin.ac.cd/wp-content/uploads/2025/10/WhatsApp-Image-2025-10-28-at-18.50.37.jpg]
[www.unikin.ac.cd/wp-content/uploads/2025/10/WhatsApp-Image-2025-10-28-at-18.50.38-300x225.jpg]
[www.unikin.ac.cd/wp-content/uploads/2025/10/WhatsApp-Image-2025-10-28-at-18.50.38.jpg]
[www.unikin.ac.cd/reunion-de-travail-entre-monsieur-le-secretaire-general-academique-charles-odiko-et-les-informaticiens-de-luniversite-de-kinshasa.html]
[www.unikin.ac.cd/wp-content/uploads/2025/10/photo.jpg]
[www.unikin.ac.cd/wp-content/uploads/2025/10/WhatsApp-Image-2025-10-28-at-18.16.56-200x300.jpg]
[www.unikin.ac.cd/wp-content/uploads/2025/10/WhatsApp-Image-2025-10-28-at-18.17.00-300x200.jpg]
[www.unikin.ac.cd/wp-content/uploads/2025/10/WhatsApp-Image-2025-10-28-at-18.17.00.jpg]
[www.unikin.ac.cd/wp-content/uploads/2025/10/WhatsApp-Image-2025-10-28-at-18.17.02.jpg]
[www.unikin.ac.cd/wp-content/uploads/2025/10/WhatsApp-Image-2025-10-28-at-18.16.56.jpg]
[www.unikin.ac.cd/ceremonie-daccueil-des-nouveaux-etudiants-annee-academique-2025-2026.html]
[www.unikin.ac.cd/wp-content/uploads/2025/10/1.png]
[www.unikin.ac.cd/wp-content/uploads/2025/10/IMG_4936-vde-scaled.jpg]
[www.unikin.ac.cd/wp-content/uploads/2025/10/IMG_4928-droit-4-web.jpg]
[www.unikin.ac.cd/wp-content/uploads/2025/10/medecine-4.png]
[www.unikin.ac.cd/wp-content/uploads/2025/10/IMG_4911-economie-web.jpg]
[www.unikin.ac.cd/wp-content/uploads/2025/10/IMG_4922-droit-1web-scaled.jpg]
[www.unikin.ac.cd/wp-content/uploads/2025/10/web1.png]
[www.unikin.ac.cd/wp-content/uploads/2025/10/IMG_4922-droit-1web.jpg]
[www.unikin.ac.cd/wp-content/uploads/2025/10/IMG_4936-vde.jpg]
[www.unikin.ac.cd/ouverture-de-lannee-academique-2025-2026-et-debut-effectif-des-enseignements-a-luniversite-de-kinshasa.html]
[www.unikin.ac.cd/wp-content/uploads/2025/10/faculte-de-medecine-300x170-1.jpg]
[www.unikin.ac.cd/wp-content/uploads/2025/10/RESULTAT-B1-MEDECINE.pdf]
[www.unikin.ac.cd/wp-content/uploads/2025/10/RESULTAT-MPR-MEDECINE.pdf]
[www.unikin.ac.cd/wp-content/uploads/2025/10/RESULTAT-M1-MEDECINE-2025-2026.pdf]
[www.unikin.ac.cd/64803-2.html]
[www.unikin.ac.cd/wp-content/uploads/2025/10/WhatsApp-Image-2025-10-02-a-17.02.51_c4a1dfc3.jpg]
[www.unikin.ac.cd/le-professeur-dr-odiko-lokangaka-charles-secretaire-general-academique-recoit-letudiant-mpenemoke-kaniki.html]
[www.unikin.ac.cd/wp-content/uploads/2025/09/1757427012465.jpg]
[www.unikin.ac.cd/wp-content/uploads/2025/09/1757427986225.jpg]
[www.unikin.ac.cd/wp-content/uploads/2025/09/1757428310628.png]
[www.unikin.ac.cd/plus-de-2-700-diplomes-proclames-a-luniversite-de-kinshasa-lors-de-la-cloture-de-lannee-academique-2024-2025.html]
[www.unikin.ac.cd/wp-content/uploads/2025/07/Faculte-de-Medecine-Dentaire.pdf]
[www.unikin.ac.cd/wp-content/uploads/2025/07/Faculte-de-Medecine-Veterinaire.pdf]
[www.unikin.ac.cd/wp-content/uploads/2025/07/FACULTE-de-Droit.pdf]
[www.unikin.ac.cd/wp-content/uploads/2025/07/Faculte-de-Petrole-Gaz-et-Energie-Renouvelable.pdf]
[www.unikin.ac.cd/wp-content/uploads/2025/07/CHARGE-HORAIRE-FACULTE-DE-MEDECINE-.pdf]
[www.unikin.ac.cd/wp-content/uploads/2025/07/Faculte-de-Psychologie-et-SED.pdf]
[www.unikin.ac.cd/wp-content/uploads/2025/07/Faculte-des-Sciences-Agronomiques-et-Environnement.pdf]
[www.unikin.ac.cd/wp-content/uploads/2025/07/Faculte-des-sciences-Pharmaceutiques.pdf]
[www.unikin.ac.cd/wp-content/uploads/2025/07/Faculte-des-Sciences-et-Technologies-1.pdf]
[www.unikin.ac.cd/charge-horaire-du-personnel-academique.html]
[www.unikin.ac.cd/wp-content/uploads/2025/06/Photo-banc-1.jpg]
[www.unikin.ac.cd/remise-des-bancs-a-luniversite-de-kinshasa-le-service-national-salue-pour-son-geste-citoyen.html]
[www.unikin.ac.cd/2e-edition-du-giga-salongo-a-luniversite-de-kinshasa-une-journee-sans-moto-ni-vehicule.html]
[www.unikin.ac.cd/wp-content/uploads/2025/04/match-vet.jpg]
[www.unikin.ac.cd/wp-content/uploads/2025/04/match-vet-1-1-300x214.jpg]
[www.unikin.ac.cd/wp-content/uploads/2025/04/Match-vet-3-300x200.jpg]
[www.unikin.ac.cd/wp-content/uploads/2025/04/match-vet-1.jpg]
[www.unikin.ac.cd/wp-content/uploads/2025/04/match-vet-1-1.jpg]
[www.unikin.ac.cd/wp-content/uploads/2025/04/Match-vet-3.jpg]
[www.unikin.ac.cd/match-de-gala-entre-les-facultes-de-medecine-veterinaire-une-celebration-de-la-journee-mondiale-veterinaire-a-kinshasa.html]
[www.unikin.ac.cd/wp-content/uploads/2025/04/IMG_0093-300x170.jpg]
[www.unikin.ac.cd/wp-content/uploads/2025/04/IMG_0093.jpg]
[www.unikin.ac.cd/seance-dimmersion-sur-la-numerisation-de-la-gestion-de-luniversite-de-kinshasa.html]
[www.unikin.ac.cd/uploads/import/images/63780_Visuel-Article_YANDJU-.jpg]
[www.unikin.ac.cd/uploads/import/images/63738_yandju2.jpg]
[www.unikin.ac.cd/uploads/import/images/63618_Min-ESU-et-YANDJU.jpg]
[www.unikin.ac.cd/uploads/import/images/63454_yandju.jpg]
[www.unikin.ac.cd/uploads/import/images/63417_Prof-YANDJU_OIPR.jpg]
[www.unikin.ac.cd/uploads/import/images/63389_yandju.jpg]
[www.unikin.ac.cd/uploads/import/images/62995_YANDJU-atelier-Lubumbashi.jpg]
[www.unikin.ac.cd/uploads/import/images/62990_sensibilisation-OIPR.jpg]
[www.unikin.ac.cd/uploads/import/images/62932_Prof-Yandju_Bilanga-ya-betu.jpg]
[www.unikin.ac.cd/uploads/import/images/62780_production-vegetale-3.jpg]
[www.unikin.ac.cd/uploads/import/images/62765_Image1.jpg]
[www.unikin.ac.cd/uploads/import/images/62750_poubelle-2.jpg]
[www.unikin.ac.cd/uploads/import/images/62381_inscription-des-dea-these.jpg]
[www.unikin.ac.cd/uploads/import/images/61097_atelier.jpg]
[www.unikin.ac.cd/uploads/import/images/61094_EXPERT-SGR.jpg]
[www.unikin.ac.cd/uploads/import/images/61056_echange-Doyen-bon.jpg]
[www.unikin.ac.cd/uploads/import/images/61025_visite-verbeeck.jpg]
[www.unikin.ac.cd/activites-du-sgr4658.html]
[www.unikin.ac.cd/wp-content/uploads/2026/02/Image2.jpg]
[www.unikin.ac.cd/wp-content/uploads/2026/02/Image1-1.jpg]
[www.unikin.ac.cd/lancement-du-prix-dexcellence-prix-luc-gillon.html]
[www.unikin.ac.cd/l-universite-de-kinshasa-renforce-ses-capacites-editoriales-pour-une-science-visible-credible-et-ethique.html]
[www.unikin.ac.cd/l-unikin-progresse-au-classement-africain-des-universites.html]
[www.unikin.ac.cd/wp-content/uploads/2025/11/Yandju_trphee-Nigeria-2.jpg]
[www.unikin.ac.cd/wp-content/uploads/2025/11/Yandju_trphee-Nigeria-1.jpg]
[www.unikin.ac.cd/wp-content/uploads/2025/11/Yandju_trphee-Nigeria.jpg]
[www.unikin.ac.cd/la-professeure-marie-claire-yandju-dembo-remporte-un-prix-dexcellence-a-la-conference-africaine-du-manioc.html]
[www.unikin.ac.cd/wp-content/uploads/2025/10/Yandju-1.jpg]
[www.unikin.ac.cd/wp-content/uploads/2025/10/Yandju-2.jpg]
[www.unikin.ac.cd/wp-content/uploads/2025/10/Yandju-3.jpg]
[www.unikin.ac.cd/wp-content/uploads/2025/10/Yandju-4.jpg]
[www.unikin.ac.cd/wp-content/uploads/2025/10/Yandju-3-1.jpg]
[www.unikin.ac.cd/wp-content/uploads/2025/10/Yandju-5.jpg]
[www.unikin.ac.cd/wp-content/uploads/2025/10/Yandju-6.jpg]
[www.unikin.ac.cd/wp-content/uploads/2025/10/Yandju-7.jpg]
[www.unikin.ac.cd/lares-stimule-la-reflexion-sur-la-recherche-transdisciplinaire-a-lunikin.html]
[www.unikin.ac.cd/wp-content/uploads/2025/10/Yandju-a.jpg]
[www.unikin.ac.cd/wp-content/uploads/2025/10/Yandju-c.jpg]
[www.unikin.ac.cd/wp-content/uploads/2025/10/Yandju-b.jpg]
[www.unikin.ac.cd/recherche-au-troisieme-cycle-zero-tolerance-au-plagiat-a-lunikin.html]
[www.unikin.ac.cd/wp-content/uploads/2025/08/FICKIN-1.jpg]
[www.unikin.ac.cd/wp-content/uploads/2025/08/FICKIN-9.jpg]
[www.unikin.ac.cd/wp-content/uploads/2025/08/FICKIN-7.jpg]
[www.unikin.ac.cd/wp-content/uploads/2025/08/FICKIN-8.jpg]
[www.unikin.ac.cd/wp-content/uploads/2025/08/FICKIN-2.jpg]
[www.unikin.ac.cd/wp-content/uploads/2025/08/FICKIN-6.jpg]
[www.unikin.ac.cd/wp-content/uploads/2025/08/FICKIN-5.jpg]
[www.unikin.ac.cd/wp-content/uploads/2025/08/FICKIN-3.jpg]
[www.unikin.ac.cd/wp-content/uploads/2025/08/FICKIN-4.jpg]
[www.unikin.ac.cd/la-science-au-service-de-la-nation-congolaise-unikin-bastion-de-lunite-nationale-a-la-47e-edition-de-la-fickin.html]
[www.unikin.ac.cd/wp-content/uploads/2025/08/fickin-Yandju-1.jpg]
[www.unikin.ac.cd/wp-content/uploads/2025/08/fickin-Yandju-3.jpg]
[www.unikin.ac.cd/wp-content/uploads/2025/08/fickin-Yandju-2.jpg]
[www.unikin.ac.cd/lunikin-met-en-lumiere-les-resultats-de-ses-recherches-a-la-47e-edition-de-la-foire-internationale-congolaise-de-kinshasa.html]
[www.unikin.ac.cd/wp-content/uploads/2025/08/prof-yandju-1.jpg]
[www.unikin.ac.cd/wp-content/uploads/2025/08/prof-yandju-2.jpg]
[www.unikin.ac.cd/luniversite-de-kinshasa-poursuit-activement-sa-participation-a-la-foire-internationale-de-congo-kinshasa-fickin.html]
[www.unikin.ac.cd/wp-content/uploads/2025/08/UNIKIN_FOIRE_L1.jpg]
[www.unikin.ac.cd/wp-content/uploads/2025/08/ROLL_UP_1_FOIRE1.jpg]
[www.unikin.ac.cd/fickin-2025-luniversite-de-kinshasa-a-lhonneur-sous-le-label-unikin-solution.html]
[www.unikin.ac.cd/wp-content/uploads/2025/05/bisous-bisous-1.jpg]
[www.unikin.ac.cd/wp-content/uploads/2025/05/bisous-bisous-3.jpg]
[www.unikin.ac.cd/wp-content/uploads/2025/05/bisous-bisous-2.jpg]
[www.unikin.ac.cd/partenariat-en-perspective-entre-la-microfinance-bisou-bisou-et-luniversite-de-kinshasa.html]
[www.unikin.ac.cd/wp-content/uploads/2025/05/Yandju-manioc-1.jpg]
[www.unikin.ac.cd/wp-content/uploads/2025/04/yandju2-1.jpg]
[www.unikin.ac.cd/wp-content/uploads/2025/04/Yandju-manioc-2.jpg]
[www.unikin.ac.cd/wp-content/uploads/2025/04/Yandju-manioc-3.jpg]
[www.unikin.ac.cd/wp-content/uploads/2025/04/Yandju-manioc-4.jpg]
[www.unikin.ac.cd/wp-content/uploads/2025/04/Yandju-manioc-5.jpg]
[www.unikin.ac.cd/wp-content/uploads/2025/04/Yandju-manioc-6.jpg]
[www.unikin.ac.cd/le-manioc-source-de-nutriments-ou-mythe-de-la-betise.html]
[www.unikin.ac.cd/uploads/import/images/60931_anti-plagiat.jpg]
[www.unikin.ac.cd/uploads/import/images/60928_Matthieu-SERGIER.jpg]
[www.unikin.ac.cd/uploads/import/images/60925_madame-bintu.jpg]
[www.unikin.ac.cd/uploads/import/images/60624_lac-mavallee.jpg]
[www.unikin.ac.cd/uploads/import/images/60599_perinatalogie.jpg]
[www.unikin.ac.cd/uploads/import/images/60595_reunion-du-CTE-ecole-de-sante-publique-de-Kinshasa.jpg]
[www.unikin.ac.cd/uploads/import/images/60592_Agence-Francaise-de-Developpement.jpg]
[www.unikin.ac.cd/uploads/import/images/60588_Doyen-Edouard-Louis-1.jpg]
[www.unikin.ac.cd/uploads/import/images/60457_Bourses-detude-en-Master-1.jpg]
[www.unikin.ac.cd/uploads/import/images/60470_tshimpi.jpg]
[www.unikin.ac.cd/uploads/import/images/60453_SGR_TSHIMPI.jpg]
[www.unikin.ac.cd/uploads/import/images/59990_WhatsApp-Image-2022-09-05-at-15.21.00.jpg]
[www.unikin.ac.cd/uploads/import/images/59893_eception-don-OMS-par-Tshimpi.jpg]
[www.unikin.ac.cd/uploads/import/images/59817_bibliotheque-facmed-2.jpg]
[www.unikin.ac.cd/uploads/import/images/59755_IMG_2278.jpg]
[www.unikin.ac.cd/uploads/import/images/59797_IMG_2637.jpg]
[www.unikin.ac.cd/uploads/import/images/59741_IMG_1994.jpg]
[www.unikin.ac.cd/uploads/import/images/59433_reunion-expert-SGR-unikin-anti-plagia.jpg]
[www.unikin.ac.cd/uploads/import/images/58800_muyembe-honoris-causa.jpg]
[www.unikin.ac.cd/activites-du-sgr9ba9.html]
[www.unikin.ac.cd/wp-content/uploads/2024/11/Prof-Lapika.jpg]
[www.unikin.ac.cd/wp-content/uploads/2024/11/Prof-Lapika-1.jpg]
[www.unikin.ac.cd/wp-content/uploads/2024/11/Prof-Lapika-2.jpg]
[www.unikin.ac.cd/le-secretaire-general-administratif-de-lunikin-le-professeur-lapika-en-mission-officielle-en-chine-pour-renforcer-les-partenariats-universitaires-internationaux.html]
[www.unikin.ac.cd/wp-content/uploads/2022/08/bruno-lapika-et-Antoine-Tshimpi.jpg]
[www.unikin.ac.cd/operation-dinspection-et-de-debouchage-des-canalisations-a-lunikin.html]
[www.unikin.ac.cd/wp-content/uploads/2021/12/UNIKIN-Synthese-colloque_9-10-Nov-2021.pdf]
[www.unikin.ac.cd/axes-prioritaires-comite-gestion-unikin.html]
[www.unikin.ac.cd/des-badges-pour-les-motocyclistes-du-site-de-luniversite-de-kinshasa.html]
[www.unikin.ac.cd/formation-continue-du-personnel-administratif-de-luniversite-de-kinshasa.html]
[www.unikin.ac.cd/les-membres-du-comite-de-gestion-ont-effectue-la-semaine-derniere-la-ronde-des-12-facultes-de-luniversite-de-kinshasa.html]
[www.unikin.ac.cd/wp-content/uploads/2025/05/IMG_20250423_143052_0-1.jpg]
[www.unikin.ac.cd/wp-content/uploads/2025/05/IMG_20250423_143149_7-1.jpg]
[www.unikin.ac.cd/wp-content/uploads/2025/05/IMG_20250423_143048_5.jpg]
[www.unikin.ac.cd/wp-content/uploads/2025/05/IMG_20250423_143119_9-2.jpg]
[www.unikin.ac.cd/wp-content/uploads/2025/05/IMG_20250423_143149_7-2.jpg]
[www.unikin.ac.cd/wp-content/uploads/2025/05/IMG_20250423_143119_9-1.jpg]
[www.unikin.ac.cd/wp-content/uploads/2025/05/IMG_20250423_143121_7-1.jpg]
[www.unikin.ac.cd/wp-content/uploads/2022/04/la-femme-4.jpg]
[www.unikin.ac.cd/wp-content/uploads/2022/03/MG_0217.jpg]
[www.unikin.ac.cd/wp-content/uploads/2022/03/MG_0355.jpg]
[www.unikin.ac.cd/pose-de-la-premiere-pierre-du-batiment-devant-abriter-lusine-deau-potable-de-luniversite-de-kinshasa.html]
[www.unikin.ac.cd/wp-content/uploads/2022/04/la-femme-3.jpg]
[www.unikin.ac.cd/a-lecoute-des-femmes-policieres-de-la-garde-universitaire-unikin.html]
[www.unikin.ac.cd/conference-debat-sur-le-leadership-feminin-dans-les-medias.html]
[www.unikin.ac.cd/commemoration-de-la-journee-internationale-des-droits-de-la-femme-a-luniversite-de-kinshasa.html]
[www.unikin.ac.cd/nouvel-an-2022-une-premiere-a-luniversite-de-kinshasa.html]
[www.unikin.ac.cd/articles4658.html]
[www.unikin.ac.cd/brain-abnormalities-associated-with-myelomeningocele-at-kinshasa-university-teaching-hospital-in-the-democratic-republic-of-the-congo.html]
[www.unikin.ac.cd/comparison-between-surgical-and-conservative-management-of-tuberculous-spondylodiscitis-at-university-teaching-hospitals-of-kinshasa-and-kisangani-in-the-democratic-republic-of-the-congo.13f.d]
[www.unikin.ac.cd/le-recteur-jean-marie-kayembe-ntumba-recompense-pour-sa-vision-de-la-masculinite-positive-a-luniversite-de-kinshasa.html]
[www.unikin.ac.cd/perception-de-lefficacite-du-systeme-lmd-par-les-enseignants-de-luniversite-de-kinshasa.html]
[www.unikin.ac.cd/factors-associated-with-non-response-to-cardiac-resynchronization-therapy-insights-from-a-real-world-single-center-study.html]
[www.unikin.ac.cd/evaluation-of-contact-tracing-performance-during-an-ebola-virus-disease-outbreak-in-a-complex-security-environment-the-case-of-north-kivu-province-democratic-republic-of-the-congo-2018-2020.14]
[www.unikin.ac.cd/hydroxychloroquine-azithromycin-doubase-c-and-qtc-prolongation-in-congolese-patients-with-covid-19-myth-or-reality.html]
[www.unikin.ac.cd/ethnobotany-of-food-plants-used-in-the-kimvula-territory-kongo-central-province-in-congo-dr-ethnobotany-of-foods-plants-in-congo-dr.html]
[www.unikin.ac.cd/an-ancillary-care-policy-in-a-vaccine-trial-conducted-in-a-resource-constrained-setting-evaluation-and-policy-recommendations.html]
[www.unikin.ac.cd/baseline-assessment-of-road-traffic-characteristics-and-its-possible-impact-on-human-health-and-the-environment-in-kinshasa-democratic-republic-of-congo.html]
[www.unikin.ac.cd/species-composition-and-distribution-of-the-anopheles-gambiae-complex-circulating-in-kinshasa.html]
[www.unikin.ac.cd/assessing-how-large-language-models-can-be-integrated-with-or-used-for-blockchain-technology-overview-and-illustrative-case-study.html]
[www.unikin.ac.cd/the-correlates-of-atrial-fibrillation-in-a-random-sample-of-congolese-inhabitants-of-the-city-of-kinshasa-the-democratic-republic-of-the-congo.html]
[www.unikin.ac.cd/intelligence-emotionnelle-et-creativite-des-eleves-des-ecoles-secondaires-de-kinshasa.html]
[www.unikin.ac.cd/longitudinal-assessment-of-an-ebola-vaccine-trial-understanding-among-healthcare-providers-in-the-democratic-republic-of-the-congo.html]
[www.unikin.ac.cd/evolution-of-the-quality-of-the-partogram-in-96-health-care-facilities-of-3-provincial-health-divisions-in-the-democratic-republic-of-the-congo.html]
[www.unikin.ac.cd/improving-testing-capacity-for-covid-19-experiences-and-lessons-from-senegal-uganda-nigeria-and-the-democratic-republic-of-congo.html]
[www.unikin.ac.cd/projected-changes-in-rainfall-amount-and-distribution-in-the-democratic-republic-of-congo-evidence-from-an-ensemble-of-high-resolution-climate-simulations.html]
[www.unikin.ac.cd/wp-content/uploads/2023/08/Cryptococcus-paper.pdf]
[www.unikin.ac.cd/correlation-of-antifungal-susceptibility-and-sequence-types-within-cryptococcus-neoformans-vni-from-hiv-patients-and-erg11-gene-polymorphism.html]
[www.unikin.ac.cd/quantification-and-allocation-of-uncertainties-of-climate-change-impacts-on-hydropower-potential-under-1-5-◦c-and-2-0-◦c-global-warming-levels-in-the-headwaters-of-the-benue-river-basi.152.del]
[www.unikin.ac.cd/uploads/content/documents/20260514_192310_3dea3fb8.pdf]
[www.unikin.ac.cd/un-repertoire-historique-des-fonds-documentaires-de-l-universite-lovanium-et-de-l-universite-de-kinshasa-devoile.html]
[www.unikin.ac.cd/uploads/import/images/60466_Antoine-Nkuba-Ndaye-1.jpg]
[www.unikin.ac.cd/nos-theses4658.html]
[www.unikin.ac.cd/uploads/content/documents/20260418_062242_1602b865.pdf]
[www.unikin.ac.cd/micronutrients-deficiencies-and-heavy-metals-exposure-in-children-under-five-years-in-popokabaka-the-democratic-republic-of-congo.html]
[www.unikin.ac.cd/modalites-trajectoires-preferentielles-et-facteurs-explicatifs-des-dynamiques-de-diffusion-spatio-temporelle-des-epidemies-de-cholera-en-republique-democratique-du-congo.html]
[www.unikin.ac.cd/a-semantico-pragmatic-analysis-of-utterances-in-the-lecturer-student-communication-a-case-study.html]
[www.unikin.ac.cd/a-sociocultural-and-sociolinguistic-investigation-of-old-and-new-place-names-along-the-national-highw-a-y-from-mat-adj-to-kasangulu-in-kongo-central-province-drc.html]
[www.unikin.ac.cd/syndrome-dapnees-du-sommeil-mythe-ou-realite-a-kinshasa-plaidoyer-pour-une-gestion-rationnelle-de-cette-pathologie-en-milieu-peu-nanti.html]
[www.unikin.ac.cd/gestion-budgetaire-croissance-economique-et-lutte-contre-la-pauvrete-en-rdc-de-1980-a-2020-connexion-des-outils-et-convergence-des-politiques.html]
[www.unikin.ac.cd/systeme-de-passation-des-marches-publics-en-republique-democratique-du-congo-critiques-et-propositions-damelioration.html]
[www.unikin.ac.cd/contribution-des-fermes-agroforestieres-locales-a-la-gestion-durable-de-la-reserve-de-biosphere-de-luki-en-republique-democratique-du-congo.html]
[www.unikin.ac.cd/la-modernisation-des-procedures-fiscales-a-lepreuve-de-la-revolution-numerique-en-rdc.html]
[www.unikin.ac.cd/interet-de-la-circonference-du-cou-dans-le-diagnostic-de-linsulinoresistance-et-du-risque-cardiometabolique-chez-ladul-te-bantu-congolais.html]
[www.unikin.ac.cd/approche-narratologique-de-lideologie-dans-le-roman-congolais-dexpression-francaise-1976-2007.html]
[www.unikin.ac.cd/reflexion-sur-les-actions-de-lorganisation-des-nations-unies-dans-la-repression-des-crimes-internationaux-necessite-dune-responsabilisation-du-conseil-de-securite.html]
[www.unikin.ac.cd/surveillance-epidemiologique-et-moleculaire-des-virus-grippaux-circulant-a-kinshasa-republique-democratique-du-congo.html]
[www.unikin.ac.cd/effets-des-innovations-technologiques-sur-linclusion-bancaire-cas-du-mobile-banking-en-afrique.html]
[www.unikin.ac.cd/protection-des-consommateurs-des-produits-pharmaceutiques-contrefaits-et-sous-standards-en-droit-congolais-quete-dune-bonne-gouvernance.html]
[www.unikin.ac.cd/etude-ethnobotanique-des-plantes-utiles-du-territoire-de-kimvula-dans-la-province-du-kongo-central.html]
[www.unikin.ac.cd/etude-des-forets-sacrees-du-secteur-lukumbe-dans-la-province-du-sankuru.html]
[www.unikin.ac.cd/la-democratie-representative-a-lepreuve-des-pratiques-electorales-en-republique-democratique-du-congo.html]
[www.unikin.ac.cd/decentralisation-par-la-loi-n08-012-portant-principes-fondamentaux-relatifs-a-la-libre-administration-des-provinces-a-lepreuve-de-la-gestion-de-la-province-du-kwango.html]
[www.unikin.ac.cd/gestion-durable-des-dechets-solides-des-menages-a-kinshasa-contribution-a-la-problematique-de-financement-et-dassainissement.html]
[www.unikin.ac.cd/nos-theses9ba9.html]
[www.unikin.ac.cd/facultes-et-entites/ecole-de-sante-publique-de-kinshasa.html]
[www.unikin.ac.cd/facultes-et-entites/faculte-de-droit.html]
[www.unikin.ac.cd/facultes-et-entites/lettres-et-sciences-humaines.html]
[www.unikin.ac.cd/fac/lettres/logo.png]
[www.unikin.ac.cd/fac/lettres/build/assets/app-BudU8stm.js]
[www.unikin.ac.cd/fac/lettres/build/assets/welcome-C4OgL9AL.js]
[www.unikin.ac.cd/fac/lettres/build/assets/app-logo-DHeetXFV.js]
[www.unikin.ac.cd/fac/lettres/build/assets/with-base-B-LT6rTN.js]
[www.unikin.ac.cd/fac/lettres/build/assets/proxy-4AoVnfwJ.js]
[www.unikin.ac.cd/fac/lettres/build/assets/Departements-DhFtXaFP.js]
[www.unikin.ac.cd/fac/lettres/build/assets/asset-url-DM21TLYM.js]
[www.unikin.ac.cd/fac/lettres/build/assets/Footer-QNHgCXkt.js]
[www.unikin.ac.cd/fac/lettres/build/assets/dialog-BxQuTmGw.js]
[www.unikin.ac.cd/fac/lettres/build/assets/index-BHZ4eeF3.js]
[www.unikin.ac.cd/fac/lettres/build/assets/index-BIpLHJbH.js]
[www.unikin.ac.cd/fac/lettres/build/assets/appearance-tabs-B67B37_T.js]
[www.unikin.ac.cd/fac/lettres/Accueil.html]
[www.unikin.ac.cd/facultes-et-entites/medecine.html]
[www.unikin.ac.cd/fac/facmed/assets/images/logo-facmed.png]
[www.unikin.ac.cd/fac/facmed/assets/images/favicon.png]
[www.unikin.ac.cd/fac/facmed/assets/images/logo-unikin-facmed.png]
[www.unikin.ac.cd/fac/facmed/uploads/692fecc289c73_1764748482.jpg]
[www.unikin.ac.cd/fac/facmed/uploads/692fecd3bb35c_1764748499.jpg]
[www.unikin.ac.cd/fac/facmed/uploads/692fecdf8705d_1764748511.jpg]
[www.unikin.ac.cd/fac/facmed/uploads/692fece7d6ffa_1764748519.jpg]
[www.unikin.ac.cd/fac/facmed/uploads/6a66f0a46724e_1785131172.jpg]
[www.unikin.ac.cd/fac/facmed/uploads/6a66eb7270c86_1785129842.jpg]
[www.unikin.ac.cd/fac/facmed/uploads/6a59b70cd4445_1784264460.jpg]
[www.unikin.ac.cd/fac/facmed/uploads/6a59a951af0df_1784260945.jpg]
[www.unikin.ac.cd/fac/facmed/uploads/6a4747c78c5f0_1783056327.jpg]
[www.unikin.ac.cd/fac/facmed/uploads/6a23b6dd26e8e_1780725469.jpg]
[www.unikin.ac.cd/fac/facmed/uploads/69f8246034fcc_1777869920.jpg]
[www.unikin.ac.cd/fac/facmed/uploads/69c366fe09a24_1774413566.jpg]
[www.unikin.ac.cd/fac/facmed/uploads/69c3624f3da8a_1774412367.jpg]
[www.unikin.ac.cd/fac/facmed/uploads/69b1034c84d57_1773208396.jpg]
[connect.facebook.net/fr_FR/sdk.js]
[www.unikin.ac.cd/fac/facmed/assets/js/main.js]
[www.unikin.ac.cd/fac/facmed/index.html]
[www.unikin.ac.cd/facultes-et-entites/medecine-dentaire.html]
[www.unikin.ac.cd/fac/medecinedentaire/wp-json/oembed/1.0/embed0f9d.json]
[www.unikin.ac.cd/fac/medecinedentaire/feed/index.html]
[www.unikin.ac.cd/fac/medecinedentaire/comments/feed/index.html]
[www.unikin.ac.cd/fac/medecinedentaire/wp-json/oembed/1.0/embed41d3]
[www.unikin.ac.cd/fac/medecinedentaire/wp-content/themes/gambit/assets/js/svgxuse.min578f.js]
[www.unikin.ac.cd/fac/medecinedentaire/wp-includes/js/jquery/jquery.minf43b.js]
[www.unikin.ac.cd/fac/medecinedentaire/wp-includes/js/jquery/jquery-migrate.min5589.js]
[www.unikin.ac.cd/fac/medecinedentaire/wp-content/themes/gambit/assets/js/jquery.flexslider-mind315.js]
[www.unikin.ac.cd/fac/medecinedentaire/wp-content/themes/gambit/assets/js/slider6eb8.js]
[www.unikin.ac.cd/fac/medecinedentaire/wp-json/wp/v2/pages/60.json]
[www.unikin.ac.cd/fac/medecinedentaire/wp-json/index.html]
[www.unikin.ac.cd/fac/medecinedentaire/xmlrpc0db0.php]
[www.unikin.ac.cd/fac/medecinedentaire/wp-content/uploads/2023/09/cropped-logo_dentaire-32x32.jpg]
[www.unikin.ac.cd/fac/medecinedentaire/wp-content/uploads/2023/09/cropped-logo_dentaire-192x192.jpg]
[www.unikin.ac.cd/fac/medecinedentaire/wp-content/uploads/2023/09/cropped-logo_dentaire-180x180.jpg]
[www.unikin.ac.cd/fac/medecinedentaire/wp-content/uploads/2023/09/cropped-logo_dentaire-1.jpg]
[www.unikin.ac.cd/fac/medecinedentaire/wp-content/uploads/2024/02/0f37476b-99d8-4a63-ad84-154aacec05f9-1-750x450.jpg]
[www.unikin.ac.cd/fac/medecinedentaire/wp-content/uploads/2024/02/17075748003381.jpg-1-750x450.png]
[www.unikin.ac.cd/fac/medecinedentaire/wp-content/uploads/2024/02/g1-750x450.jpg]
[www.unikin.ac.cd/fac/medecinedentaire/wp-content/uploads/2023/12/oms.jpg]
[www.unikin.ac.cd/fac/medecinedentaire/wp-content/uploads/2023/09/argent-750x450.jpg]
[www.unikin.ac.cd/fac/medecinedentaire/wp-content/uploads/2024/02/0f37476b-99d8-4a63-ad84-154aacec05f9-1-300x200.jpg]
[www.unikin.ac.cd/fac/medecinedentaire/wp-content/uploads/2024/02/17075748003381.jpg-1-300x200.png]
[www.unikin.ac.cd/fac/medecinedentaire/wp-content/uploads/2024/02/g1-300x200.jpg]
[www.unikin.ac.cd/fac/medecinedentaire/wp-content/uploads/2023/09/1-edited.jpg]
[www.unikin.ac.cd/fac/medecinedentaire/wp-content/uploads/2023/09/2.jpg]
[www.unikin.ac.cd/fac/medecinedentaire/wp-content/uploads/2023/09/3-420x280.jpg]
[www.unikin.ac.cd/fac/medecinedentaire/wp-content/uploads/2023/09/4-420x280.jpg]
[www.unikin.ac.cd/fac/medecinedentaire/wp-content/themes/gambit/assets/js/navigation.mindf22.js]
[www.unikin.ac.cd/fac/medecinedentaire/index.html]
[www.unikin.ac.cd/facultes-et-entites/medecine-veterinaire.html]
[www.unikin.ac.cd/facultes-et-entites/faculte-de-petrole-gaz-et-energies-nouvelles.html]
[www.unikin.ac.cd/fac/petrolegaz/indexd784.html]
[www.unikin.ac.cd/fac/petrolegaz/wp-includes/js/jquery/jquery.minf43b.js]
[www.unikin.ac.cd/fac/petrolegaz/wp-includes/js/jquery/jquery-migrate.min5589.js]
[www.unikin.ac.cd/fac/petrolegaz/indexa6da.html]
[www.unikin.ac.cd/fac/petrolegaz/wp-content/themes/academica_pro/js/init42a0.js]
[www.unikin.ac.cd/fac/petrolegaz/index52f0.json]
[www.unikin.ac.cd/fac/petrolegaz/xmlrpc0db0.php]
[www.unikin.ac.cd/fac/petrolegaz/wp-content/uploads/2022/03/unikin-bon-560x300.jpg]
[www.unikin.ac.cd/fac/petrolegaz/wp-content/themes/academica_pro/js/dropdownffdc.js]
[www.unikin.ac.cd/fac/petrolegaz/wp-content/themes/academica_pro/js/jquery.flexslider-minffdc.js]
[www.unikin.ac.cd/fac/petrolegaz/wp-content/themes/academica_pro/js/functionsffdc.js]
[www.unikin.ac.cd/fac/petrolegaz/index.html]
[www.unikin.ac.cd/facultes-et-entites/faculte-polytechniques.html]
[www.unikin.ac.cd/facultes-et-entites/faculte-de-psychologie-et-science-de-l-education.html]
[www.unikin.ac.cd/fac/fpsysed/indexa6da.html]
[www.unikin.ac.cd/fac/fpsysed/indexd784.html]
[www.unikin.ac.cd/fac/fpsysed/wp-includes/js/jquery/jquery.minf43b.js]
[www.unikin.ac.cd/fac/fpsysed/wp-includes/js/jquery/jquery-migrate.min5589.js]
[www.unikin.ac.cd/fac/fpsysed/index52f0.json]
[www.unikin.ac.cd/fac/fpsysed/index9f06.json]
[www.unikin.ac.cd/fac/fpsysed/xmlrpc0db0.php]
[www.unikin.ac.cd/fac/fpsysed/indexe79c.json]
[www.unikin.ac.cd/fac/fpsysed/index4086.php]
[www.unikin.ac.cd/fac/fpsysed/wp-content/uploads/2023/06/cropped-Universite_de_Kinshasa_-_Blason.svg_-1-32x32.png]
[www.unikin.ac.cd/fac/fpsysed/wp-content/uploads/2023/06/cropped-Universite_de_Kinshasa_-_Blason.svg_-1-192x192.png]
[www.unikin.ac.cd/fac/fpsysed/wp-content/uploads/2023/06/cropped-Universite_de_Kinshasa_-_Blason.svg_-1-180x180.png]
[www.unikin.ac.cd/fac/fpsysed/wp-content/uploads/2024/03/cropped-cropped-cropped-LOGO-Modifier1-2.png]
[www.unikin.ac.cd/fac/fpsysed/wp-content/uploads/2026/01/P-1.png]
[www.unikin.ac.cd/fac/fpsysed/wp-content/uploads/2026/01/Sans-titre-1.png]
[www.unikin.ac.cd/fac/fpsysed/wp-content/uploads/2026/01/AUTO1-870x1024.png]
[www.unikin.ac.cd/fac/fpsysed/wp-content/uploads/2026/01/departementsok.png]
[www.unikin.ac.cd/fac/fpsysed/wp-content/uploads/2023/06/cropped-cropped-cropped-572294_w1698h955c1cx894cy339-768x510.jpg]
[www.unikin.ac.cd/fac/fpsysed/wp-content/uploads/2024/03/cropped-cropped-charlotte-agregee-lettres_header_892x41.webp]
[www.unikin.ac.cd/fac/fpsysed/wp-content/uploads/2023/06/cropped-cropped-img02-1-300x227.jpg]
[www.unikin.ac.cd/fac/fpsysed/wp-content/uploads/2024/04/cropped-cropped-telechargement-1.jpg]
[www.unikin.ac.cd/fac/fpsysed/wp-content/uploads/elementor/thumbs/Sans-titre-1ok-scaled-rh80i59axz0v3wzscimvajf962rghcpah03x5t0wj0.jpg]
[www.unikin.ac.cd/fac/fpsysed/wp-content/uploads/2025/08/WhatsApp-Image-2025-08-08-a-05.39.49_34e5c70c-1024x768.jpg]
[www.unikin.ac.cd/fac/fpsysed/wp-content/uploads/2025/08/WhatsApp-Image-2025-08-08-a-05.39.50_584f24b5-1024x768.jpg]
[www.unikin.ac.cd/fac/fpsysed/wp-content/uploads/2024/05/cropped-WhatsApp-Image-2024-04-18-a-13.06.09_b21f3ca8.jpg]
[www.unikin.ac.cd/fac/fpsysed/wp-content/plugins/mesmerize-companion/theme-data/mesmerize/assets/js/companion.bundle.minfc0e.js]
[www.unikin.ac.cd/fac/fpsysed/wp-includes/js/imagesloaded.minbb93.js]
[www.unikin.ac.cd/fac/fpsysed/wp-includes/js/masonry.min3a05.js]
[www.unikin.ac.cd/fac/fpsysed/wp-content/themes/mesmerize/assets/js/theme.bundle.min61b9.js]
[www.unikin.ac.cd/fac/fpsysed/wp-content/plugins/elementor/assets/lib/jquery-numerator/jquery-numerator.min3958.js]
[www.unikin.ac.cd/fac/fpsysed/wp-content/plugins/elementor/assets/js/webpack.runtime.min63aa.js]
[www.unikin.ac.cd/fac/fpsysed/wp-content/plugins/elementor/assets/js/frontend-modules.min63aa.js]
[www.unikin.ac.cd/fac/fpsysed/wp-content/plugins/elementor/assets/lib/waypoints/waypoints.min05da.js]
[www.unikin.ac.cd/fac/fpsysed/wp-includes/js/jquery/ui/core.minb37e.js]
[www.unikin.ac.cd/fac/fpsysed/wp-content/plugins/elementor/assets/js/frontend.min63aa.js]
[www.unikin.ac.cd/fac/fpsysed/index.html]
[www.unikin.ac.cd/facultes-et-entites/faculte-des-sciences-et-technologies.html]
[www.unikin.ac.cd/facultes-et-entites/faculte-de-sciences-agronomiques.html]
[www.unikin.ac.cd/oipr/public/backend/assets/plugins/datatables.net/js/jquery.dataTables.min.js]
[www.unikin.ac.cd/oipr/public/backend/assets/plugins/datatables.net-bs4/js/dataTables.responsive.min.js]
[www.unikin.ac.cd/oipr/OIPR/facultes/9.html]
[www.unikin.ac.cd/facultes-et-entites/faculte-des-sciences-economiques-et-de-gestion.html]
[www.unikin.ac.cd/oipr/OIPR/facultes/10.html]
[www.unikin.ac.cd/facultes-et-entites/faculte-des-sciences-pharmaceutique.html]
[www.unikin.ac.cd/facultes-et-entites/faculte-des-sciences-sociales-administratives-et-politiques.html]
[www.unikin.ac.cd/fac/fssap/feed/index.html]
[www.unikin.ac.cd/fac/fssap/comments/feed/index.html]
[www.unikin.ac.cd/fac/fssap/wp-content/plugins/social-icons-widget-by-wpzoom/assets/font/academicons5849.woff2]
[www.unikin.ac.cd/fac/fssap/wp-content/plugins/social-icons-widget-by-wpzoom/assets/font/fontawesome-webfont3e6e.woff2]
[www.unikin.ac.cd/fac/fssap/wp-content/plugins/social-icons-widget-by-wpzoom/assets/font/Genericons.woff]
[www.unikin.ac.cd/fac/fssap/wp-content/plugins/social-icons-widget-by-wpzoom/assets/font/socicon863c.woff2]
[www.unikin.ac.cd/fac/fssap/wp-includes/js/jquery/jquery.minf43b.js]
[www.unikin.ac.cd/fac/fssap/wp-includes/js/jquery/jquery-migrate.min5589.js]
[www.unikin.ac.cd/fac/fssap/wp-content/themes/academica_pro/js/init42a0.js]
[www.unikin.ac.cd/fac/fssap/xmlrpc0db0.php]
[www.unikin.ac.cd/fac/fssap/wp-json/index.html]
[www.unikin.ac.cd/fac/fssap/wp-content/uploads/2023/07/logo.png]
[www.unikin.ac.cd/fac/fssap/wp-content/uploads/2023/07/cropped-logo-32x32.png]
[www.unikin.ac.cd/fac/fssap/wp-content/uploads/2023/07/cropped-logo-192x192.png]
[www.unikin.ac.cd/fac/fssap/wp-content/uploads/2023/07/cropped-logo-180x180.png]
[www.unikin.ac.cd/fac/fssap/wp-content/themes/academica_pro/images/social/facebook_small.png]
[www.unikin.ac.cd/fac/fssap/wp-content/themes/academica_pro/images/social/twitter_small.png]
[www.unikin.ac.cd/fac/fssap/wp-content/themes/academica_pro/images/social/youtube_small.png]
[www.unikin.ac.cd/fac/fssap/wp-content/themes/academica_pro/images/social/feed_small.png]
[www.unikin.ac.cd/fac/fssap/wp-content/uploads/2023/07/Doyen-MEYA.jpg]
[www.unikin.ac.cd/fac/fssap/wp-content/uploads/2024/10/Prof.-Jules-KASAY-NGUR.jpg]
[www.unikin.ac.cd/fac/fssap/wp-content/uploads/2023/07/TAZI.jpg]
[www.unikin.ac.cd/fac/fssap/wp-content/uploads/2025/10/IMG-20251005-WA0026.jpg]
[www.unikin.ac.cd/fac/fssap/wp-content/uploads/2025/09/ARS-4-1.jpg]
[www.unikin.ac.cd/fac/fssap/wp-content/uploads/2024/12/IMG-20241204-WA0004.jpg]
[www.unikin.ac.cd/fac/fssap/wp-content/uploads/2024/09/VLJ2.jpg]
[www.unikin.ac.cd/fac/fssap/wp-content/uploads/2024/08/RF7.jpg]
[www.unikin.ac.cd/fac/fssap/wp-content/uploads/2023/10/Dr-Kambale-3.jpg]
[www.unikin.ac.cd/fac/fssap/wp-content/themes/academica_pro/js/dropdownffdc.js]
[www.unikin.ac.cd/fac/fssap/wp-content/themes/academica_pro/js/jquery.flexslider-minffdc.js]
[www.unikin.ac.cd/fac/fssap/wp-content/themes/academica_pro/js/functionsffdc.js]
[www.unikin.ac.cd/fac/fssap/wp-content/plugins/social-icons-widget-by-wpzoom/assets/js/social-icons-widget-frontend30a2.js]
[www.unikin.ac.cd/fac/fssap/wp-includes/js/dist/vendor/react.mine1ab.js]
[www.unikin.ac.cd/fac/fssap/wp-includes/js/dist/vendor/react-jsx-runtime.mincb06.js]
[www.unikin.ac.cd/fac/fssap/wp-includes/js/dist/autop.min48c9.js]
[www.unikin.ac.cd/fac/fssap/wp-includes/js/dist/blob.mind562.js]
[www.unikin.ac.cd/fac/fssap/wp-includes/js/dist/block-serialization-default-parser.mineb08.js]
[www.unikin.ac.cd/fac/fssap/wp-includes/js/dist/hooks.min394d.js]
[www.unikin.ac.cd/fac/fssap/wp-includes/js/dist/deprecated.min3b9c.js]
[www.unikin.ac.cd/fac/fssap/wp-includes/js/dist/dom.min6c57.js]
[www.unikin.ac.cd/fac/fssap/wp-includes/js/dist/vendor/react-dom.mine1ab.js]
[www.unikin.ac.cd/fac/fssap/wp-includes/js/dist/escape-html.minaf01.js]
[www.unikin.ac.cd/fac/fssap/wp-includes/js/dist/element.minc5e8.js]
[www.unikin.ac.cd/fac/fssap/wp-includes/js/dist/is-shallow-equal.minf5d9.js]
[www.unikin.ac.cd/fac/fssap/wp-includes/js/dist/i18n.mineca5.js]
[www.unikin.ac.cd/fac/fssap/wp-includes/js/dist/keycodes.min373f.js]
[www.unikin.ac.cd/fac/fssap/wp-includes/js/dist/priority-queue.minff74.js]
[www.unikin.ac.cd/fac/fssap/wp-includes/js/dist/undo-manager.min6d4e.js]
[www.unikin.ac.cd/fac/fssap/wp-includes/js/dist/compose.minf496.js]
[www.unikin.ac.cd/fac/fssap/wp-includes/js/dist/private-apis.min9a9f.js]
[www.unikin.ac.cd/fac/fssap/wp-includes/js/dist/redux-routine.min328c.js]
[www.unikin.ac.cd/fac/fssap/wp-includes/js/dist/data.min5bad.js]
[www.unikin.ac.cd/fac/fssap/wp-includes/js/dist/html-entities.min27e5.js]
[www.unikin.ac.cd/fac/fssap/wp-includes/js/dist/dom-ready.min379d.js]
[www.unikin.ac.cd/fac/fssap/wp-includes/js/dist/a11y.min8148.js]
[www.unikin.ac.cd/fac/fssap/wp-includes/js/dist/rich-text.min0537.js]
[www.unikin.ac.cd/fac/fssap/wp-includes/js/dist/shortcode.minca58.js]
[www.unikin.ac.cd/fac/fssap/wp-includes/js/dist/warning.min5fc7.js]
[www.unikin.ac.cd/fac/fssap/wp-includes/js/dist/blocks.minba00.js]
[www.unikin.ac.cd/fac/fssap/wp-includes/js/dist/vendor/moment.minf799.js]
[www.unikin.ac.cd/fac/fssap/wp-includes/js/dist/date.min1fba.js]
[www.unikin.ac.cd/fac/fssap/wp-includes/js/dist/primitives.min746d.js]
[www.unikin.ac.cd/fac/fssap/wp-includes/js/dist/components.mind9b0.js]
[www.unikin.ac.cd/fac/fssap/wp-includes/js/dist/url.min3303.js]
[www.unikin.ac.cd/fac/fssap/wp-includes/js/dist/api-fetch.min9cd3.js]
[www.unikin.ac.cd/fac/fssap/wp-includes/js/dist/keyboard-shortcuts.min224a.js]
[www.unikin.ac.cd/fac/fssap/wp-includes/js/dist/commands.mind56e.js]
[www.unikin.ac.cd/fac/fssap/wp-includes/js/dist/notices.mina1a7.js]
[www.unikin.ac.cd/fac/fssap/wp-includes/js/dist/preferences-persistence.min4679.js]
[www.unikin.ac.cd/fac/fssap/wp-includes/js/dist/preferences.min6f3d.js]
[www.unikin.ac.cd/fac/fssap/wp-includes/js/dist/style-engine.min9076.js]
[www.unikin.ac.cd/fac/fssap/wp-includes/js/dist/theme.minf32a.js]
[www.unikin.ac.cd/fac/fssap/wp-includes/js/dist/token-list.min5744.js]
[www.unikin.ac.cd/fac/fssap/wp-includes/js/dist/upload-media.minc0d7.js]
[www.unikin.ac.cd/fac/fssap/wp-includes/js/dist/block-editor.min22fe.js]
[www.unikin.ac.cd/fac/fssap/wp-includes/js/dist/core-data.min1f40.js]
[www.unikin.ac.cd/fac/fssap/wp-includes/js/dist/vendor/wp-polyfill.min2c7c.js]
[www.unikin.ac.cd/fac/fssap/wp-content/plugins/wpzoom-forms/dist/assets/frontend/js/script1576.js]
[www.unikin.ac.cd/fac/fssap/index.html]
[www.unikin.ac.cd/facultes-et-entites/cliniques-universitaires-de-kinshasa.html]
[www.unikin.ac.cd/facultes-et-entites/centre-neuro-psycho-pathologique.html]
[www.unikin.ac.cd/facultes-et-entites/centre-hospitalier-du-mont-amba-chma.html]
[www.unikin.ac.cd/musee/images/favicon/site.v2.html]
[www.unikin.ac.cd/musee/css/animate.css]
[www.unikin.ac.cd/musee/css/bootstrap.min.css]
[www.unikin.ac.cd/musee/css/bootstrap-datepicker.min.css]
[www.unikin.ac.cd/musee/css/bootstrap-select.min.css]
[www.unikin.ac.cd/musee/fonts/fontawesome-webfont3e6e.eot]
[www.unikin.ac.cd/musee/fonts/fontawesome-webfontd41d.eot]
[www.unikin.ac.cd/musee/fonts/fontawesome-webfont3e6e.woff2]
[www.unikin.ac.cd/musee/fonts/fontawesome-webfont3e6e.woff]
[www.unikin.ac.cd/musee/fonts/fontawesome-webfont3e6e.ttf]
[www.unikin.ac.cd/musee/css/font-awesome.min.css]
[www.unikin.ac.cd/musee/css/hover-min.css]
[www.unikin.ac.cd/musee/css/magnific-popup.css]
[www.unikin.ac.cd/musee/css/owl.carousel.min.css]
[www.unikin.ac.cd/musee/css/owl.theme.default.min.css]
[www.unikin.ac.cd/musee/plugins/egypt-icons/fonts/egypt-icon5ac4.eot]
[www.unikin.ac.cd/musee/plugins/egypt-icons/fonts/egypt-icon5ac4.ttf]
[www.unikin.ac.cd/musee/plugins/egypt-icons/fonts/egypt-icon5ac4.woff]
[www.unikin.ac.cd/musee/plugins/egypt-icons/style.css]
[www.unikin.ac.cd/musee/css/nouislider.css]
[www.unikin.ac.cd/musee/css/nouislider.pips.css]
[www.unikin.ac.cd/musee/css/jquery.bootstrap-touchspin.min.css]
[www.unikin.ac.cd/musee/css/jquery.mCustomScrollbar.min.css]
[www.unikin.ac.cd/musee/images/resources/preloader.gif]
[www.unikin.ac.cd/musee/images/resources/about-1-bg.jpg]
[www.unikin.ac.cd/musee/images/resources/dot-pattern-1-1.png]
[www.unikin.ac.cd/musee/images/resources/collections-link-decor-1-1.png]
[www.unikin.ac.cd/musee/images/collection/collection-link-decor.png]
[www.unikin.ac.cd/musee/images/background/event-bg-1-1.jpg]
[www.unikin.ac.cd/musee/images/background/inner-banner-bg-2-1.jpg]
[www.unikin.ac.cd/musee/images/background/testi-1-1-bg.jpg]
[www.unikin.ac.cd/musee/images/resources/testi-decor.png]
[www.unikin.ac.cd/musee/images/resources/testi-qoute-2.png]
[www.unikin.ac.cd/musee/images/resources/testi-qoute-2-hvr.png]
[www.unikin.ac.cd/musee/images/background/cta-1-bg.jpg]
[www.unikin.ac.cd/musee/images/resources/footer-bg-1-1.jpg]
[www.unikin.ac.cd/musee/images/background/video-bg-1-1.jpg]
[www.unikin.ac.cd/musee/images/resources/video-decor-1-1.png]
[www.unikin.ac.cd/musee/images/resources/video-2-1.jpg]
[www.unikin.ac.cd/musee/images/resources/exhibition-decor-1-1.png]
[www.unikin.ac.cd/musee/images/background/inner-banner-bg-1-1.jpg]
[www.unikin.ac.cd/musee/images/resources/carrer-1-1.jpg]
[www.unikin.ac.cd/musee/css/style.css]
[www.unikin.ac.cd/musee/css/responsive.css]
[www.unikin.ac.cd/musee/css/custom-muk.css]
[www.unikin.ac.cd/musee/images/visite/kakung.jpg]
[www.unikin.ac.cd/musee/contact.html]
[www.unikin.ac.cd/musee/apropos.html]
[www.unikin.ac.cd/musee/projets.html]
[www.unikin.ac.cd/musee/acquisitions.html]
[www.unikin.ac.cd/musee/images/visite/conference.png]
[www.unikin.ac.cd/musee/visite.html]
[www.unikin.ac.cd/musee/comite.html]
[www.unikin.ac.cd/musee/actualites.html]
[www.unikin.ac.cd/musee/expositions.html]
[www.unikin.ac.cd/musee/collections.html]
[www.unikin.ac.cd/musee/contact-2.html]
[www.unikin.ac.cd/musee/musee/info66a8.html]
[www.unikin.ac.cd/musee/musee/info21a8.html]
[www.unikin.ac.cd/musee/apropos-2.html]
[www.unikin.ac.cd/musee/leboss/gal/661c88129817cIMG_20221017_144703_807.jpg]
[www.unikin.ac.cd/musee/leboss/gal/661c897e283a4IMG_20221017_145252_732.jpg]
[www.unikin.ac.cd/musee/collectionse689.html]
[www.unikin.ac.cd/musee/leboss/gal/661304ef7acabimage_1_d_.jpg]
[www.unikin.ac.cd/musee/leboss/gal/661305be9144cimage_3_C.jpg]
[www.unikin.ac.cd/musee/collections1c7a.html]
[www.unikin.ac.cd/musee/collections84b5.html]
[www.unikin.ac.cd/musee/index-2.html]
[www.unikin.ac.cd/oipr/public/frontend/plugins/bootstrap/css/bootstrap.min.css]
[www.unikin.ac.cd/oipr/public/frontend/plugins/perfect-scrollbar/dist/css/perfect-scrollbar.min.css]
[www.unikin.ac.cd/oipr/public/frontend/plugins/toast-master/css/jquery.toast.css]
[www.unikin.ac.cd/oipr/public/assets/images/custom-select.png]
[www.unikin.ac.cd/oipr/public/frontend/css/style.css]
[www.unikin.ac.cd/oipr/public/frontend/css/pages/dashboard1.css]
[www.unikin.ac.cd/oipr/public/frontend/css/colors/blue.css]
[www.unikin.ac.cd/oipr/backend/assets/images/background/login-register.jpg]
[www.unikin.ac.cd/oipr/public/backend/assets/images/logoOIPR.png]
[www.unikin.ac.cd/oipr/public/backend/assets/plugins/jquery/jquery.min.js]
[www.unikin.ac.cd/oipr/public/backend/assets/plugins/bootstrap/js/popper.min.js]
[www.unikin.ac.cd/oipr/public/backend/assets/plugins/bootstrap/js/bootstrap.min.js]
[www.unikin.ac.cd/oipr/login.html]
[www.unikin.ac.cd/oipr/OIPR/chercheurs.html]
[www.unikin.ac.cd/oipr/public/storage/publications/1784876553.pdf]
[www.unikin.ac.cd/oipr/public/storage/publications/1782925126.pdf]
[www.unikin.ac.cd/oipr/public/storage/publications/1782720548.pdf]
[www.unikin.ac.cd/oipr/public/storage/publications/1782140261.pdf]
[www.unikin.ac.cd/oipr/public/storage/publications/1780947410.pdf]
[www.unikin.ac.cd/oipr/public/storage/publications/1780680389.pdf]
[www.unikin.ac.cd/oipr/public/storage/publications/1780050947.pdf]
[www.unikin.ac.cd/oipr/public/storage/publications/1780050537.pdf]
[www.unikin.ac.cd/oipr/public/storage/publications/1780050015.pdf]
[www.unikin.ac.cd/oipr/OIPR/publications.html]
[www.unikin.ac.cd/oipr/OIPR/centres.html]
[www.unikin.ac.cd/oipr/public/uploads/users_images/default.jpg]
[www.unikin.ac.cd/oipr/OIPR/apprenants.html]
[www.unikin.ac.cd/oipr/OIPR/theses.html]
[www.unikin.ac.cd/oipr/OIPR/axes.html]
[www.unikin.ac.cd/oipr/OIPR/revues.html]
[www.unikin.ac.cd/oipr/public/uploads/users_images/thumbnails/1712233773.jpg]
[www.unikin.ac.cd/oipr/public/uploads/users_images/thumbnails/1764186191.jpg]
[www.unikin.ac.cd/oipr/OIPR/projets.html]
[www.unikin.ac.cd/oipr/OIPR/facultes/1.html]
[www.unikin.ac.cd/oipr/OIPR/facultes/2.html]
[www.unikin.ac.cd/oipr/OIPR/facultes/3.html]
[www.unikin.ac.cd/oipr/OIPR/facultes/4.html]
[www.unikin.ac.cd/oipr/OIPR/facultes/5.html]
[www.unikin.ac.cd/oipr/OIPR/facultes/6.html]
[www.unikin.ac.cd/oipr/OIPR/facultes/7.html]
[www.unikin.ac.cd/oipr/OIPR/facultes/8.html]
[www.unikin.ac.cd/oipr/OIPR/facultes/11.html]
[www.unikin.ac.cd/oipr/OIPR/facultes/12.html]
[www.unikin.ac.cd/oipr/OIPR/facultes/20.html]
[www.unikin.ac.cd/oipr/public/frontend/images/car.png]
[www.unikin.ac.cd/oipr/OIPR/aproposCar.html]
[www.unikin.ac.cd/oipr/OIPR/centresa2de.html]
[www.unikin.ac.cd/oipr/OIPR/centres54e2.html]
[www.unikin.ac.cd/oipr/OIPR/centresce46.html]
[www.unikin.ac.cd/oipr/OIPR/facultes.html]
[www.unikin.ac.cd/oipr/public/uploads/users_images/thumbnails/1746648197.jpg]
[www.unikin.ac.cd/oipr/public/uploads/users_images/thumbnails/1721566930.jpg]
[www.unikin.ac.cd/oipr/OIPR/chercheursb3dc.html]
[www.unikin.ac.cd/oipr/public/uploads/users_images/thumbnails/1708686637.jpg]
[www.unikin.ac.cd/oipr/public/uploads/users_images/thumbnails/1710779064.jpg]
[www.unikin.ac.cd/oipr/OIPR/chercheursf8bd.html]
[www.unikin.ac.cd/oipr/public/uploads/users_images/thumbnails/1718555190.png]
[www.unikin.ac.cd/oipr/public/uploads/users_images/thumbnails/1757157472.jpg]
[www.unikin.ac.cd/oipr/OIPR/chercheursd644.html]
[www.unikin.ac.cd/oipr/public/uploads/users_images/thumbnails/1741276078.jpg]
[www.unikin.ac.cd/oipr/public/uploads/users_images/thumbnails/1708507181.jpg]
[www.unikin.ac.cd/oipr/OIPR/chercheursfab0.html]
[www.unikin.ac.cd/oipr/OIPR/chercheurs296d.html]
[www.unikin.ac.cd/oipr/OIPR/theses1646.html]
[www.unikin.ac.cd/oipr/OIPR/thesesd0fe.html]
[www.unikin.ac.cd/oipr/OIPR/publications/1720/LA-PREPARATION-A-DOMICILE-COMM...html]
[cdnjs.cloudflare.com/ajax/libs/font-awesome/5.15.4/css/all.min.css]
[www.unikin.ac.cd/oipr/public/uploads/users_images/1760855821.png]
[www.unikin.ac.cd/oipr/OIPR/chercheurs/2951/MBAMBU-PASIYIKALA-J.html]
[www.unikin.ac.cd/oipr/OIPR/publications/1717/GESTION-DES-ETABLISSEMENTS-DEN...html]
[www.unikin.ac.cd/oipr/public/uploads/users_images/1724847485.jpg]
[www.unikin.ac.cd/oipr/public/storage/publications/1785323685.pdf]
[www.unikin.ac.cd/oipr/public/storage/publications/1748528169.pdf]
[www.unikin.ac.cd/oipr/public/storage/publications/1748527969.pdf]
[www.unikin.ac.cd/oipr/public/storage/publications/1745949202.pdf]
[www.unikin.ac.cd/oipr/public/storage/publications/1748528711.pdf]
[www.unikin.ac.cd/oipr/public/storage/publications/1748528395.pdf]
[www.unikin.ac.cd/oipr/public/storage/publications/1748527564.pdf]
[www.unikin.ac.cd/oipr/public/storage/publications/1724850225.pdf]
[www.unikin.ac.cd/oipr/public/storage/publications/1724849658.pdf]
[www.unikin.ac.cd/oipr/public/storage/publications/1748535554.pdf]
[www.unikin.ac.cd/oipr/public/storage/publications/1748533357.pdf]
[www.unikin.ac.cd/oipr/public/storage/publications/1748532497.pdf]
[www.unikin.ac.cd/oipr/public/storage/publications/1748532160.pdf]
[www.unikin.ac.cd/oipr/public/storage/publications/1748530642.pdf]
[www.unikin.ac.cd/oipr/public/storage/publications/1748530210.pdf]
[www.unikin.ac.cd/oipr/public/storage/publications/1724860394.pdf]
[www.unikin.ac.cd/oipr/public/storage/publications/1724860053.pdf]
[www.unikin.ac.cd/oipr/public/storage/publications/1724859525.pdf]
[www.unikin.ac.cd/oipr/public/storage/publications/1724859061.pdf]
[www.unikin.ac.cd/oipr/public/storage/publications/1724858718.pdf]
[www.unikin.ac.cd/oipr/public/storage/publications/1724858335.pdf]
[www.unikin.ac.cd/oipr/public/storage/publications/1724857930.pdf]
[www.unikin.ac.cd/oipr/public/storage/publications/1724856779.pdf]
[www.unikin.ac.cd/oipr/public/storage/publications/1724856437.pdf]
[www.unikin.ac.cd/oipr/public/storage/publications/1724852384.pdf]
[www.unikin.ac.cd/oipr/public/storage/publications/1748536801.pdf]
[www.unikin.ac.cd/oipr/public/storage/publications/1748536438.pdf]
[www.unikin.ac.cd/oipr/public/storage/publications/1748535330.pdf]
[www.unikin.ac.cd/oipr/OIPR/chercheurs/1497/ENGUTA-MWENZI-JONATHAN.html]
[www.unikin.ac.cd/oipr/OIPR/publications/1713/GESTION-DES-CHARGES-SUPPLETIVE...html]
[www.unikin.ac.cd/oipr/public/uploads/users_images/1744482145.jpg]
[www.unikin.ac.cd/oipr/public/storage/publications/1775050513.pdf]
[www.unikin.ac.cd/oipr/OIPR/chercheurs/3321/MABANZA-ZUZU-BENI.html]
[www.unikin.ac.cd/oipr/OIPR/publications/1712/GENRE-ET-MOTIVATIONS-ENTREPREN...html]
[www.unikin.ac.cd/oipr/OIPR/publications/1710/INTELLIGENCE-ET-PERFORMANCES-S...html]
[www.unikin.ac.cd/oipr/public/uploads/users_images/1747087635.jpg]
[www.unikin.ac.cd/oipr/public/storage/publications/1774298586.pdf]
[www.unikin.ac.cd/oipr/public/storage/publications/1774298198.pdf]
[www.unikin.ac.cd/oipr/public/storage/publications/1774297914.pdf]
[www.unikin.ac.cd/oipr/public/storage/publications/1731527540.pdf]
[www.unikin.ac.cd/oipr/public/storage/publications/1728281246.pdf]
[www.unikin.ac.cd/oipr/public/storage/publications/1728280940.pdf]
[www.unikin.ac.cd/oipr/public/storage/publications/1728281734.pdf]
[www.unikin.ac.cd/oipr/OIPR/chercheurs/2985/FAKA-NZAMAKWEN-KELVIN.html]
[www.unikin.ac.cd/oipr/OIPR/publications/1708/EXAMINING-STUDENT-CONFLICTS-AT...html]
[www.unikin.ac.cd/oipr/public/storage/publications/1774205342.pdf]
[www.unikin.ac.cd/oipr/public/storage/publications/1723893133.pdf]
[www.unikin.ac.cd/oipr/public/uploads/gallery/prix.png]
[www.unikin.ac.cd/oipr/OIPR/chercheurs/2058/WAKENGE-MALEKANI-CLAUDE.html]
[www.unikin.ac.cd/oipr/OIPR/publications/1707/ON-A-MULTIPLE-MOTHER-TONGUES-I...html]
[www.unikin.ac.cd/oipr/OIPR/publications/1706/ACTION-ORIENTED-PROGRAMMING-AN...html]
[www.unikin.ac.cd/oipr/public/uploads/users_images/1718647638.png]
[www.unikin.ac.cd/oipr/public/storage/publications/1780049762.pdf]
[www.unikin.ac.cd/oipr/public/storage/publications/1780049430.pdf]
[www.unikin.ac.cd/oipr/public/storage/publications/1780049236.pdf]
[www.unikin.ac.cd/oipr/public/storage/publications/1780044987.pdf]
[www.unikin.ac.cd/oipr/public/storage/publications/1780044722.pdf]
[www.unikin.ac.cd/oipr/public/storage/publications/1780044121.pdf]
[www.unikin.ac.cd/oipr/public/storage/publications/1780043653.pdf]
[www.unikin.ac.cd/oipr/public/storage/publications/1780043124.pdf]
[www.unikin.ac.cd/oipr/public/storage/publications/1776161486.pdf]
[www.unikin.ac.cd/oipr/public/storage/publications/1780048959.pdf]
[www.unikin.ac.cd/oipr/public/storage/publications/1780048729.pdf]
[www.unikin.ac.cd/oipr/public/storage/publications/1780048376.pdf]
[www.unikin.ac.cd/oipr/public/storage/publications/1730206519.pdf]
[www.unikin.ac.cd/oipr/public/storage/publications/1718632590.pdf]
[www.unikin.ac.cd/oipr/public/storage/publications/1674571809.pdf]
[www.unikin.ac.cd/oipr/public/storage/publications/1674571462.pdf]
[www.unikin.ac.cd/oipr/public/storage/publications/1674569039.pdf]
[www.unikin.ac.cd/oipr/public/storage/publications/1674567400.pdf]
[www.unikin.ac.cd/oipr/public/storage/publications/1674568289.pdf]
[www.unikin.ac.cd/oipr/OIPR/chercheurs/1268/KYAMAKYA-KYANDOGHERE-JEAN-MARIE-VIANNEY.html]
[www.unikin.ac.cd/oipr/OIPR/publications/1705/FROM-IOT-TO-AIOT-EVOLVING-AGRI...html]
[www.unikin.ac.cd/oipr/OIPR/publications/1704/BEHAVIOR-MODELLING-AND-PERFORM...html]
[www.unikin.ac.cd/des-etudiants-de-la-faculte-polytechnique-de-lunikin-fabriquent-un-refrigerateur-a-partir-dune-glaciere-et-des-cables-electriques-recycles]
[www.unikin.ac.cd/en/quatrieme-congres-international-sur-le-strategies-et-enjeux-du-developpement-durable-cisedd4.html]
[www.unikin.ac.cd/en/fcoi-policy.html]
[www.unikin.ac.cd/message-dalma-a-loccasion-de-la-presentation-du-plan-strategique-de-lunikin.html]
[www.unikin.ac.cd/communique-sur-le-processus-de-mise-en-oeuvre-du-systeme-lmd.html]
[www.unikin.ac.cd/discours-du-secretaire-general-a-la-recherche-lors-de-la-collation-ceremonie-de-collation-de-grades-academiques-et-de-cloture-officielle-de-lannee-academique-2020-2021.html]
[www.unikin.ac.cd/en/le-recteur-jean-marie-kayembe-ntumba-lance-la-deuxieme-edition-du-festival-national-des-hommes-de-lettres.html]
[www.unikin.ac.cd/en/l-unikin-au-11th-international-symposium-for-cooperation-on-infectious-diseases.html]
[www.unikin.ac.cd/en/contact]
[www.unikin.ac.cd/en/le-recteur]
[www.unikin.ac.cd/en/actualites4658.html]
[www.unikin.ac.cd/en/atelier-de-formation-organise-dans-le-cadre-de-la-1-edition-des-doctorales-de-l-universite-de-kinshasa.html]
[www.unikin.ac.cd/en/le-chef-de-travaux-pongo-osomba-w-omatete-leopold-defend-sa-these-de-doctorat-en-sciences-economiques-ce-jeudi-a-l-universite-de-kinshasa.html]
[www.unikin.ac.cd/en/le-recteur-jean-marie-kayembe-ntumba-signe-la-declaration-de-kinshasa-document-final-sanctionnant-les-recommandations-des-travaux-du-colloque-de-l-esursi.html]
[www.unikin.ac.cd/en/le-directeur-general-de-cdc-afrique-recu-ce-mardi-par-le-recteur-jean-marie-kayembe-cap-sur-un-partenariat-strategique.html]
[www.unikin.ac.cd/en/session-speciale-de-vacances-au-centre-confucius-de-l-unikin.html]
[www.unikin.ac.cd/en/cafe-geoscientifique-2026-reflexion-sur-les-enjeux-et-opportunites-du-secteur-minier-en-rdc.html]
[www.unikin.ac.cd/en/premiere-edition-d-une-simulation-du-sommet-des-chefs-d-etat-et-de-gouvernement.html]
[www.unikin.ac.cd/en/culture-de-la-paix-et-sauvegarde-du-patrimoine-universitaire-l-unikin-renforce-sa-collaboration-avec-l-unesco.html]
[www.unikin.ac.cd/en/le-recteur-jean-marie-kayembe-ntumba-porte-un-message-de-paix-dans-les-facultes-apres-les-incidents-lies-aux-elections-estudiantines.html]
[www.unikin.ac.cd/en/erosions-a-l-unikin-le-recteur-jean-marie-kayembe-ntumba-appelle-a-une-mobilisation-collective.html]
[www.unikin.ac.cd/en/unikin-le-projet-international-igcp-774-officiellement-lance-a-kinshasa.html]
[www.unikin.ac.cd/en/actualites9ba9.html]
[www.unikin.ac.cd/en/activites-du-recteur4658.html]
[www.unikin.ac.cd/en/de-graves-erosions-apres-une-pluie-diluvienne-l-universite-de-kinshasa-durement-touchee.html]
[www.unikin.ac.cd/en/unikin-universite-de-wuhan-un-partenariat-strategique-scelle-en-chine-pour-la-numerisation.html]
[www.unikin.ac.cd/en/l-universite-de-kinshasa-classee-parmi-les-50-meilleures-institutions-africaines-en-2026.html]
[www.unikin.ac.cd/en/un-nouvel-ascenseur-apres-50-ans-symbole-de-modernisation-et-d-engagement-du-comite-de-gestion-de-l-universite-de-kinshasa.html]
[www.unikin.ac.cd/en/succes-de-la-journee-internationale-des-forets-2026-a-l-universite-de-kinshasa-plus-de-2-000-participants-mobilises.html]
[www.unikin.ac.cd/en/65-anniversaire-du-vol-de-youri-gagarine-une-celebration-scientifique-et-diplomatique-a-l-universite-de-kinshasa.html]
[www.unikin.ac.cd/en/rdc-lancement-de-la-conference-nationale-sur-des-infrastructures-durables-et-innovantes.html]
[www.unikin.ac.cd/en/a-l-unikin-des-femmes-pionnieres-celebrees-avec-eclat.html]
[www.unikin.ac.cd/en/les-femmes-de-l-unikin-mobilisees-pour-la-salubrite-du-campus-a-l-occasion-de-la-cloture-du-mois-de-la-femme-2026.html]
[www.unikin.ac.cd/en/le-recteur-jean-marie-kayembe-ntumba-devoile-des-panneaux-de-sensibilisation-pour-promouvoir-l-assainissement-du-campus.html]
[www.unikin.ac.cd/en/activites-du-recteur9ba9.html]
[www.unikin.ac.cd/en/activites-du-sgac4658.html]
[www.unikin.ac.cd/en/jean-lucien-bussa-tongba-obtient-son-doctorat-avec-la-plus-grande-distinction-grace-a-une-these-sur-le-commerce-international-et-la-croissance-en-rdc.html]
[www.unikin.ac.cd/en/liste-des-etudiants-etrangers-pour-lannee-academique-2025-2026.html]
[www.unikin.ac.cd/en/ceremonie-de-remise-et-reprise-au-senat-de-lunikin-une-nouvelle-equipe-investie.html]
[www.unikin.ac.cd/en/le-recteur-de-lunikin-constate-lavancee-timide-des-travaux-post-intemperies-au-plateau-des-professeurs.html]
[www.unikin.ac.cd/en/supervision-de-lancement-des-travaux-durgence-pour-sauver-le-plateau-des-professeurs-de-luniversite-de-kinshasa-unikin-par-les-ministres-john-banza-lunda-infrastructures-et-profe.27e.delaye]
[www.unikin.ac.cd/en/inscription-a-luniversite-de-kinshasa-unikin-pour-lannee-academique-2025-2026.html]
[www.unikin.ac.cd/wp-content/uploads/2025/10/Faculte-DE-MEDECINE.pdf]
[www.unikin.ac.cd/wp-content/uploads/2025/10/Faculte-DE-DROIT.pdf]
[www.unikin.ac.cd/wp-content/uploads/2025/10/FAC-DE-PSYCHOLOGIE-1-1.pdf]
[www.unikin.ac.cd/wp-content/uploads/2025/10/FAC-DE-PSYCHOLOGIE-2-1.pdf]
[www.unikin.ac.cd/wp-content/uploads/2025/10/Faculte-DE-PETROL-GAZ.pdf]
[www.unikin.ac.cd/wp-content/uploads/2025/10/FAC-MED.-VETERINAIRE.pdf]
[www.unikin.ac.cd/wp-content/uploads/2025/10/Faculte-DE-POLYTCH.pdf]
[www.unikin.ac.cd/wp-content/uploads/2025/10/Faculte-SC-AGRONOMIQUES.pdf]
[www.unikin.ac.cd/en/liste-des-admissibles-a-luniversite-de-kinshasa-annee-academique-2025-2026.html]
[www.unikin.ac.cd/en/reunion-de-travail-entre-monsieur-le-secretaire-general-academique-charles-odiko-et-les-informaticiens-de-luniversite-de-kinshasa.html]
[www.unikin.ac.cd/en/ceremonie-daccueil-des-nouveaux-etudiants-annee-academique-2025-2026.html]
[www.unikin.ac.cd/en/ouverture-de-lannee-academique-2025-2026-et-debut-effectif-des-enseignements-a-luniversite-de-kinshasa.html]
[www.unikin.ac.cd/en/64803-2.html]
[www.unikin.ac.cd/en/le-professeur-dr-odiko-lokangaka-charles-secretaire-general-academique-recoit-letudiant-mpenemoke-kaniki.html]
[www.unikin.ac.cd/en/plus-de-2-700-diplomes-proclames-a-luniversite-de-kinshasa-lors-de-la-cloture-de-lannee-academique-2024-2025.html]
[www.unikin.ac.cd/en/charge-horaire-du-personnel-academique.html]
[www.unikin.ac.cd/en/remise-des-bancs-a-luniversite-de-kinshasa-le-service-national-salue-pour-son-geste-citoyen.html]
[www.unikin.ac.cd/en/2e-edition-du-giga-salongo-a-luniversite-de-kinshasa-une-journee-sans-moto-ni-vehicule.html]
[www.unikin.ac.cd/en/match-de-gala-entre-les-facultes-de-medecine-veterinaire-une-celebration-de-la-journee-mondiale-veterinaire-a-kinshasa.html]
[www.unikin.ac.cd/en/seance-dimmersion-sur-la-numerisation-de-la-gestion-de-luniversite-de-kinshasa.html]
[www.unikin.ac.cd/en/activites-du-sgr4658.html]
[www.unikin.ac.cd/en/lancement-du-prix-dexcellence-prix-luc-gillon.html]
[www.unikin.ac.cd/en/l-universite-de-kinshasa-renforce-ses-capacites-editoriales-pour-une-science-visible-credible-et-ethique.html]
[www.unikin.ac.cd/en/l-unikin-progresse-au-classement-africain-des-universites.html]
[www.unikin.ac.cd/en/la-professeure-marie-claire-yandju-dembo-remporte-un-prix-dexcellence-a-la-conference-africaine-du-manioc.html]
[www.unikin.ac.cd/en/lares-stimule-la-reflexion-sur-la-recherche-transdisciplinaire-a-lunikin.html]
[www.unikin.ac.cd/en/recherche-au-troisieme-cycle-zero-tolerance-au-plagiat-a-lunikin.html]
[www.unikin.ac.cd/en/la-science-au-service-de-la-nation-congolaise-unikin-bastion-de-lunite-nationale-a-la-47e-edition-de-la-fickin.html]
[www.unikin.ac.cd/en/lunikin-met-en-lumiere-les-resultats-de-ses-recherches-a-la-47e-edition-de-la-foire-internationale-congolaise-de-kinshasa.html]
[www.unikin.ac.cd/en/luniversite-de-kinshasa-poursuit-activement-sa-participation-a-la-foire-internationale-de-congo-kinshasa-fickin.html]
[www.unikin.ac.cd/en/fickin-2025-luniversite-de-kinshasa-a-lhonneur-sous-le-label-unikin-solution.html]
[www.unikin.ac.cd/en/partenariat-en-perspective-entre-la-microfinance-bisou-bisou-et-luniversite-de-kinshasa.html]
[www.unikin.ac.cd/en/le-manioc-source-de-nutriments-ou-mythe-de-la-betise.html]
[www.unikin.ac.cd/en/activites-du-sgr9ba9.html]
[www.unikin.ac.cd/en/le-secretaire-general-administratif-de-lunikin-le-professeur-lapika-en-mission-officielle-en-chine-pour-renforcer-les-partenariats-universitaires-internationaux.html]
[www.unikin.ac.cd/en/operation-dinspection-et-de-debouchage-des-canalisations-a-lunikin.html]
[www.unikin.ac.cd/en/axes-prioritaires-comite-gestion-unikin.html]
[www.unikin.ac.cd/en/des-badges-pour-les-motocyclistes-du-site-de-luniversite-de-kinshasa.html]
[www.unikin.ac.cd/en/formation-continue-du-personnel-administratif-de-luniversite-de-kinshasa.html]
[www.unikin.ac.cd/en/les-membres-du-comite-de-gestion-ont-effectue-la-semaine-derniere-la-ronde-des-12-facultes-de-luniversite-de-kinshasa.html]
[www.unikin.ac.cd/en/pose-de-la-premiere-pierre-du-batiment-devant-abriter-lusine-deau-potable-de-luniversite-de-kinshasa.html]
[www.unikin.ac.cd/en/a-lecoute-des-femmes-policieres-de-la-garde-universitaire-unikin.html]
[www.unikin.ac.cd/en/conference-debat-sur-le-leadership-feminin-dans-les-medias.html]
[www.unikin.ac.cd/en/commemoration-de-la-journee-internationale-des-droits-de-la-femme-a-luniversite-de-kinshasa.html]
[www.unikin.ac.cd/en/nouvel-an-2022-une-premiere-a-luniversite-de-kinshasa.html]
[www.unikin.ac.cd/en/articles4658.html]
[www.unikin.ac.cd/en/brain-abnormalities-associated-with-myelomeningocele-at-kinshasa-university-teaching-hospital-in-the-democratic-republic-of-the-congo.html]
[www.unikin.ac.cd/en/comparison-between-surgical-and-conservative-management-of-tuberculous-spondylodiscitis-at-university-teaching-hospitals-of-kinshasa-and-kisangani-in-the-democratic-republic-of-the-congo.2a]
[www.unikin.ac.cd/en/le-recteur-jean-marie-kayembe-ntumba-recompense-pour-sa-vision-de-la-masculinite-positive-a-luniversite-de-kinshasa.html]
[www.unikin.ac.cd/en/perception-de-lefficacite-du-systeme-lmd-par-les-enseignants-de-luniversite-de-kinshasa.html]
[www.unikin.ac.cd/en/factors-associated-with-non-response-to-cardiac-resynchronization-therapy-insights-from-a-real-world-single-center-study.html]
[www.unikin.ac.cd/en/evaluation-of-contact-tracing-performance-during-an-ebola-virus-disease-outbreak-in-a-complex-security-environment-the-case-of-north-kivu-province-democratic-republic-of-the-congo-2018-2020]
[www.unikin.ac.cd/en/hydroxychloroquine-azithromycin-doubase-c-and-qtc-prolongation-in-congolese-patients-with-covid-19-myth-or-reality.html]
[www.unikin.ac.cd/en/ethnobotany-of-food-plants-used-in-the-kimvula-territory-kongo-central-province-in-congo-dr-ethnobotany-of-foods-plants-in-congo-dr.html]
[www.unikin.ac.cd/en/an-ancillary-care-policy-in-a-vaccine-trial-conducted-in-a-resource-constrained-setting-evaluation-and-policy-recommendations.html]
[www.unikin.ac.cd/en/baseline-assessment-of-road-traffic-characteristics-and-its-possible-impact-on-human-health-and-the-environment-in-kinshasa-democratic-republic-of-congo.html]
[www.unikin.ac.cd/en/species-composition-and-distribution-of-the-anopheles-gambiae-complex-circulating-in-kinshasa.html]
[www.unikin.ac.cd/en/assessing-how-large-language-models-can-be-integrated-with-or-used-for-blockchain-technology-overview-and-illustrative-case-study.html]
[www.unikin.ac.cd/en/the-correlates-of-atrial-fibrillation-in-a-random-sample-of-congolese-inhabitants-of-the-city-of-kinshasa-the-democratic-republic-of-the-congo.html]
[www.unikin.ac.cd/en/intelligence-emotionnelle-et-creativite-des-eleves-des-ecoles-secondaires-de-kinshasa.html]
[www.unikin.ac.cd/en/longitudinal-assessment-of-an-ebola-vaccine-trial-understanding-among-healthcare-providers-in-the-democratic-republic-of-the-congo.html]
[www.unikin.ac.cd/en/evolution-of-the-quality-of-the-partogram-in-96-health-care-facilities-of-3-provincial-health-divisions-in-the-democratic-republic-of-the-congo.html]
[www.unikin.ac.cd/en/improving-testing-capacity-for-covid-19-experiences-and-lessons-from-senegal-uganda-nigeria-and-the-democratic-republic-of-congo.html]
[www.unikin.ac.cd/en/projected-changes-in-rainfall-amount-and-distribution-in-the-democratic-republic-of-congo-evidence-from-an-ensemble-of-high-resolution-climate-simulations.html]
[www.unikin.ac.cd/en/correlation-of-antifungal-susceptibility-and-sequence-types-within-cryptococcus-neoformans-vni-from-hiv-patients-and-erg11-gene-polymorphism.html]
[www.unikin.ac.cd/en/quantification-and-allocation-of-uncertainties-of-climate-change-impacts-on-hydropower-potential-under-1-5-◦c-and-2-0-◦c-global-warming-levels-in-the-headwaters-of-the-benue-river-basi.2c1]
[www.unikin.ac.cd/en/un-repertoire-historique-des-fonds-documentaires-de-l-universite-lovanium-et-de-l-universite-de-kinshasa-devoile.html]
[www.unikin.ac.cd/en/nos-theses4658.html]
[www.unikin.ac.cd/en/micronutrients-deficiencies-and-heavy-metals-exposure-in-children-under-five-years-in-popokabaka-the-democratic-republic-of-congo.html]
[www.unikin.ac.cd/en/modalites-trajectoires-preferentielles-et-facteurs-explicatifs-des-dynamiques-de-diffusion-spatio-temporelle-des-epidemies-de-cholera-en-republique-democratique-du-congo.html]
[www.unikin.ac.cd/en/a-semantico-pragmatic-analysis-of-utterances-in-the-lecturer-student-communication-a-case-study.html]
[www.unikin.ac.cd/en/a-sociocultural-and-sociolinguistic-investigation-of-old-and-new-place-names-along-the-national-highw-a-y-from-mat-adj-to-kasangulu-in-kongo-central-province-drc.html]
[www.unikin.ac.cd/en/syndrome-dapnees-du-sommeil-mythe-ou-realite-a-kinshasa-plaidoyer-pour-une-gestion-rationnelle-de-cette-pathologie-en-milieu-peu-nanti.html]
[www.unikin.ac.cd/en/gestion-budgetaire-croissance-economique-et-lutte-contre-la-pauvrete-en-rdc-de-1980-a-2020-connexion-des-outils-et-convergence-des-politiques.html]
[www.unikin.ac.cd/en/systeme-de-passation-des-marches-publics-en-republique-democratique-du-congo-critiques-et-propositions-damelioration.html]
[www.unikin.ac.cd/en/contribution-des-fermes-agroforestieres-locales-a-la-gestion-durable-de-la-reserve-de-biosphere-de-luki-en-republique-democratique-du-congo.html]
[www.unikin.ac.cd/en/la-modernisation-des-procedures-fiscales-a-lepreuve-de-la-revolution-numerique-en-rdc.html]
[www.unikin.ac.cd/en/interet-de-la-circonference-du-cou-dans-le-diagnostic-de-linsulinoresistance-et-du-risque-cardiometabolique-chez-ladul-te-bantu-congolais.html]
[www.unikin.ac.cd/en/approche-narratologique-de-lideologie-dans-le-roman-congolais-dexpression-francaise-1976-2007.html]
[www.unikin.ac.cd/en/reflexion-sur-les-actions-de-lorganisation-des-nations-unies-dans-la-repression-des-crimes-internationaux-necessite-dune-responsabilisation-du-conseil-de-securite.html]
[www.unikin.ac.cd/en/surveillance-epidemiologique-et-moleculaire-des-virus-grippaux-circulant-a-kinshasa-republique-democratique-du-congo.html]
[www.unikin.ac.cd/en/effets-des-innovations-technologiques-sur-linclusion-bancaire-cas-du-mobile-banking-en-afrique.html]
[www.unikin.ac.cd/en/protection-des-consommateurs-des-produits-pharmaceutiques-contrefaits-et-sous-standards-en-droit-congolais-quete-dune-bonne-gouvernance.html]
[www.unikin.ac.cd/en/etude-ethnobotanique-des-plantes-utiles-du-territoire-de-kimvula-dans-la-province-du-kongo-central.html]
[www.unikin.ac.cd/en/etude-des-forets-sacrees-du-secteur-lukumbe-dans-la-province-du-sankuru.html]
[www.unikin.ac.cd/en/la-democratie-representative-a-lepreuve-des-pratiques-electorales-en-republique-democratique-du-congo.html]
[www.unikin.ac.cd/en/decentralisation-par-la-loi-n08-012-portant-principes-fondamentaux-relatifs-a-la-libre-administration-des-provinces-a-lepreuve-de-la-gestion-de-la-province-du-kwango.html]
[www.unikin.ac.cd/en/gestion-durable-des-dechets-solides-des-menages-a-kinshasa-contribution-a-la-problematique-de-financement-et-dassainissement.html]
[www.unikin.ac.cd/en/nos-theses9ba9.html]
[www.unikin.ac.cd/invitation-a-la-matinee-scientifique-sur-ajustement-budgetaire-et-stabilite-du-cadre-macroeconomique-face-au-choc-securitaire.html]
[www.unikin.ac.cd/university-of-kinshasa-profile.html]
[www.unikin.ac.cd/le-departement-de-medecine-tropicale-de-l-unikin-a-installe-un-site-d-essai-clinique-au-sein-de-l-hopital-general-de-boende.html]
[www.unikin.ac.cd/en/facultes-et-entites/index.html]
[www.unikin.ac.cd/en/polytechnic-skills-lexcellence-et-linnovation-des-futurs-ingenieurs-de-lunikin.html]
[www.unikin.ac.cd/en/les-rebellions-armees-dans-lhistoire-contemporaine-du-congo.html]
[www.unikin.ac.cd/en/le-salon-des-sciences-des-technologies-et-des-innovations-environnementales-pour-le-developpement-durable-du-26-au-28-novembre-2024.html]
[www.unikin.ac.cd/en/seminaire-scientifique-sur-le-mosaicisme-genetique-et-ses-implications-dans-les-maladies-humaines.html]
[www.unikin.ac.cd/en/un-de-derniers-articles-ou-le-prof-jr-mbuyamba-etait-co-auteur.html]
[www.unikin.ac.cd/en/la-communaute-universitaire-dit-adieu-au-professeur-emerite-lufuma-lwa-nkandi.html]
[www.unikin.ac.cd/en/luniversite-de-kinshasa-rend-hommage-au-professeur-emerite-gaston-kalambayi-lumpungu.html]
[www.unikin.ac.cd/en/la-communaute-universitaire-de-lunikin-rend-hommage-au-professeur-emerite-pascal-payanzo.html]
[www.unikin.ac.cd/en/in-memoriam-nestor-pakasa-muyulu-dugogi.html]
[www.unikin.ac.cd/en/professeur-jacob-sabakinu-kivilu.html]
[www.unikin.ac.cd/alumni/forgot-password.html]
[www.unikin.ac.cd/alumni/RD.html]
[www.unikin.ac.cd/alumni/alumni/1078.html]
[www.unikin.ac.cd/alumni/alumni/1507.html]
[www.unikin.ac.cd/alumni/alumni/1470.html]
[www.unikin.ac.cd/alumni/alumni/1924.html]
[www.unikin.ac.cd/alumni/alumni/1732.html]
[www.unikin.ac.cd/alumni/alumni/732.html]
[www.unikin.ac.cd/alumni/alumni/149.html]
[www.unikin.ac.cd/alumni/alumni/710.html]
[www.unikin.ac.cd/alumni/alumni/150.html]
[www.unikin.ac.cd/alumni/alumni/1130.html]
[www.unikin.ac.cd/alumni/alumni/737.html]
[www.unikin.ac.cd/alumni/alumni/605.html]
[www.unikin.ac.cd/alumni/index2679.html]
[www.unikin.ac.cd/alumni/index4658.html]
[www.unikin.ac.cd/alumni/index9ba9.html]
[www.unikin.ac.cd/actualites2679.html]
[www.unikin.ac.cd/actualites37ec.html]
[www.unikin.ac.cd/en/actualites37ec.html]
[www.unikin.ac.cd/la-rdc-participe-a-la-sixieme-conference-diplomatique-africaine-sur-le-leadership-jeunesse.html]
[www.unikin.ac.cd/l-ecole-de-criminologie-de-l-universite-de-kinshasa-coconstruit-un-savoir-endogene.html]
[www.unikin.ac.cd/organisation-du-workshop-international-ai2m4ri-grece-athenes-18-20-aout-2026.html]
[www.unikin.ac.cd/seminaire-du-ccps-une-analyse-criminologique-de-la-gestion-des-dechets-medicaux-a-kinshasa.html]
[www.unikin.ac.cd/actualitesfdb0.html]
[www.unikin.ac.cd/lancement-dune-formation-certifiante-au-metier-de-valorisation-des-resultats-de-recherche.html]
[www.unikin.ac.cd/ouverture-des-inscriptions-a-lecole-des-sciences-de-la-population-et-du-developpement-espd.html]
[www.unikin.ac.cd/decouvrez-les-formations-professionnelles-a-it-zone-unikin.html]
[www.unikin.ac.cd/actualites3930.html]
[www.unikin.ac.cd/en/actualites3930.html]
[www.unikin.ac.cd/plaidoyer-pour-la-sauvegarde-de-la-cite-kindele-l-unikin-appelee-a-agir.html]
[www.unikin.ac.cd/une-conference-pour-donner-un-visage-a-l-invisible-a-l-occasion-de-la-journee-mondiale-des-maladies-rares.html]
[www.unikin.ac.cd/l-universite-de-kinshasa-remporte-le-prix-impact-exploration-au-ngea-2026.html]
[www.unikin.ac.cd/l-etudiant-seraphin-mikobi-publie-le-recueil-des-nouvelles-le-c-ur-d-une-vraie-mere.html]
[www.unikin.ac.cd/le-recteur-jean-marie-kayembe-ntumba-recoit-la-delegation-de-la-rec.html]
[www.unikin.ac.cd/cooperation-academique-entre-les-deux-congo-l-udsn-et-l-unikin-scellent-un-accord-cadre-a-kinshasa.html]
[www.unikin.ac.cd/l-unikin-envisage-une-soiree-de-gala-au-profit-de-la-maison-unikin-au-centre-ville-de-kinshasa.html]
[www.unikin.ac.cd/sinspirer-de-la-chine-pour-batir-le-developpement-par-lhumain.html]
[www.unikin.ac.cd/participation-du-recteur-de-lunikin-au-forum-sur-le-partenariat-monde-du-travail-a-luniversite-denis-sassou-nguesso-udsn.html]
[www.unikin.ac.cd/l-unikin-a-ete-brillamment-representee-au-plus-haut-niveau-par-l-un-de-ses-chercheurs.html]
[www.unikin.ac.cd/l-ecole-de-l-eau-de-l-universite-de-kinshasa-instaure-des-recherches-post-doctorales.html]
[www.unikin.ac.cd/stages-a-la-ferme-agro-pastorale-de-l-unikin.html]
[www.unikin.ac.cd/publication-de-deux-ouvrages-d-etudiants-a-l-universite-de-kinshasa.html]
[www.unikin.ac.cd/lutte-contre-le-paludisme-chez-la-femme-enceinte-les-resultats-dune-etude-menee-par-le-pnlp-et-le-departement-de-medecine-tropicale-de-lunikin-devoiles-au-cours-dun-atelier.html]
[www.unikin.ac.cd/actualitesaf4d.html]
[www.unikin.ac.cd/activites-du-recteur2679.html]
[www.unikin.ac.cd/activites-du-recteur37ec.html]
[www.unikin.ac.cd/en/activites-du-recteur37ec.html]
[www.unikin.ac.cd/le-medecin-directeur-des-cuk-impressionne-par-le-nouveau-laboratoire-de-chirurgie-maxillo-faciale-de-lunikin.html]
[www.unikin.ac.cd/message-de-voeux-du-recteur-a-la-communaute-universitaire.html]
[www.unikin.ac.cd/des-etudiants-de-lunikin-certifies-par-lambassade-americaine.html]
[www.unikin.ac.cd/lancement-de-la-rentree-academique-2025-2026-du-master-en-ecologie-des-maladies-infectieuses-a-kinshasa.html]
[www.unikin.ac.cd/des-negociations-tripartites-lancees-entre-lunikin-lupc-et-luniversite-patrice-emery-lumumba-de-moscou.html]
[www.unikin.ac.cd/seance-de-travail-a-luniversite-p-e-lumumba-preparatifs-de-lorganisation-du-titre-honoris-causa-du-president-tshisekedi.html]
[www.unikin.ac.cd/le-recteur-jean-marie-kayembe-ntumba-represente-la-communaute-universitaire-congolaise-aux-cotes-du-president-tshisekedi.html]
[www.unikin.ac.cd/le-recteur-jean-marie-kayembe-ntumba-en-visite-de-courtoisie-a-lambassade-de-la-rdc-a-moscou.html]
[www.unikin.ac.cd/hommage-et-vives-felicitations-au-recteur-jean-marie-kayembe-ntumba-pour-son-elevation-au-titre-de-docteur-honoris-causa.html]
[www.unikin.ac.cd/activites-du-recteurfdb0.html]
[www.unikin.ac.cd/activites-du-recteur3930.html]
[www.unikin.ac.cd/en/activites-du-recteur3930.html]
[www.unikin.ac.cd/lunesco-et-luniversite-de-kinshasa-renforcent-leur-cooperation-pour-la-transformation-numerique.html]
[www.unikin.ac.cd/signature-dun-memorandum-dentente-mou-entre-luniversite-cheikh-anta-diop-de-dakar-et-luniversite-de-kinshasa.html]
[www.unikin.ac.cd/lambassadeur-christophe-muzungu-recoit-le-comite-de-gestion-de-lunikin-et-sa-delegation-en-sejour-a-dakar-au-senegal.html]
[www.unikin.ac.cd/le-recteur-jean-marie-kayembe-ntumba-eleve-le-drapeau-de-la-rdc-et-de-lunikin-sur-la-scene-academique-internationale-grace-au-doctorat-honoris-causa.html]
[www.unikin.ac.cd/le-recteur-jean-marie-kayembe-ntumba-honore-de-sa-presence-le-colloque-sur-linnovation-et-le-developpement-durable-a-dakar.html]
[www.unikin.ac.cd/catastrophe-a-lunikin-le-recteur-jean-marie-kayembe-ntumba-lance-un-cri-dalarme.html]
[www.unikin.ac.cd/le-felico-2025-officiellement-lance-avec-le-bapteme-dun-ouvrage-par-le-professeur-bahati-lukwebo.html]
[www.unikin.ac.cd/vital-kamerhe-recu-par-le-recteur-de-lunikin-apres-son-cours-inaugural-en-economie.html]
[www.unikin.ac.cd/le-laboratoire-de-chirurgie-orale-et-maxillo-faciale-deja-au-service-de-la-formation-des-etudiants.html]
[www.unikin.ac.cd/le-recteur-jean-marie-kayembe-ntumba-felicite-ses-phacocheres-champions-de-basket-interuniversitaire.html]
[www.unikin.ac.cd/une-delegation-de-luniversite-makerere-en-visite-de-travail-a-luniversite-de-kinshasa.html]
[www.unikin.ac.cd/campagne-de-sensibilisation-sur-les-cancers-feminins-a-lunikin.html]
[www.unikin.ac.cd/le-recteur-de-lunikin-en-visite-a-lambassade-degypte.html]
[www.unikin.ac.cd/le-recteur-jean-marie-kayembe-ntumba-recoit-russell-mpenemoke-et-son-projet-rudless-prime-nationalement.html]
[www.unikin.ac.cd/des-etudiants-de-luniversite-de-kinshasa-en-visite-a-lambassade-des-etats-unis.html]
[www.unikin.ac.cd/le-recteur-de-luniversite-de-kinshasa-professeur-kayembe-jean-marie-a-recu-les-membres-du-comite-de-la-socop-ainsi-que-du-comite-scientifique.html]
[www.unikin.ac.cd/structuration-du-master-en-economie-verte-et-finances-climatiques-reunion-des-parties-prenantes-a-luniversite-de-kinshasa.html]
[www.unikin.ac.cd/le-recteur-de-lunikin-echange-avec-le-consul-honoraire-de-la-rdc-en-pologne-pour-une-cooperation-universitaire-renforcee.html]
[www.unikin.ac.cd/le-recteur-de-lunikin-recoit-la-delegation-des-chefs-detablissements-et-professeurs-deplaces-du-nord-et-sud-kivu.html]
[www.unikin.ac.cd/renforcement-de-la-cooperation-academique-entre-luniversite-de-kinshasa-et-luniversite-de-mbuji-mayi.html]
[www.unikin.ac.cd/activites-du-recteuraf4d.html]
[www.unikin.ac.cd/activites-du-sgac2679.html]
[www.unikin.ac.cd/activites-du-sgac37ec.html]
[www.unikin.ac.cd/en/activites-du-sgac37ec.html]
[www.unikin.ac.cd/seance-de-reflexion-relative-a-lorganisation-de-la-conference-sur-la-deperdition-academique.html]
[www.unikin.ac.cd/mobilite-des-enseignants.html]
[www.unikin.ac.cd/luniversite-de-kinshasa-vient-de-signer-un-memorandum-of-understanding-for-a-linkage-agreement.html]
[www.unikin.ac.cd/communique-pour-le-paiement-de-frais-detudes-2022-2023.html]
[www.unikin.ac.cd/le-professeur-eustache-banza-est-arrive-a-indiana-university.html]
[www.unikin.ac.cd/atelier-sur-le-lmd-a-luniversite-de-kinshasa-du-07-au-09-mars-2022.html]
[www.unikin.ac.cd/liste-des-admissibles-a-luniversite-de-kinshasa-annee-academique-2025-2026]
[www.unikin.ac.cd/activites-du-sgr2679.html]
[www.unikin.ac.cd/activites-du-sgr37ec.html]
[www.unikin.ac.cd/en/activites-du-sgr37ec.html]
[www.unikin.ac.cd/luniversite-de-kinshasa-a-le-plaisir-de-vous-inviter-a-une-conference-debat-sur-le-manioc-suite-a-larticle-viral-publie-le-1er-avril.html]
[www.unikin.ac.cd/visites-de-la-secretaire-generale-a-la-recherche-dans-les-facultes-de-luniversite-de-kinshasa.html]
[www.unikin.ac.cd/femme-paix-et-securite-une-matinee-dechanges-pour-sensibiliser-les-femmes-de-lunikin.html]
[www.unikin.ac.cd/matinee-dechanges-autour-des-mecanismes-doperationnalisation-du-troisieme-cycle.html]
[www.unikin.ac.cd/innovation-technologique-en-rdc-remise-des-titres-de-propriete-industrielle-aux-inventeurs-congolais.html]
[www.unikin.ac.cd/rapport-rankings-2024-des-chercheurs-de-lunikin.html]
[www.unikin.ac.cd/agenda-du-sgr-janvier-2025-un-mois-riche-en-activites-pour-la-recherche-universitaire.html]
[www.unikin.ac.cd/participation-a-latelier-devaluation-de-la-valorisation-des-resultats-de-recherche-a-luniversite-de-lubumbashi.html]
[www.unikin.ac.cd/serie-de-seminaires-de-sensibilisation-et-de-formation-sur-loutil-dinventaire-et-de-planification-de-la-recherche-a-lunikin-oipr.html]
[www.unikin.ac.cd/ouverture-du-marche-agricole-congolais-magric-au-stade-albert-1er-du-college-boboto.html]
[www.unikin.ac.cd/la-secretaire-generale-a-la-recherche-professeure-marie-claire-yandju-a-recu-une-delegation-de-specialistes-en-production-vegetale.html]
[www.unikin.ac.cd/formation-sur-lutilisation-du-logiciel-danti-plagiat-compilatio.html]
[www.unikin.ac.cd/formation-des-agents-commis-a-lassainissement-de-lunikin.html]
[www.unikin.ac.cd/checklist-pour-ladmission-et-pour-linscription-au-dea-des-these.html]
[www.unikin.ac.cd/recapitulatif-des-elements-du-dossier-de-candidat-au-dea-des-et-a-these-de-doctorat.html]
[www.unikin.ac.cd/participation-du-sgr-de-lunikin-la-professeure-marie-claire-yandju-a-la-foire-intra-african-trade-fair-iatf-2023.html]
[www.unikin.ac.cd/debut-des-travaux-en-residentiel-au-village-venus-a-bibwa.html]
[www.unikin.ac.cd/mercredi-26-04-secretariat-general-a-la-recherche-seance-de-travail-entre-les-experts-du-sgr.html]
[www.unikin.ac.cd/atelier-dechanges-du-secretaire-general-a-la-recherche-et-les-doyens-et-vice-doyens-des-facultes-de-lunikin.html]
[www.unikin.ac.cd/reception-par-le-professeur-antoine-tshimpi-secretaire-general-a-la-recherche-de-luniversite-de-kinshasa-dune-equipe-de-luniversite-de-liege.html]
[www.unikin.ac.cd/activites-du-sgrfdb0.html]
[www.unikin.ac.cd/activites-du-sgr3930.html]
[www.unikin.ac.cd/en/activites-du-sgr3930.html]
[www.unikin.ac.cd/campagne-de-sensibilisation-sur-la-politique-anti-plagiat.html]
[www.unikin.ac.cd/le-secretaire-general-a-la-recherche-le-professeur-antoine-tshimpi-a-recu-en-entretien-le-professeur-matthieu-sergier-de-luniversite-saint-louis.html]
[www.unikin.ac.cd/le-professeur-antoine-tshimpi-a-recu-madame-la-professeure-bintou-sessouma.html]
[www.unikin.ac.cd/atelier-de-reflexion-sur-les-activites-innovantes-et-prioritaires.html]
[www.unikin.ac.cd/journee-de-perinatalogie-ce-vendredi-27-janvier-2023.html]
[www.unikin.ac.cd/lecole-de-sante-publique-esp-de-luniversite-de-kinshasa-a-tenu-sa-reunion-technique-presidee-par-sem-le-ministre-de-lesu.html]
[www.unikin.ac.cd/reception-lundi-24-janvier-au-rectorat-unikin-dune-forte-delegation-de-lagence-francaise-de-developpement-afd.html]
[www.unikin.ac.cd/visite-a-lunikin-ce-mardi-25-janvier-2023-du-doyen-edouard-louis.html]
[www.unikin.ac.cd/appels-a-candidatures-bourses-doctorales-pour-etudiants.html]
[www.unikin.ac.cd/les-voeux-du-sgr-antoine-tshimpi.html]
[www.unikin.ac.cd/rapport-de-recherche-scientifique-2021-2022.html]
[www.unikin.ac.cd/reunion-entre-la-substance-grise-et-le-comite-de-gestion-de-luniversite-de-kinshasa.html]
[www.unikin.ac.cd/reception-dun-don-de-lorganisation-mondiale-de-la-sante-oms.html]
[www.unikin.ac.cd/ce-12-aout-2022-journee-internationale-de-la-jeunesse-luniversite-de-kinshasa-invite-au-festin-scientifique-sur-la-jeunesse.html]
[www.unikin.ac.cd/un-atelier-de-formation-dont-le-theme-est-elaboration-des-projets-et-mobilisation-des-fonds-de-recherche.html]
[www.unikin.ac.cd/le-secretariat-general-charge-de-la-recherche-de-lunikin-nous-convie-ce-mercredi-22-juin-2022-de-9h-a-13h-a-latelier-de-partage-dexperience-et-de-discussion-du-plan-daction-strategique-de-lu.4]
[www.unikin.ac.cd/le-doctorant-nzege-deborah-remercie-le-sgr-le-professeur-antoine-tshimpi.html]
[www.unikin.ac.cd/le-centre-culturel-americain-offre-a-lunikin-plus-de-500-livres-ecrits-en-anglais.html]
[www.unikin.ac.cd/lhebdomadaire-de-la-recherche-semaine-du-30-mai-au-05-juin-2022-semaine-unikin-de-lindexation.html]
[www.unikin.ac.cd/lhebdomadaire-de-la-recherche-n11-2022-la-semaine-21-du-23-au-29-mai-2022.html]
[www.unikin.ac.cd/activites-du-sgraf4d.html]
[www.unikin.ac.cd/wp-content/uploads/2021/10/recteur_unikin-5.html]
[www.unikin.ac.cd/wp-content/uploads/2021/10/recteur_unikin-6-1.html]
[www.unikin.ac.cd/wp-content/uploads/2021/10/recteur_unikin-7.html]
[www.unikin.ac.cd/wp-content/uploads/2021/10/recteur_unikin-8.html]
[www.unikin.ac.cd/wp-content/uploads/2021/10/recteur_unikin-9.html]
[www.unikin.ac.cd/wp-content/uploads/2021/10/recteur_unikin-1.html]
[www.unikin.ac.cd/wp-content/uploads/2021/10/recteur_unikin-2.html]
[www.unikin.ac.cd/wp-content/uploads/2021/10/recteur_unikin-3.html]
[www.unikin.ac.cd/wp-content/uploads/2021/10/recteur_unikin-4.html]
[www.unikin.ac.cd/articles2679.html]
[www.unikin.ac.cd/articles37ec.html]
[www.unikin.ac.cd/en/articles37ec.html]
[www.unikin.ac.cd/periode-post-covid-19-quelle-orientation-politique-et-modele-economique-pour-la-republique-democratique-du-congo.html]
[www.unikin.ac.cd/sars-cov2-mutations-and-impact-on-mortality-observational-study-in-a-subsaharan-africa-hospital.html]
[www.unikin.ac.cd/in-vitro-biological-activities-of-drepanoalpha-ethanolic-extract-a-justicia-secunda-and-moringa-oleifera-based-phytomedicine-proposed-for-the-symptomatic-treatment-of-sickle-cell-disease.4e0.d]
[www.unikin.ac.cd/clinical-characterization-of-human-monkeypox-infections-in-the-democratic-republic-of-the-congo.html]
[www.unikin.ac.cd/_https_/www.unikin.ac.cd/wp-content/uploads/2023/08/Cryptococcus-paper.html]
[www.unikin.ac.cd/nos-theses2679.html]
[www.unikin.ac.cd/nos-theses37ec.html]
[www.unikin.ac.cd/en/nos-theses37ec.html]
[www.unikin.ac.cd/a-study-of-english-materials-and-language-performance-in-an-efl-context-a-case-study.html]
[www.unikin.ac.cd/lelection-presidentielle-dans-les-etats-post-conflits-et-la-contestation-des-resultats-en-afrique-subsaharienne-essai-dune-approche-focalisee-sur-la-democratie-par-mediation.html]
[www.unikin.ac.cd/emerging-viruses-in-the-democratic-republic-of-the-congo-characterization-of-the-humoral-immune-response-against-ebola-virus-and-sars-cov-2.html]
[www.unikin.ac.cd/contribution-a-letude-de-stabilisation-et-de-standardisation-du-mashanza-fromage-frais-traditionnel-du-sud-kivu.html]
[www.unikin.ac.cd/lithiase-urinaire-en-republique-democratique-du-congo-aspects-epidemiologiques-morphoconstitutionnels-etiologiques-cliniques-et-therapeutiques-2.html]
[www.unikin.ac.cd/capacite-de-detoxification-cyanhydrique-et-polymorphisme-genetique-de-la-thiosulfate-sulfuretransferase-tst-et-de-la-mercapto-pyruvate-sulfuretransferase-mpst-dans-le-konzo.html]
[www.unikin.ac.cd/le-financement-public-des-campagnes-electorales-en-rdc-element-federateur-pour-legalite-des-chances-daccession-a-la-gestion-de-la-res-publica-un-enjeu-de-pouvoir-a-normaliser-au-regard-du-droi]
[www.unikin.ac.cd/etude-des-interactions-sigma-hole-de-soufre-selenium-et-tellure-divalents-par-analyse-de-la-base-des-donnees-structurales-de-cambridge-couplee-aux-methodes-computationnelles.html]
[www.unikin.ac.cd/le-recours-a-la-force-dans-le-cadre-de-la-brigade-dintervention-de-la-monusco-entre-le-maintien-de-la-paix-robuste-et-limposition-de-la-paix.html]
[www.unikin.ac.cd/la-stabilite-juridique-dans-les-contrats-detat-au-regard-du-droit-international.html]
[www.unikin.ac.cd/performance-des-etablissements-publics-de-lenseignement-superieur-et-universitaire-en-r-d-congo-face-au-nouveau-management-public-etude-appliquee-a-lise-et-listm-dilebo.html]
[www.unikin.ac.cd/contribution-a-letude-de-lecosysteme-anthropise-de-la-riviere-matete-a-kinshasa.html]
[www.unikin.ac.cd/effets-dun-programme-dexercices-physiques-structures-mixtes-sur-les-parametres-comportemetaux-fonctionnels-et-bl0logiques-des-travailleurs-obeses-de-kinshasa.html]
[www.unikin.ac.cd/diversite-et-ecologie-des-escargots-geants-a-louest-de-la-republique-democratique-du-congo-et-au-sud-est-de-la-republique-du-congo-distribution-des-ecotypes.html]
[www.unikin.ac.cd/inegalites-de-genre-en-orientation-unversitaire-dans-les-etablissements-publics-a-kinshasa.html]
[www.unikin.ac.cd/evaluation-clinique-de-la-depression-chez-les-enfants-pre-puberes-de-kinshasa-en-echec-scolaire.html]
[www.unikin.ac.cd/le-civisme-fiscal-attitude-et-pratique-des-contribuables-du-centre-des-impots-de-matadi.html]
[www.unikin.ac.cd/depistage-selectif-des-glycogenoses-de-type-1-chez-les-enfants-porteurs-de-troubles-neurodeveloppementaux-dans-les-institutions-specialisees-de-kinshasa-de-2016-a-2018.html]
[www.unikin.ac.cd/leadership-et-performance-des-employes-de-petites-et-moyennes-entreprises-cas-des-pme-de-la-ville-de-kinshasa.html]
[www.unikin.ac.cd/le-mariage-pour-tous-a-lepreuve-de-la-mondialisation-de-la-culture-en-rdc-enquete-sociologique-menee-dans-la-ville-de-kinshasa.html]
[www.unikin.ac.cd/nos-theses3930.html]
[www.unikin.ac.cd/en/nos-theses3930.html]
[www.unikin.ac.cd/les-eglises-chretiennes-dafrique-centrale-a-lepreuve-du-marketing-social-une-analyse-du-comportement-des-chretiens-et-des-strategies-du-positionnement-et-du-repositionnement-des-eglises-chreti]
[www.unikin.ac.cd/etat-des-lieux-de-linfection-par-les-virus-de-lhepatite-b-c-et-de-la-co-infection-vih-vhb-vhc-dans-la-region-de-kinshasa.html]
[www.unikin.ac.cd/influence-de-linsulinoresistance-sur-le-remodelage-ventriculaire-gauche-et-sur-le-pronostic-vital-associe-a-lhypertrophie-ventriculaire-gauche.html]
[www.unikin.ac.cd/des-mecanismes-de-protection-des-creanciers-maritimes-en-droit-congolais.html]
[www.unikin.ac.cd/contribution-au-suivi-environnemental-et-social-des-projets-par-la-numerisation.html]
[www.unikin.ac.cd/efficacite-interne-de-lenseignement-primaire-dans-la-province-educationnelle-de-kinshasa-funa.html]
[www.unikin.ac.cd/en/facultes-et-entites/ecole-de-sante-publique-de-kinshasa.html]
[www.unikin.ac.cd/en/facultes-et-entites/faculte-de-droit.html]
[www.unikin.ac.cd/en/facultes-et-entites/lettres-et-sciences-humaines.html]
[www.unikin.ac.cd/fac/lettres/build/assets/app-CLHPHABy.css]
[www.unikin.ac.cd/en/facultes-et-entites/medecine.html]
[www.unikin.ac.cd/fac/facmed/fac/facmed/index.html]
[www.unikin.ac.cd/fac/facmed/assets/css/style.css]
[www.unikin.ac.cd/fac/facmed/personnels.html]
[www.unikin.ac.cd/fac/facmed/a-propos.html]
[www.unikin.ac.cd/fac/facmed/enseignements.html]
[www.unikin.ac.cd/fac/facmed/cours.html]
[www.unikin.ac.cd/fac/facmed/decanat.html]
[www.unikin.ac.cd/fac/facmed/bureau-decanal/bureau-du-doyen.html]
[www.unikin.ac.cd/fac/facmed/bureau-decanal/vice-decanat-charge-de-lenseignement.html]
[www.unikin.ac.cd/fac/facmed/bureau-decanal/vice-decanat-charge-de-recherche.html]
[www.unikin.ac.cd/fac/facmed/bureau-decanal/secretariat-academique.html]
[www.unikin.ac.cd/fac/facmed/departements.html]
[www.unikin.ac.cd/fac/facmed/inscriptions.html]
[www.unikin.ac.cd/fac/facmed/recherches.html]
[www.unikin.ac.cd/fac/facmed/recherches0b9e.html]
[www.unikin.ac.cd/fac/facmed/recherches0134.html]
[www.unikin.ac.cd/fac/facmed/contact.html]
[www.unikin.ac.cd/fac/facmed/search.html]
[www.unikin.ac.cd/fac/facmed/actualites/le-dr-tshiunza-mpoyi-cheribin-diplome-en-neurochirurgie-avec-grande-distinction.html]
[www.unikin.ac.cd/fac/facmed/actualites/l-universite-de-kinshasa-inaugure-un-centre-de-formation-en-endoscopie-a-la-faculte-de-medecine.html]
[www.unikin.ac.cd/fac/facmed/actualites/les-cliniques-universitaires-de-kinshasa-renforcent-leurs-equipements-et-poursuivent-la-rehabilitation-de-leurs-infrastructures.html]
[www.unikin.ac.cd/fac/facmed/actualites/une-equipe-de-kinshasa-et-de-kisangani-realise-une-intervention-neurochirurgicale-majeure-a-kisangani.html]
[www.unikin.ac.cd/fac/facmed/actualites/les-annales-africaines-de-medecine-ont-la-joie-d-annoncer-la-publication-de-son-volume-19-n-3-juin-2026.html]
[www.unikin.ac.cd/fac/facmed/laboratoires/biologie-moleculaire.html]
[www.unikin.ac.cd/fac/facmed/interventions/chirurgicales.html]
[www.unikin.ac.cd/fac/facmed/assets/images/call-for-application-bg.html]
[www.unikin.ac.cd/fac/facmed/nouvellescae6.html]
[www.unikin.ac.cd/fac/facmed/assets/images/promotion-bg.html]
[www.unikin.ac.cd/fac/facmed/assets/images/personnel-bg.html]
[www.unikin.ac.cd/fac/facmed/assets/images/annales-bg.html]
[www.unikin.ac.cd/fac/facmed/publications.html]
[www.unikin.ac.cd/fac/facmed/assets/images/liens-rapides-bg.html]
[www.unikin.ac.cd/fac/facmed/nouvelles.html]
[www.unikin.ac.cd/fac/facmed/actualites/delegation-de-l-unikin-participe-a-la-soutenance-des-theses-et-a-la-collation-des-grades-de-la-42-promotion-des-doctorants-de-l-universite-marien-ngouabi-de-brazzaville.5]
[www.unikin.ac.cd/fac/facmed/activites.html]
[www.unikin.ac.cd/fac/facmed/actualites/la-societe-congolaise-des-maladies-infectieuses-et-tropicales-en-sigle-socomit-a-organise-une-matinee-scientifique.html]
[www.unikin.ac.cd/fac/facmed/actualites/mettre-un-visage-sur-l-invisible-l-unikin-sensibilise-aux-maladies-rares.html]
[www.unikin.ac.cd/fac/facmed/actualites/former-le-medecin-de-demain-dans-des-conditions-proches-de-la-realite.html]
[www.unikin.ac.cd/fac/facmed/actualites/kinshasa-capitale-de-la-radiologie-francophone-le-iie-congres-national-et-les-21e-jraf-arrivent-en-juin-2026.html]
[www.unikin.ac.cd/fac/facmed/interventions.html]
[connect.facebook.net/fr_FR/sdk.js]
[www.unikin.ac.cd/en/facultes-et-entites/medecine-dentaire.html]
[www.unikin.ac.cd/fac/medecinedentaire/xmlrpc.php]
[www.unikin.ac.cd/fac/medecinedentaire/wp-content/fonts/fcc221500d30f8fa5b2b8f9307460c075553.css]
[www.unikin.ac.cd/fac/medecinedentaire/wp-content/themes/gambit/styleffdc.css]
[www.unikin.ac.cd/fac/medecinedentaire/wp-content/themes/gambit/assets/css/safari-flexbox-fixes6631.css]
[www.unikin.ac.cd/fac/medecinedentaire/wp-content/uploads/so-css/so-css-gambit6f6e.css]
[www.unikin.ac.cd/fac/medecinedentaire/wp-content/themes/gambit/assets/icons/genericons-neue.svg]
[www.unikin.ac.cd/fac/medecinedentaire/a-propos/index.html]
[www.unikin.ac.cd/fac/medecinedentaire/category/nouvelles/index.html]
[www.unikin.ac.cd/fac/medecinedentaire/programmes-de-cours/index.html]
[www.unikin.ac.cd/fac/medecinedentaire/departements/index.html]
[www.unikin.ac.cd/fac/medecinedentaire/inscriptions/index.html]
[www.unikin.ac.cd/fac/medecinedentaire/category/publications/articles/index.html]
[www.unikin.ac.cd/fac/medecinedentaire/category/publications/memoires/index.html]
[www.unikin.ac.cd/fac/medecinedentaire/category/publications/theses/index.html]
[www.unikin.ac.cd/fac/medecinedentaire/contacts/index.html]
[www.unikin.ac.cd/fac/medecinedentaire/2024/02/15/progres-actif-du-dr-paka-g-dans-la-recherche-scientifique/index.html]
[www.unikin.ac.cd/fac/medecinedentaire/2024/02/15/visite-du-vdrsa-chez-club-dentaire/index.html]
[www.unikin.ac.cd/fac/medecinedentaire/2024/02/15/debut-des-cours-dans-les-promotions-de-b1-et-b3-2023-2024/index.html]
[www.unikin.ac.cd/fac/medecinedentaire/2023/12/04/participation-a-un-atelier-regional-organiser-par-loms-en-collaboration-avec-luniversite-de-pennsylvania/index.html]
[www.unikin.ac.cd/fac/medecinedentaire/2023/09/07/communique-pour-le-paiement-de-frais-detudes-2022-2023/index.html]
[www.unikin.ac.cd/fac/medecinedentaire/category/professeur-jean-paul-sekele-doyen/index.html]
[www.unikin.ac.cd/fac/medecinedentaire/2023/09/07/professeur-jean-paul-sekele-doyen/index.html]
[www.unikin.ac.cd/fac/medecinedentaire/2023/09/07/professeur-jacques-bolenge-vde/index.html]
[www.unikin.ac.cd/fac/medecinedentaire/2023/09/07/professeur-fidele-nyimi-vdrsa/index.html]
[www.unikin.ac.cd/fac/medecinedentaire/2023/09/07/professeur-augustin-mantshumba-secretaire-academique-facultaire/index.html]
[www.unikin.ac.cd/en/facultes-et-entites/medecine-veterinaire.html]
[www.unikin.ac.cd/en/facultes-et-entites/faculte-de-petrole-gaz-et-energies-nouvelles.html]
[www.unikin.ac.cd/fac/petrolegaz/xmlrpc.php]
[www.unikin.ac.cd/fac/petrolegaz/wp-content/themes/academica_pro/functions/wpzoom/assets/css/theme-utils42a0.css]
[www.unikin.ac.cd/fac/petrolegaz/wp-content/themes/academica_pro/styleffdc.css]
[www.unikin.ac.cd/fac/petrolegaz/wp-content/themes/academica_pro/css/media-queriesffdc.css]
[www.unikin.ac.cd/fac/petrolegaz/wp-includes/css/dashicons.min42a0.css]
[www.unikin.ac.cd/petrolegaz/wp-content/uploads/2022/03/logo-petrole.fw_.html]
[www.unikin.ac.cd/petrolegaz.html]
[www.unikin.ac.cd/fac/petrolegaz/index8067.html]
[www.unikin.ac.cd/fac/petrolegaz/index7f0d.html]
[www.unikin.ac.cd/fac/petrolegaz/index1469.html]
[www.unikin.ac.cd/fac/petrolegaz/indexb5fb.html]
[www.unikin.ac.cd/en/facultes-et-entites/faculte-polytechniques.html]
[www.unikin.ac.cd/en/facultes-et-entites/faculte-de-psychologie-et-science-de-l-education.html]
[www.unikin.ac.cd/fac/fpsysed/wp-content/themes/empowerwp/customizer/sections/contentfc0e.css]
[www.unikin.ac.cd/fac/fpsysed/wp-content/themes/mesmerize/style.min61b9.css]
[www.unikin.ac.cd/fac/fpsysed/wp-content/themes/empowerwp/style.min61b9.css]
[www.unikin.ac.cd/fac/fpsysed/wp-content/themes/mesmerize/assets/css/theme.bundle.min61b9.css]
[www.unikin.ac.cd/fac/fpsysed/wp-content/plugins/elementor/assets/css/frontend-lite.min63aa.css]
[www.unikin.ac.cd/fac/fpsysed/wp-content/plugins/elementor/assets/lib/swiper/v8/css/swiper.min94a4.css]
[www.unikin.ac.cd/fac/fpsysed/wp-content/uploads/elementor/css/post-1545f26b.css]
[www.unikin.ac.cd/fac/fpsysed/wp-content/uploads/elementor/css/globalf26b.css]
[www.unikin.ac.cd/fac/fpsysed/wp-content/uploads/elementor/css/post-17134097.css]
[www.unikin.ac.cd/fac/fpsysed/Enseignements/index.html]
[www.unikin.ac.cd/fac/fpsysed/indexaaae.html]
[www.unikin.ac.cd/fac/fpsysed/index3329.html]
[www.unikin.ac.cd/fac/fpsysed/indexbf8a.html]
[www.unikin.ac.cd/fac/fpsysed/index3f9d.html]
[www.unikin.ac.cd/fac/fpsysed/index9829.html]
[www.unikin.ac.cd/fac/fpsysed/indexbece.html]
[www.unikin.ac.cd/fac/fpsysed/indexb60b.html]
[www.unikin.ac.cd/fac/fpsysed/index9902.html]
[www.unikin.ac.cd/fac/fpsysed/index6184.html]
[www.unikin.ac.cd/fac/fpsysed/index2928.html]
[www.unikin.ac.cd/fac/fpsysed/indexd29c.html]
[www.unikin.ac.cd/fac/fpsysed/indexb867.html]
[www.unikin.ac.cd/fac/fpsysed/index34bb.html]
[www.unikin.ac.cd/fac/fpsysed/index8091.html]
[www.unikin.ac.cd/fac/fpsysed/indexade1.html]
[www.unikin.ac.cd/fac/fpsysed/index8a92.html]
[www.unikin.ac.cd/fac/fpsysed/index411e.html]
[www.unikin.ac.cd/fac/fpsysed/indexa442.html]
[www.unikin.ac.cd/fac/fpsysed/indexc3f0.html]
[www.unikin.ac.cd/fac/fpsysed/wp-content/plugins/elementor/assets/lib/animations/animations.min63aa.css]
[www.unikin.ac.cd/en/facultes-et-entites/faculte-des-sciences-et-technologies.html]
[www.unikin.ac.cd/en/facultes-et-entites/faculte-de-sciences-agronomiques.html]
[www.unikin.ac.cd/oipr/public/backend/assets/plugins/datatables.net-bs4/css/dataTables.bootstrap4.min.css]
[www.unikin.ac.cd/oipr/public/backend/assets/plugins/datatables.net-bs4/css/responsive.dataTables.min.css]
[www.unikin.ac.cd/oipr/OIPR/chercheurs94cb.html]
[www.unikin.ac.cd/oipr/OIPR/centres94cb.html]
[www.unikin.ac.cd/en/facultes-et-entites/faculte-des-sciences-economiques-et-de-gestion.html]
[www.unikin.ac.cd/oipr/OIPR/chercheurs4699.html]
[www.unikin.ac.cd/oipr/OIPR/centres4699.html]
[www.unikin.ac.cd/en/facultes-et-entites/faculte-des-sciences-pharmaceutique.html]
[www.unikin.ac.cd/en/facultes-et-entites/faculte-des-sciences-sociales-administratives-et-politiques.html]
[www.unikin.ac.cd/fac/fssap/xmlrpc.php]
[www.unikin.ac.cd/fac/fssap/wp-content/themes/academica_pro/styleffdc.css]
[www.unikin.ac.cd/fac/fssap/wp-content/themes/academica_pro/css/media-queriesffdc.css]
[www.unikin.ac.cd/fac/fssap/wp-includes/css/dashicons.min42a0.css]
[www.unikin.ac.cd/fac/fssap/wp-content/plugins/social-icons-widget-by-wpzoom/assets/css/wpzoom-socicon30a2.css]
[www.unikin.ac.cd/fac/fssap/wp-content/plugins/social-icons-widget-by-wpzoom/assets/css/genericons30a2.css]
[www.unikin.ac.cd/fac/fssap/wp-content/plugins/social-icons-widget-by-wpzoom/assets/css/academicons.min30a2.css]
[www.unikin.ac.cd/fac/fssap/wp-content/plugins/social-icons-widget-by-wpzoom/assets/css/font-awesome-3.min30a2.css]
[www.unikin.ac.cd/fac/fssap/wp-content/plugins/social-icons-widget-by-wpzoom/assets/css/wpzoom-social-icons-styles30a2.css]
[www.unikin.ac.cd/fac/fssap/wp-content/plugins/wpzoom-forms/build/form-block/frontend/style1576.css]
[www.unikin.ac.cd/fac/fssap/contacts/index.html]
[www.unikin.ac.cd/fac/fssap/historique/index.html]
[www.unikin.ac.cd/fac/fssap/category/nouvelles/index.html]
[www.unikin.ac.cd/fac/fssap/recherches/index.html]
[www.unikin.ac.cd/fac/fssap/category/departements/index.html]
[www.unikin.ac.cd/fac/fssap/wp-content/uploads/2023/07/Delphin-KAYEMBE-KATAYI.html]
[www.unikin.ac.cd/fac/fssap/2025/10/09/defense-de-memoire-de-d-e-a-de-lassistant-christian-yenyi-odimula/index.html]
[www.unikin.ac.cd/fac/fssap/2025/09/17/defense-de-d-e-a-de-lassistant-arsene-mingashanga-mboyo/index.html]
[www.unikin.ac.cd/fac/fssap/2024/12/04/communique-necrologique/index.html]
[www.unikin.ac.cd/fac/fssap/2024/09/02/vernissage-de-louvrage-du-professeur-jose-mvuezolo-bazonzi/index.html]
[www.unikin.ac.cd/fac/fssap/2024/08/29/seminaire-de-renforcement-des-capacites-sur-la-redaction-dun-article-scientifique-de-portee-internationale/index.html]
[www.unikin.ac.cd/fac/fssap/2023/10/07/visite-du-dr-kambele-kavinga/index.html]
[www.unikin.ac.cd/fac/fssap/2023/09/28/defense-de-memoire-de-dea-de-la-chef-des-travaux-cesarine-bodi-yandi-voso/index.html]
[www.unikin.ac.cd/fac/fssap/2023/09/25/visite-du-professeur-patrick-devligier-de-la-kuleuven/index.html]
[www.unikin.ac.cd/fac/fssap/2023/09/18/visite-du-doyen-de-la-fssap-de-luniversite-simon-kimbangu-ce-lundi-18-septembre-2023/index.html]
[www.unikin.ac.cd/fac/fssap/2023/07/21/departement-des-sciences-politiques-et-administratives/index.html]
[www.unikin.ac.cd/fac/fssap/2023/07/21/departement-des-sciences-du-travail/index.html]
[www.unikin.ac.cd/fac/fssap/2023/07/21/departement-de-sociologie/index.html]
[www.unikin.ac.cd/fac/fssap/2023/07/21/departement-des-relations-internationales/index.html]
[www.unikin.ac.cd/fac/fssap/2023/07/21/departement-danthropologie/index.html]
[www.unikin.ac.cd/fac/fssap/wp-admin/admin-ajaxf809.html]
[www.unikin.ac.cd/en/facultes-et-entites/cliniques-universitaires-de-kinshasa.html]
[www.unikin.ac.cd/en/facultes-et-entites/centre-neuro-psycho-pathologique.html]
[www.unikin.ac.cd/en/facultes-et-entites/centre-hospitalier-du-mont-amba-chma.html]
[www.unikin.ac.cd/musee/fonts/fontawesome-webfont3e6e.svg]
[www.unikin.ac.cd/musee/css/owl.video.play.html]
[www.unikin.ac.cd/musee/plugins/egypt-icons/fonts/egypt-icon5ac4.svg]
[www.unikin.ac.cd/musee/css/mCSB_buttons.html]
[www.unikin.ac.cd/musee/images/projets/DSC_0264.html]
[www.unikin.ac.cd/musee/projet05ae.html]
[www.unikin.ac.cd/musee/images/projets/restitutionWBI/DSC_0264.html]
[www.unikin.ac.cd/musee/collection2436.html]
[www.unikin.ac.cd/musee/collection1534.html]
[www.unikin.ac.cd/musee/collection00ad.html]
[www.unikin.ac.cd/musee/collection8c8d.html]
[www.unikin.ac.cd/oipr/public/frontend/css/icons/font-awesome/css/fontawesome-all.css]
[www.unikin.ac.cd/oipr/public/frontend/css/icons/simple-line-icons/css/simple-line-icons.css]
[www.unikin.ac.cd/oipr/public/frontend/css/icons/weather-icons/css/weather-icons.min.css]
[www.unikin.ac.cd/oipr/public/frontend/css/icons/linea-icons/linea.css]
[www.unikin.ac.cd/oipr/public/frontend/css/icons/themify-icons/themify-icons.css]
[www.unikin.ac.cd/oipr/public/frontend/css/icons/flag-icon-css/flag-icon.min.css]
[www.unikin.ac.cd/oipr/public/frontend/css/icons/material-design-iconic-font/css/materialdesignicons.min.css]
[www.unikin.ac.cd/oipr/public/frontend/css/spinners.css]
[www.unikin.ac.cd/oipr/public/frontend/css/animate.css]
[www.unikin.ac.cd/oipr/public/assets/images/icon/success.svg]
[www.unikin.ac.cd/oipr/public/assets/images/icon/warning.svg]
[www.unikin.ac.cd/oipr/public/assets/images/icon/danger.svg]
[www.unikin.ac.cd/oipr/public/backend/assets/plugins/bootstrap/css/bootstrap.min.css]
[www.unikin.ac.cd/oipr/public/backend/css/pages/login-register-lock.css]
[www.unikin.ac.cd/oipr/public/backend/css/style.css]
[www.unikin.ac.cd/oipr/public/backend/css/colors/default-dark.css]
[www.unikin.ac.cd/oipr/forgot-password.html]
[www.unikin.ac.cd/oipr/OIPR/chercheurs/3812/ABANGAPAKWA-NZEKE.html]
[www.unikin.ac.cd/oipr/OIPR/chercheurs/973/ABATA-DIABAR-SONA-MATTHIEU.html]
[www.unikin.ac.cd/oipr/OIPR/chercheurs/2715/ABDALA-SELEMANI.html]
[www.unikin.ac.cd/oipr/OIPR/chercheurs/168/ABE-PANGULU-MACAIRE.html]
[www.unikin.ac.cd/oipr/OIPR/chercheurs/1171/ABEDI-MASSINDI.html]
[www.unikin.ac.cd/oipr/OIPR/chercheurs/2636/ABEDI-OTSHINGA-JOSEPH.html]
[www.unikin.ac.cd/oipr/OIPR/chercheurs/2175/ABEDI-MADUA.html]
[www.unikin.ac.cd/oipr/OIPR/chercheurs/306/ABEMBA-FATUMA-NADINE.html]
[www.unikin.ac.cd/oipr/OIPR/chercheurs/1172/ABEMBA-BULAIMU-TRESOR.html]
[www.unikin.ac.cd/oipr/OIPR/chercheurs/2176/ABEMBA-NGONGO.html]
[www.unikin.ac.cd/oipr/OIPR/chercheurs4658.html]
[www.unikin.ac.cd/oipr/OIPR/chercheurs9ba9.html]
[www.unikin.ac.cd/oipr/OIPR/chercheursfdb0.html]
[www.unikin.ac.cd/oipr/OIPR/chercheursaf4d.html]
[www.unikin.ac.cd/oipr/OIPR/chercheursc575.html]
[www.unikin.ac.cd/oipr/OIPR/chercheurs235c.html]
[www.unikin.ac.cd/oipr/OIPR/chercheursfdfa.html]
[www.unikin.ac.cd/oipr/OIPR/chercheurs0b08.html]
[www.unikin.ac.cd/oipr/OIPR/chercheurs1448.html]
[www.unikin.ac.cd/oipr/OIPR/chercheurs2cbd.html]
[www.unikin.ac.cd/oipr/OIPR/chercheursf3a6.html]
[www.unikin.ac.cd/oipr/public/frontend/plugins/footable/css/footable.bootstrap.min.css]
[www.unikin.ac.cd/oipr/public/frontend/css/pages/contact-app-page.css]
[www.unikin.ac.cd/oipr/public/frontend/css/pages/footable-page.css]
[www.unikin.ac.cd/oipr/OIPR/publications8e7d.html]
[www.unikin.ac.cd/oipr/OIPR/publicationsab6f.html]
[www.unikin.ac.cd/oipr/OIPR/publications/1720/LA-PREPARATION-A-DOM...html]
[www.unikin.ac.cd/oipr/OIPR/publications623d.html]
[www.unikin.ac.cd/oipr/OIPR/publications/1717/GESTION-DES-ETABLISS...html]
[www.unikin.ac.cd/oipr/OIPR/publications/1713/GESTION-DES-CHARGES-...html]
[www.unikin.ac.cd/oipr/OIPR/publications/1712/GENRE-ET-MOTIVATIONS...html]
[www.unikin.ac.cd/oipr/OIPR/publications/1710/INTELLIGENCE-ET-PERF...html]
[www.unikin.ac.cd/oipr/OIPR/publicationsf659.html]
[www.unikin.ac.cd/oipr/OIPR/publications/1708/EXAMINING-STUDENT-CO...html]
[www.unikin.ac.cd/oipr/OIPR/publications/1707/ON-A-MULTIPLE-MOTHER...html]
[www.unikin.ac.cd/oipr/OIPR/publications/1706/ACTION-ORIENTED-PROG...html]
[www.unikin.ac.cd/oipr/OIPR/publications/1705/FROM-IOT-TO-AIOT-EVO...html]
[www.unikin.ac.cd/oipr/OIPR/publications/1704/BEHAVIOR-MODELLING-A...html]
[www.unikin.ac.cd/oipr/OIPR/publications4658.html]
[www.unikin.ac.cd/oipr/OIPR/publications9ba9.html]
[www.unikin.ac.cd/oipr/OIPR/publicationsfdb0.html]
[www.unikin.ac.cd/oipr/OIPR/publicationsaf4d.html]
[www.unikin.ac.cd/oipr/OIPR/publicationsc575.html]
[www.unikin.ac.cd/oipr/OIPR/publications235c.html]
[www.unikin.ac.cd/oipr/OIPR/publicationsfdfa.html]
[www.unikin.ac.cd/oipr/OIPR/publications0b08.html]
[www.unikin.ac.cd/oipr/OIPR/publications1448.html]
[www.unikin.ac.cd/oipr/OIPR/publications08fe.html]
[www.unikin.ac.cd/oipr/OIPR/publicationsb1ea.html]
[www.unikin.ac.cd/oipr/OIPR/publications0a15.html]
[www.unikin.ac.cd/oipr/OIPR/publicationse385.html]
[www.unikin.ac.cd/oipr/OIPR/publications1048.html]
[www.unikin.ac.cd/oipr/OIPR/publicationse700.html]
[www.unikin.ac.cd/oipr/OIPR/centres/4/ecole-de-criminologie.html]
[www.unikin.ac.cd/oipr/OIPR/centres/12/chaire-unesco.html]
[www.unikin.ac.cd/oipr/OIPR/centres/21/centre-de-recherche-interdisciplinaire-pour-la-promotion-et-la-protection-des-droits-de-lhomme-en-afrique-centrale.html]
[www.unikin.ac.cd/oipr/OIPR/centres/50/centre-de-criminologie-et-pathologie-sociale.html]
[www.unikin.ac.cd/oipr/OIPR/centres/58/centre-de-recherche-interdisciplinaire-pour-la-promotion-et-la-protection-des-droits-de-lhomme-en-afrique-centrale.html]
[www.unikin.ac.cd/oipr/OIPR/centres/59/centre-de-formation-et-de-recherche-en-droit-ohada.html]
[www.unikin.ac.cd/oipr/OIPR/centres/60/centre-detudes-en-reglement-de-differends-internationaux-en-afrique.html]
[www.unikin.ac.cd/oipr/OIPR/centres/95/centre-detudes-politiques-cep.html]
[www.unikin.ac.cd/oipr/OIPR/centres/96/groupe-de-recherche-et-detudes-strategiques-sur-le-congo-grec.html]
[www.unikin.ac.cd/oipr/OIPR/centres/103/centre-de-criminologie-et-de-pathologie-sociale-ccps.html]
[www.unikin.ac.cd/oipr/OIPR/centres4658.html]
[www.unikin.ac.cd/oipr/OIPR/centres9ba9.html]
[www.unikin.ac.cd/oipr/OIPR/centresfdb0.html]
[www.unikin.ac.cd/oipr/OIPR/centresaf4d.html]
[www.unikin.ac.cd/oipr/OIPR/centresc575.html]
[www.unikin.ac.cd/oipr/OIPR/centres235c.html]
[www.unikin.ac.cd/oipr/OIPR/centresfdfa.html]
[www.unikin.ac.cd/oipr/OIPR/centres0b08.html]
[www.unikin.ac.cd/oipr/OIPR/centres1448.html]
[www.unikin.ac.cd/oipr/OIPR/centres1c8b.html]
[www.unikin.ac.cd/oipr/OIPR/centresce37.html]
[www.unikin.ac.cd/oipr/OIPR/centres8c93.html]
[www.unikin.ac.cd/oipr/OIPR/apprenants/2/INGONDE-BOTSHINDO-GEDEON.html]
[www.unikin.ac.cd/oipr/OIPR/apprenants/3/EKILA-TSHANGA-WILFRIED.html]
[www.unikin.ac.cd/oipr/OIPR/apprenants/4/MANZOANGANI-NDOMIKOLAYI.html]
[www.unikin.ac.cd/oipr/OIPR/apprenants/5/BIMINA-NGANDU-STEPHANIE.html]
[www.unikin.ac.cd/oipr/OIPR/apprenants/6/KITUPA-MULASI-RITA.html]
[www.unikin.ac.cd/oipr/OIPR/apprenants/7/PALUKU-MUSAVULI-CHARLES.html]
[www.unikin.ac.cd/oipr/OIPR/apprenants/8/KANDEFA-IFUBWA-ALAIN.html]
[www.unikin.ac.cd/oipr/OIPR/apprenants/9/KISONGA-MANUKU-ERIC.html]
[www.unikin.ac.cd/oipr/OIPR/apprenants/10/KABAMBA-VANESSA.html]
[www.unikin.ac.cd/oipr/OIPR/apprenants/11/TUJIBIKILE-DIANYISHAYI-MARTIN.html]
[www.unikin.ac.cd/oipr/OIPR/apprenants4658.html]
[www.unikin.ac.cd/oipr/OIPR/apprenants9ba9.html]
[www.unikin.ac.cd/oipr/OIPR/apprenantsfdb0.html]
[www.unikin.ac.cd/oipr/OIPR/theses/1136.html]
[www.unikin.ac.cd/oipr/OIPR/theses/1586.html]
[www.unikin.ac.cd/oipr/OIPR/theses/1615.html]
[www.unikin.ac.cd/oipr/OIPR/theses/1611.html]
[www.unikin.ac.cd/oipr/OIPR/theses/1610.html]
[www.unikin.ac.cd/oipr/OIPR/theses/1607.html]
[www.unikin.ac.cd/oipr/OIPR/theses/1606.html]
[www.unikin.ac.cd/oipr/OIPR/theses/1600.html]
[www.unikin.ac.cd/oipr/OIPR/theses/1599.html]
[www.unikin.ac.cd/oipr/OIPR/theses/1589.html]
[www.unikin.ac.cd/oipr/OIPR/theses4658.html]
[www.unikin.ac.cd/oipr/OIPR/theses9ba9.html]
[www.unikin.ac.cd/oipr/OIPR/thesesfdb0.html]
[www.unikin.ac.cd/oipr/OIPR/thesesaf4d.html]
[www.unikin.ac.cd/oipr/OIPR/thesesc575.html]
[www.unikin.ac.cd/oipr/OIPR/theses235c.html]
[www.unikin.ac.cd/oipr/OIPR/thesesfdfa.html]
[www.unikin.ac.cd/oipr/OIPR/theses0b08.html]
[www.unikin.ac.cd/oipr/OIPR/theses1448.html]
[www.unikin.ac.cd/oipr/OIPR/theses3096.html]
[www.unikin.ac.cd/oipr/OIPR/theses83ca.html]
[www.unikin.ac.cd/oipr/OIPR/chercheursae5f.html]
[www.unikin.ac.cd/oipr/OIPR/chercheursccc7.html]
[www.unikin.ac.cd/oipr/OIPR/chercheursde99.html]
[www.unikin.ac.cd/oipr/OIPR/chercheursba90.html]
[www.unikin.ac.cd/oipr/OIPR/chercheursd5db.html]
[www.unikin.ac.cd/oipr/OIPR/axes4658.html]
[www.unikin.ac.cd/oipr/OIPR/axes9ba9.html]
[www.unikin.ac.cd/oipr/OIPR/axesfdb0.html]
[www.unikin.ac.cd/oipr/OIPR/chercheurs/50/MATONDA-SAKALA-IGOR-ROLAND.html]
[www.unikin.ac.cd/oipr/OIPR/chercheurs/415/BISA-KIBUL-MICHEL.html]
[www.unikin.ac.cd/oipr/OIPR/chercheurs/71/KIENGE-KIENGE-INTUDI-RAOUL.html]
[www.unikin.ac.cd/oipr/OIPR/chercheurs/264/PFUNGA-PFUNGA-KANIANGA-PHOCAS.html]
[www.unikin.ac.cd/oipr/OIPR/chercheurs/6/TUNGISA-KAPELA-DANNY.html]
[www.unikin.ac.cd/oipr/OIPR/chercheurs/967/YANDJU-DEMBO-MARIE-CLAIRE.html]
[www.unikin.ac.cd/oipr/OIPR/projets4658.html]
[www.unikin.ac.cd/oipr/OIPR/projets9ba9.html]
[www.unikin.ac.cd/oipr/OIPR/projetsfdb0.html]
[www.unikin.ac.cd/oipr/OIPR/projetsaf4d.html]
[www.unikin.ac.cd/oipr/OIPR/projetsc575.html]
[www.unikin.ac.cd/oipr/OIPR/projets235c.html]
[www.unikin.ac.cd/oipr/OIPR/projetsfdfa.html]
[www.unikin.ac.cd/oipr/OIPR/projets0b08.html]
[www.unikin.ac.cd/oipr/OIPR/projets1448.html]
[www.unikin.ac.cd/oipr/OIPR/projets8c93.html]
[www.unikin.ac.cd/oipr/OIPR/projetsa7f1.html]
[www.unikin.ac.cd/oipr/OIPR/chercheurs0a6b.html]
[www.unikin.ac.cd/oipr/OIPR/centres0a6b.html]
[www.unikin.ac.cd/oipr/OIPR/chercheursf961.html]
[www.unikin.ac.cd/oipr/OIPR/centresf961.html]
[www.unikin.ac.cd/oipr/OIPR/chercheursb944.html]
[www.unikin.ac.cd/oipr/OIPR/centresb944.html]
[www.unikin.ac.cd/oipr/OIPR/chercheursc57c.html]
[www.unikin.ac.cd/oipr/OIPR/centresc57c.html]
[www.unikin.ac.cd/oipr/OIPR/chercheursd480.html]
[www.unikin.ac.cd/oipr/OIPR/centresd480.html]
[www.unikin.ac.cd/oipr/OIPR/chercheurse605.html]
[www.unikin.ac.cd/oipr/OIPR/centrese605.html]
[www.unikin.ac.cd/oipr/OIPR/chercheurs055e.html]
[www.unikin.ac.cd/oipr/OIPR/centres055e.html]
[www.unikin.ac.cd/oipr/OIPR/chercheurs8233.html]
[www.unikin.ac.cd/oipr/OIPR/centres8233.html]
[www.unikin.ac.cd/oipr/OIPR/chercheursd14c.html]
[www.unikin.ac.cd/oipr/OIPR/centresd14c.html]
[www.unikin.ac.cd/oipr/OIPR/chercheursc05e.html]
[www.unikin.ac.cd/oipr/OIPR/centresc05e.html]
[www.unikin.ac.cd/oipr/OIPR/chercheurs73dd.html]
[www.unikin.ac.cd/oipr/OIPR/centres73dd.html]
[www.unikin.ac.cd/oipr/public/frontend/css/pages/tab-page.css]
[www.unikin.ac.cd/oipr/OIPR/centres/22/centre-congolais-de-terminologie-et-lexicologie.html]
[www.unikin.ac.cd/oipr/OIPR/centres/23/centre-de-linguistique-theorique-et-appliquee.html]
[www.unikin.ac.cd/oipr/OIPR/centres524d.html]
[www.unikin.ac.cd/oipr/OIPR/centres942a.html]
[www.unikin.ac.cd/oipr/OIPR/centres0883.html]
[www.unikin.ac.cd/oipr/OIPR/centrese248.html]
[www.unikin.ac.cd/oipr/OIPR/centres0655.html]
[www.unikin.ac.cd/oipr/OIPR/centres/27/laboratoire-de-microbiologie-et-parasitologie.html]
[www.unikin.ac.cd/oipr/OIPR/centres/28/laboratoire-de-parasitologie-veterinaire.html]
[www.unikin.ac.cd/oipr/OIPR/centres/68/laboratoire-numerique-anatomie-et-histologie-pathologique-immunologie-et-immuno-histochimie-culture-cellulaire-et-biotechnologie-des-acides-nucleiques-et-acides-amines.75e]
[www.unikin.ac.cd/oipr/OIPR/centres/29/laboratoire-de-mecanique-des-sols-et-des-materiaux-routiers.html]
[www.unikin.ac.cd/oipr/OIPR/centres/30/laboratoire-de-resistance-des-materiaux-et-constructions-metalliques.html]
[www.unikin.ac.cd/oipr/OIPR/centres/31/laboratoire-dhydraulique-et-de-mecanique-des-fluides.html]
[www.unikin.ac.cd/oipr/OIPR/centres/32/laboratoire-delectronique.html]
[www.unikin.ac.cd/oipr/OIPR/centres/33/laboratoire-des-machines-electriques-et-delectrotech.html]
[www.unikin.ac.cd/oipr/OIPR/centres/34/laboratoire-dhyperfrequence-et-de-telecommunication.html]
[www.unikin.ac.cd/oipr/OIPR/centres/35/laboratoire-dinformatique.html]
[www.unikin.ac.cd/oipr/OIPR/centres0b8f.html]
[www.unikin.ac.cd/oipr/OIPR/centres205a.html]
[www.unikin.ac.cd/oipr/OIPR/centres5489.html]
[www.unikin.ac.cd/oipr/OIPR/centrescabe.html]
[www.unikin.ac.cd/oipr/OIPR/centres/24/ecole-des-langues-de-lunikin.html]
[www.unikin.ac.cd/oipr/OIPR/centres/5/ecole-de-sante-publique.html]
[www.unikin.ac.cd/oipr/OIPR/centres/11/cliniques-universitaires-de-kinshasa.html]
[www.unikin.ac.cd/oipr/OIPR/centres/19/centre-de-neuro-psycho-pathologie.html]
[www.unikin.ac.cd/oipr/OIPR/centres/90/ecole-regionale-de-leau.html]
[www.unikin.ac.cd/oipr/OIPR/centres/82/ecole-des-sciences-de-la-population.html]
[www.unikin.ac.cd/oipr/OIPR/centres/92/ecole-des-sciences-de-la-population-et-de-developpement.html]
[www.unikin.ac.cd/oipr/OIPR/chercheurs/343/BABAKAZO-DIAMBALULA-PELAGIE.html]
[www.unikin.ac.cd/oipr/OIPR/chercheurs/173/BASOSILA-LOLOFO-NORBERT.html]
[www.unikin.ac.cd/oipr/OIPR/chercheurs/413/BAYAULI-MWASA-PASCAL.html]
[www.unikin.ac.cd/oipr/OIPR/chercheurs/174/BELESI-KATULA.html]
[www.unikin.ac.cd/oipr/OIPR/chercheurs/1207/BHA-NSEKENE-GISCARD.html]
[www.unikin.ac.cd/oipr/OIPR/chercheurs/985/BIANDA-NTOMBO.html]
[www.unikin.ac.cd/oipr/OIPR/chercheurs/176/BIDINGIJA-MABIKA.html]
[www.unikin.ac.cd/oipr/OIPR/chercheurs/177/BIEY-MAKALY-EMMANUEL.html]
[www.unikin.ac.cd/oipr/OIPR/chercheurs/179/BILOSO-MOYENE-APOLLINAIRE.html]
[www.unikin.ac.cd/oipr/OIPR/chercheurs/416/BISUTA-FUEZA-SERGE.html]
[www.unikin.ac.cd/oipr/OIPR/chercheurs45f5.html]
[www.unikin.ac.cd/oipr/OIPR/chercheursfaa0.html]
[www.unikin.ac.cd/oipr/OIPR/chercheurs364a.html]
[www.unikin.ac.cd/oipr/OIPR/chercheursf9da.html]
[www.unikin.ac.cd/oipr/OIPR/chercheurs9a61.html]
[www.unikin.ac.cd/oipr/OIPR/chercheurs3edf.html]
[www.unikin.ac.cd/oipr/OIPR/chercheursfe11.html]
[www.unikin.ac.cd/oipr/OIPR/chercheurse2d1.html]
[www.unikin.ac.cd/oipr/OIPR/chercheurs1512.html]
[www.unikin.ac.cd/oipr/OIPR/chercheursa1a8.html]
[www.unikin.ac.cd/oipr/OIPR/chercheurs2e04.html]
[www.unikin.ac.cd/oipr/OIPR/chercheurs/1192/BAMFUMU-MUSASA-HENRI-BONARD.html]
[www.unikin.ac.cd/oipr/OIPR/chercheurs/13/BILONDA-KOLELA-FRANCOISE-DOLLY.html]
[www.unikin.ac.cd/oipr/OIPR/chercheurs/434/BUMOKO-MAKILA-MABE-GUY.html]
[www.unikin.ac.cd/oipr/OIPR/chercheurs/33/BUNGU-MWIMBA-ROGER.html]
[www.unikin.ac.cd/oipr/OIPR/chercheurs/1003/DIBUNGI-LUSEBA-LUSEBA.html]
[www.unikin.ac.cd/oipr/OIPR/chercheurs/2631/DISASHI-DONGOLONGO-FISTON-PELERIN.html]
[www.unikin.ac.cd/oipr/OIPR/chercheursc9ce.html]
[www.unikin.ac.cd/oipr/OIPR/chercheurs3c6c.html]
[www.unikin.ac.cd/oipr/OIPR/chercheurs8f89.html]
[www.unikin.ac.cd/oipr/OIPR/chercheurs3100.html]
[www.unikin.ac.cd/oipr/OIPR/chercheurseade.html]
[www.unikin.ac.cd/oipr/OIPR/chercheurs95ca.html]
[www.unikin.ac.cd/oipr/OIPR/chercheurs6384.html]
[www.unikin.ac.cd/oipr/OIPR/chercheurs29c8.html]
[www.unikin.ac.cd/oipr/OIPR/chercheurs/308/ASOBE-MONZOMBO-MICHELINE.html]
[www.unikin.ac.cd/oipr/OIPR/chercheurs/54/BANZA-NSOMWE-A-NFUNKWA-E-EUSTACHE.html]
[www.unikin.ac.cd/oipr/OIPR/chercheurs/411/BATAMBA-BALEMBU-ANTOINE.html]
[www.unikin.ac.cd/oipr/OIPR/chercheurs/181/BOFAMBU-NKOMBE.html]
[www.unikin.ac.cd/oipr/OIPR/chercheurs/2983/BOKELO-GOLE-BENI.html]
[www.unikin.ac.cd/oipr/OIPR/chercheurs/184/BONGELI-YEIKELO-YA-ATO-EMILE.html]
[www.unikin.ac.cd/oipr/OIPR/chercheurs/351/BUKABAU-BABUYA-RUTH.html]
[www.unikin.ac.cd/oipr/OIPR/chercheurs/354/BUKAKA-BUNTANGU-JACQUELINE.html]
[www.unikin.ac.cd/oipr/OIPR/chercheurs/70/BUMBA-MONGA-NGOY-ANTOINE.html]
[www.unikin.ac.cd/oipr/OIPR/chercheurs43eb.html]
[www.unikin.ac.cd/oipr/OIPR/chercheursfe2c.html]
[www.unikin.ac.cd/oipr/OIPR/chercheurs4371.html]
[www.unikin.ac.cd/oipr/OIPR/chercheursc2c1.html]
[www.unikin.ac.cd/oipr/OIPR/chercheurs4d02.html]
[www.unikin.ac.cd/oipr/OIPR/chercheurs9496.html]
[www.unikin.ac.cd/oipr/OIPR/chercheurs25fd.html]
[www.unikin.ac.cd/oipr/OIPR/chercheurs59af.html]
[www.unikin.ac.cd/oipr/OIPR/chercheurs/170/BAKANDEJA-WA-MPUNGU.html]
[www.unikin.ac.cd/oipr/OIPR/chercheurs/2198/BARAKA-LUCUNGU-PRINCE.html]
[www.unikin.ac.cd/oipr/OIPR/chercheurs/986/BILOLO-KABUEBUE-BILLY-PAUL.html]
[www.unikin.ac.cd/oipr/OIPR/chercheurs/1004/DIEMU-TSHIBAND-BAVON.html]
[www.unikin.ac.cd/oipr/OIPR/chercheurs/1011/EMINA-BE-OFURIYUA-JACQUES.html]
[www.unikin.ac.cd/oipr/OIPR/chercheurs4b0e.html]
[www.unikin.ac.cd/oipr/OIPR/chercheurs6cb8.html]
[www.unikin.ac.cd/oipr/OIPR/chercheursfa97.html]
[www.unikin.ac.cd/oipr/OIPR/chercheursf4ec.html]
[www.unikin.ac.cd/oipr/OIPR/chercheurs0613.html]
[www.unikin.ac.cd/oipr/OIPR/chercheurs6848.html]
[www.unikin.ac.cd/oipr/OIPR/chercheurs/1015/AKWETY-KALE-ANNE-MARIE.html]
[www.unikin.ac.cd/oipr/OIPR/chercheurs/169/AUNDU-MATSANZA-GUY.html]
[www.unikin.ac.cd/oipr/OIPR/chercheurs/172/BANYAKU-LUAPE.html]
[www.unikin.ac.cd/oipr/OIPR/chercheursb04c.html]
[www.unikin.ac.cd/oipr/OIPR/chercheurs73bd.html]
[www.unikin.ac.cd/oipr/OIPR/chercheurs623e.html]
[www.unikin.ac.cd/oipr/OIPR/chercheursc037.html]
[www.unikin.ac.cd/oipr/OIPR/chercheurs440c.html]
[www.unikin.ac.cd/oipr/OIPR/theses/1516.html]
[www.unikin.ac.cd/oipr/OIPR/theses/1432.html]
[www.unikin.ac.cd/oipr/OIPR/theses/1467.html]
[www.unikin.ac.cd/oipr/OIPR/theses/970.html]
[www.unikin.ac.cd/oipr/OIPR/theses/1269.html]
[www.unikin.ac.cd/oipr/OIPR/theses/1261.html]
[www.unikin.ac.cd/oipr/OIPR/theses/1011.html]
[www.unikin.ac.cd/oipr/OIPR/theses/1351.html]
[www.unikin.ac.cd/oipr/OIPR/theses/1114.html]
[www.unikin.ac.cd/oipr/OIPR/theses/1019.html]
[www.unikin.ac.cd/oipr/OIPR/theses0d2d.html]
[www.unikin.ac.cd/oipr/OIPR/thesesa0d9.html]
[www.unikin.ac.cd/oipr/OIPR/theses6170.html]
[www.unikin.ac.cd/oipr/OIPR/thesesef32.html]
[www.unikin.ac.cd/oipr/OIPR/theses7c6c.html]
[www.unikin.ac.cd/oipr/OIPR/thesesb08a.html]
[www.unikin.ac.cd/oipr/OIPR/theses9804.html]
[www.unikin.ac.cd/oipr/OIPR/theses17dc.html]
[www.unikin.ac.cd/oipr/OIPR/theses1688.html]
[www.unikin.ac.cd/oipr/OIPR/thesesd014.html]
[www.unikin.ac.cd/oipr/OIPR/thesesb74c.html]
[www.unikin.ac.cd/oipr/OIPR/thesescab7.html]
[www.unikin.ac.cd/oipr/OIPR/theseseae5.html]
[www.unikin.ac.cd/oipr/OIPR/thesesf5c1.html]
[www.unikin.ac.cd/oipr/OIPR/thesesc058.html]
[www.unikin.ac.cd/oipr/OIPR/thesesfbc2.html]
[www.unikin.ac.cd/oipr/OIPR/theses4145.html]
[www.unikin.ac.cd/oipr/OIPR/thesesac02.html]
[www.unikin.ac.cd/oipr/OIPR/thesese05e.html]
[www.unikin.ac.cd/oipr/OIPR/theses9b5f.html]
[www.unikin.ac.cd/oipr/OIPR/theses91d4.html]
[www.unikin.ac.cd/oipr/OIPR/theses71d4.html]
[cdnjs.cloudflare.com/ajax/libs/font-awesome/5.15.4/css/all.min.css]
[www.unikin.ac.cd/oipr/OIPR/publications/1721/INVENTAIRE-DES-EMPLO...html]
[www.unikin.ac.cd/oipr/OIPR/publications/744/REPENSER-LENSEIGNEME...html]
[www.unikin.ac.cd/oipr/OIPR/publications/743/EXPERIMENTATION-DE-L...html]
[www.unikin.ac.cd/oipr/OIPR/publications/1727/IMAGE-ORGANISATIONNE...html]
[www.unikin.ac.cd/oipr/OIPR/publications/1643/SUCCES-DE-CARRIERE-E...html]
[www.unikin.ac.cd/oipr/OIPR/publications/1407/FLEXIBILITE-DES-PRAT...html]
[www.unikin.ac.cd/oipr/OIPR/publications/1307/ANXIETE-DE-LA-MORT-D...html]
[www.unikin.ac.cd/oipr/OIPR/publications/1306/QUALITE-DE-LA-RELATI...html]
[www.unikin.ac.cd/oipr/OIPR/publications/1305/INTELLIGENCE-EMOTION...html]
[www.unikin.ac.cd/oipr/OIPR/publications/1181/PERCEPTION-DE-LEFFIC...html]
[www.unikin.ac.cd/oipr/OIPR/publications/1180/PERCEPTION-DE-LA-REF...html]
[www.unikin.ac.cd/oipr/OIPR/publications/1147/WORK-PERFORMANCE-OF-...html]
[www.unikin.ac.cd/oipr/OIPR/publications/1183/FONDEMENT-JURIDIQUE-...html]
[www.unikin.ac.cd/oipr/OIPR/publications/1182/PERCEPTION-DE-LA-JUS...html]
[www.unikin.ac.cd/oipr/OIPR/publications/1179/QUALITE-DE-VIE-DES-P...html]
[www.unikin.ac.cd/oipr/OIPR/publications/774/PHYSICAL-SELF-ESTEEM...html]
[www.unikin.ac.cd/oipr/OIPR/publications/773/WELL-BEING-OF-SECOND...html]
[www.unikin.ac.cd/oipr/OIPR/publications/1422/VARIABILITE-DE-LA-RE...html]
[www.unikin.ac.cd/oipr/OIPR/publications/1190/USAGES-DES-NUMERIQUE...html]
[www.unikin.ac.cd/oipr/OIPR/publications/1188/CLIMAT-ORGANISATIONN...html]
[www.unikin.ac.cd/oipr/OIPR/publications/1187/VARIABILITE-DE-LA-RE...html]
[www.unikin.ac.cd/oipr/OIPR/publications/1186/PERCEPTION-OF-CAESAR...html]
[www.unikin.ac.cd/oipr/OIPR/publications/1185/IMPLICATION-ORGANISA...html]
[www.unikin.ac.cd/oipr/OIPR/publications/1184/POTENTIEL-CREATIF-DE...html]
[www.unikin.ac.cd/oipr/OIPR/publications/784/APPRECIATION-DU-BIEN...html]
[www.unikin.ac.cd/oipr/OIPR/publications/783/QUALITY-OF-LIFE-OF-C...html]
[www.unikin.ac.cd/oipr/OIPR/publications/782/STUDENT-EVALUATION-O...html]
[www.unikin.ac.cd/oipr/OIPR/publications/781/A-COMPARATIVE-STUDY-...html]
[www.unikin.ac.cd/oipr/OIPR/publications/780/BIEN-ETRE-ET-PERFORM...html]
[www.unikin.ac.cd/oipr/OIPR/publications/779/ENGAGEMENT-AU-TRAVAI...html]
[www.unikin.ac.cd/oipr/OIPR/publications/778/PERCEPTION-DE-LA-PAN...html]
[www.unikin.ac.cd/oipr/OIPR/publications/777/ATTITUDE-DES-ELEVES-...html]
[www.unikin.ac.cd/oipr/OIPR/publications/776/INTELLIGENCE-EMOTION...html]
[www.unikin.ac.cd/oipr/OIPR/publications/775/PERCEPTION-DU-CANCER...html]
[www.unikin.ac.cd/oipr/OIPR/publications/330/EVALUATION-DE-LA-QUA...html]
[www.unikin.ac.cd/oipr/OIPR/publications/328/SOCIAL-NETWORKS-ADDI...html]
[www.unikin.ac.cd/oipr/OIPR/publications/1194/QUELLE-EST-LA-NATURE...html]
[www.unikin.ac.cd/oipr/OIPR/publications/1193/EVALUATION-DE-LA-CRE...html]
[www.unikin.ac.cd/oipr/OIPR/publications/1192/ASPIRATIONS-ACADEMIQ...html]
[www.unikin.ac.cd/oipr/OIPR/publications/1191/QUALITY-OF-LIFE-OF-W...html]
[www.unikin.ac.cd/oipr/OIPR/publications/1189/VARIABILITE-DES-CRIT...html]
[www.unikin.ac.cd/oipr/OIPR/publications/329/EFFICACITE-ET-ENJEUX...html]
[www.unikin.ac.cd/oipr/OIPR/publications/327/IMPACT-DE-LA-FORMATI...html]
[www.unikin.ac.cd/oipr/OIPR/publications/326/LE-SYSTEME-EDUCATIF-...html]
[www.unikin.ac.cd/oipr/OIPR/publications/1645/INTENTIONS-ENTREPREN...html]
[www.unikin.ac.cd/oipr/OIPR/publications/1287/LES-DEFIS-DE-LA-TENU...html]
[www.unikin.ac.cd/oipr/OIPR/chercheurs/2985/@Fakakelvin.html]
[www.unikin.ac.cd/oipr/OIPR/chercheurs/2985/Kelvin Faka.html]
[www.unikin.ac.cd/oipr/OIPR/publications/1640/STRESS-PROFESSIONNEL...html]
[www.unikin.ac.cd/oipr/OIPR/publications/1639/LA-GRATUITE-DE-LENSE...html]
[www.unikin.ac.cd/oipr/OIPR/publications/1638/POLITIQUE-DE-LEMPLOI...html]
[www.unikin.ac.cd/oipr/OIPR/publications/980/BIENVEILLANCE-ENVERS...html]
[www.unikin.ac.cd/oipr/OIPR/publications/945/INTELLIGENCE-PSYCHOL...html]
[www.unikin.ac.cd/oipr/OIPR/publications/858/LES-ADOLESCENTS-KINO...html]
[www.unikin.ac.cd/oipr/OIPR/publications/857/PERCEPTION-DU-SECTEU...html]
[www.unikin.ac.cd/oipr/OIPR/publications/859/STRESS-CHEZ-LES-ADOL...html]
[www.unikin.ac.cd/oipr/OIPR/publications/1424/PERCEPTION-DU-SECTEU...html]
[www.unikin.ac.cd/oipr/OIPR/chercheurs/2058/wakenge@gmail.html]
[www.unikin.ac.cd/oipr/OIPR/publications/1637/THE-INFLUENCE-OF-MOT...html]
[www.unikin.ac.cd/oipr/OIPR/publicationsf308.html]
[www.unikin.ac.cd/oipr/OIPR/publications18c7.html]
[www.unikin.ac.cd/oipr/OIPR/publications/1117/THE-ELITE-LANGUAGE-A...html]
[www.unikin.ac.cd/oipr/OIPR/publications/1116/IDENTIFYING-THE-COMM...html]
[www.unikin.ac.cd/oipr/OIPR/publications/757/THE-ELITE-LANGUAGE-A...html]
[www.unikin.ac.cd/oipr/OIPR/publications/700/MOTHER-TONGUE-MULTIL...html]
[www.unikin.ac.cd/oipr/OIPR/publications/417/LANGUES-MATERNELLES-...html]
[www.unikin.ac.cd/oipr/OIPR/publications/416/LANGUES-MATERNELLES-...html]
[www.unikin.ac.cd/oipr/OIPR/publications/415/LANGUES-MATERNELLES-...html]
[www.unikin.ac.cd/oipr/OIPR/publications/414/IMPACT-DE-LA-OU-DES-...html]
[www.unikin.ac.cd/oipr/OIPR/publications/413/LA-CONTRIBUTION-DES-...html]
[www.unikin.ac.cd/oipr/OIPR/publications/1703/TOWARDS-SPORTS-BETTI...html]
[www.unikin.ac.cd/oipr/OIPR/publications/1702/A-NEURO-SYMBOLIC-EDG...html]
[www.unikin.ac.cd/oipr/OIPR/publications/1701/TOWARD-NEURO-SYMBOLI...html]
[www.unikin.ac.cd/oipr/OIPR/publications/1697/ADVANCED-TDOA-UWB-LO...html]
[www.unikin.ac.cd/oipr/OIPR/publications/1696/LUEJI-A-SWAHILI-LANG...html]
[www.unikin.ac.cd/oipr/OIPR/publications/1695/COMPARATIVE-PERFORMA...html]
[www.unikin.ac.cd/oipr/OIPR/publications/1694/ELM-MEETS-ASP-AUTOMA...html]
[www.unikin.ac.cd/oipr/OIPR/publications/1693/ENHANCING-IMAGE-QUAL...html]
[www.unikin.ac.cd/oipr/OIPR/publications/1692/PRIVACY-PRESERVING-S...html]
[www.unikin.ac.cd/oipr/OIPR/publications/1654/GEOSPATIAL-ANALYSIS-...html]
[www.unikin.ac.cd/oipr/OIPR/publications/1700/A-HYBRID-BERT-ELM-FR...html]
[www.unikin.ac.cd/oipr/OIPR/publications/1699/DESIGN-AND-DEPLOYMEN...html]
[www.unikin.ac.cd/oipr/OIPR/publications/1698/ENHANCING-REMAINING-...html]
[www.unikin.ac.cd/oipr/OIPR/publications/1506/SYSTEM-DYNAMICS-IN-R...html]
[www.unikin.ac.cd/oipr/OIPR/publications/1505/HARNESSING-ISM-FOR-C...html]
[www.unikin.ac.cd/oipr/OIPR/publications/1504/LEVERAGING-ARTIFICIA...html]
[www.unikin.ac.cd/oipr/OIPR/publications/1503/ENHANCING-BUILDING-S...html]
[www.unikin.ac.cd/oipr/OIPR/publications/1502/ENHANCING-PRINTED-LI...html]
[www.unikin.ac.cd/oipr/OIPR/publications/1501/ENHANCING-HEALTHCARE...html]
[www.unikin.ac.cd/oipr/OIPR/publications/1500/ENHANCING-HEALTHCARE...html]
[www.unikin.ac.cd/oipr/OIPR/publications/1499/A-REVIEW-ON-ADVANCIN...html]
[www.unikin.ac.cd/oipr/OIPR/publications/1498/PREDICTIVE-MODELING-...html]
[www.unikin.ac.cd/oipr/OIPR/publications/1497/LEVERAGING-MACHINE-L...html]
[www.unikin.ac.cd/oipr/OIPR/publications/1496/CAUSAL-MACHINE-LEARN...html]
[www.unikin.ac.cd/oipr/OIPR/publications/1495/ARTIFICIAL-INTELLIGE...html]
[www.unikin.ac.cd/oipr/OIPR/publications/1494/ENHANCING-BUILDING-E...html]
[www.unikin.ac.cd/oipr/OIPR/publications/1493/FLEXINET-AN-ADAPTIVE...html]
[www.unikin.ac.cd/oipr/OIPR/publications/1492/ENHANCING-SENTIMENT-...html]
[www.unikin.ac.cd/oipr/OIPR/publications/1491/AUTOENCODERAUGMENTED...html]
[www.unikin.ac.cd/oipr/OIPR/publications/1490/APPLYING-CAUSAL-MACH...html]
[www.unikin.ac.cd/oipr/OIPR/publications/1489/A-HYBRID-BERT-ELM-FR...html]
[www.unikin.ac.cd/oipr/OIPR/publications/1488/REAL-WORLD-EVALUATIO...html]
[www.unikin.ac.cd/oipr/OIPR/publications/1371/DESIGNING-A-SWAHILI-...html]
[www.unikin.ac.cd/oipr/OIPR/publications48c4.html]
[www.unikin.ac.cd/oipr/OIPR/publications2ec1.html]
[www.unikin.ac.cd/oipr/OIPR/publications/1370/BABASPEECH-A-DEEP-LE...html]
[www.unikin.ac.cd/oipr/OIPR/publications/926/ENSEMBLE-LEARNING-WI...html]
[www.unikin.ac.cd/oipr/OIPR/publications/925/EXPLORING-SMART-MOBI...html]
[www.unikin.ac.cd/oipr/OIPR/publications/901/A-GRAPH-ATTENTION-NE...html]
[www.unikin.ac.cd/oipr/OIPR/publications/900/COMPREHENSIVE-SENSIT...html]
[www.unikin.ac.cd/oipr/OIPR/publications/899/ENHANCING-THE-RELIAB...html]
[www.unikin.ac.cd/oipr/OIPR/publications/898/A-COMPREHENSIVE-LITE...html]
[www.unikin.ac.cd/oipr/OIPR/publications/529/ENHANCING-COVID-19-D...html]
[www.unikin.ac.cd/oipr/OIPR/publications/897/ENSEMBLE-TRANSFER-LE...html]
[www.unikin.ac.cd/oipr/OIPR/publications/896/A-COMPREHENSIVE-GENE...html]
[www.unikin.ac.cd/oipr/OIPR/publications/895/TRANSFORMERS-IN-TIME...html]
[www.unikin.ac.cd/oipr/OIPR/publications/894/META-LEARNING-FOR-TI...html]
[www.unikin.ac.cd/oipr/OIPR/publications/892/ENSEMBLE-LEARNING-WI...html]
[www.unikin.ac.cd/oipr/OIPR/publications/891/A-SMART-GRID-ONTOLOG...html]
[www.unikin.ac.cd/oipr/OIPR/publications/890/THE-IMPACT-OF-MARKET...html]
[www.unikin.ac.cd/oipr/OIPR/publications/886/A-BOXPLOT-METADATA-C...html]
[www.unikin.ac.cd/oipr/OIPR/publications/883/ARTIFICIAL-DATASET-G...html]
[www.unikin.ac.cd/oipr/OIPR/publications/882/ASSESSING-HOW-LARGE-...html]
[www.unikin.ac.cd/oipr/OIPR/publications/881/SENSITIVITY-ANALYSIS...html]
[www.unikin.ac.cd/oipr/OIPR/publications/879/GUEST-EDITORIAL-EXPL...html]
[www.unikin.ac.cd/oipr/OIPR/publications/878/A-ROBUST-AUTOMATED-A...html]
[www.unikin.ac.cd/oipr/OIPR/publicationsf878.html]
[www.unikin.ac.cd/oipr/OIPR/publications3ff5.html]
[www.unikin.ac.cd/oipr/OIPR/publications/877/DOCUMENT-IMAGE-RELAT...html]
[www.unikin.ac.cd/oipr/OIPR/publications/874/MODELING-AND-SIMULAT...html]
[www.unikin.ac.cd/oipr/OIPR/publications/873/TOWARDS-A-DEDICATED-...html]
[www.unikin.ac.cd/oipr/OIPR/publications/872/MODELLING-DDOS-ATTAC...html]
[www.unikin.ac.cd/oipr/OIPR/publications/241/GUEST-EDITORIAL-EXPL...html]
[www.unikin.ac.cd/oipr/OIPR/publications/133/EQUATION-BASED-MODEL...html]
[www.unikin.ac.cd/oipr/OIPR/publications/880/DEVELOPMENT-OF-A-NOV...html]
[www.unikin.ac.cd/oipr/OIPR/publications/871/A-NOVEL-ZERNIKE-MOME...html]
[www.unikin.ac.cd/oipr/OIPR/publications/132/SECURING-THE-LIGHT-E...html]
[www.unikin.ac.cd/oipr/OIPR/publications/876/DOCUMENT-IMAGE-RELAT...html]
[www.unikin.ac.cd/oipr/OIPR/publications/240/INTELLIGENT-TRANSPLA...html]
[www.unikin.ac.cd/oipr/OIPR/publications/123/ANALYSIS-MODELING-AN...html]
[www.unikin.ac.cd/oipr/OIPR/publications/99/ABCSS-A-NOVEL-APPROA...html]
[www.unikin.ac.cd/oipr/OIPR/publications/888/RECENT-ADVANCES-IN-E...html]
[www.unikin.ac.cd/oipr/OIPR/publications/128/A-STOCHASTIC-AGENT-B...html]
[www.unikin.ac.cd/oipr/OIPR/publications/875/DATA-AUGMENTATION-FO...html]
[www.unikin.ac.cd/oipr/OIPR/publications/121/AGENT-BASED-MODELLIN...html]
[www.unikin.ac.cd/oipr/OIPR/publications/889/A-COMPREHENSIVE-SUMM...html]
[www.unikin.ac.cd/oipr/OIPR/publications/887/TRANSFORMERS-IN-TIME...html]
[www.unikin.ac.cd/oipr/OIPR/publications/884/ENSEMBLE-TRANSFER-LE...html]
[www.unikin.ac.cd/oipr/OIPR/publications/885/A-VERTICAL-SYSTEMATI...html]
[www.unikin.ac.cd/en/message-dalma-a-loccasion-de-la-presentation-du-plan-strategique-de-lunikin.html]
[www.unikin.ac.cd/en/communique-sur-le-processus-de-mise-en-oeuvre-du-systeme-lmd.html]
[www.unikin.ac.cd/en/discours-du-secretaire-general-a-la-recherche-lors-de-la-collation-ceremonie-de-collation-de-grades-academiques-et-de-cloture-officielle-de-lannee-academique-2020-2021.html]
[www.unikin.ac.cd/en/invitation-a-la-matinee-scientifique-sur-ajustement-budgetaire-et-stabilite-du-cadre-macroeconomique-face-au-choc-securitaire.html]
[www.unikin.ac.cd/en/university-of-kinshasa-profile.html]
[www.unikin.ac.cd/en/le-departement-de-medecine-tropicale-de-l-unikin-a-installe-un-site-d-essai-clinique-au-sein-de-l-hopital-general-de-boende.html]
[www.unikin.ac.cd/en/actualites2679.html]
[www.unikin.ac.cd/en/la-rdc-participe-a-la-sixieme-conference-diplomatique-africaine-sur-le-leadership-jeunesse.html]
[www.unikin.ac.cd/en/l-ecole-de-criminologie-de-l-universite-de-kinshasa-coconstruit-un-savoir-endogene.html]
[www.unikin.ac.cd/en/organisation-du-workshop-international-ai2m4ri-grece-athenes-18-20-aout-2026.html]
[www.unikin.ac.cd/en/seminaire-du-ccps-une-analyse-criminologique-de-la-gestion-des-dechets-medicaux-a-kinshasa.html]
[www.unikin.ac.cd/en/actualitesfdb0.html]
[www.unikin.ac.cd/en/lancement-dune-formation-certifiante-au-metier-de-valorisation-des-resultats-de-recherche.html]
[www.unikin.ac.cd/en/ouverture-des-inscriptions-a-lecole-des-sciences-de-la-population-et-du-developpement-espd.html]
[www.unikin.ac.cd/en/decouvrez-les-formations-professionnelles-a-it-zone-unikin.html]
[www.unikin.ac.cd/en/plaidoyer-pour-la-sauvegarde-de-la-cite-kindele-l-unikin-appelee-a-agir.html]
[www.unikin.ac.cd/en/une-conference-pour-donner-un-visage-a-l-invisible-a-l-occasion-de-la-journee-mondiale-des-maladies-rares.html]
[www.unikin.ac.cd/en/l-universite-de-kinshasa-remporte-le-prix-impact-exploration-au-ngea-2026.html]
[www.unikin.ac.cd/en/l-etudiant-seraphin-mikobi-publie-le-recueil-des-nouvelles-le-c-ur-d-une-vraie-mere.html]
[www.unikin.ac.cd/en/le-recteur-jean-marie-kayembe-ntumba-recoit-la-delegation-de-la-rec.html]
[www.unikin.ac.cd/en/cooperation-academique-entre-les-deux-congo-l-udsn-et-l-unikin-scellent-un-accord-cadre-a-kinshasa.html]
[www.unikin.ac.cd/en/l-unikin-envisage-une-soiree-de-gala-au-profit-de-la-maison-unikin-au-centre-ville-de-kinshasa.html]
[www.unikin.ac.cd/en/sinspirer-de-la-chine-pour-batir-le-developpement-par-lhumain.html]
[www.unikin.ac.cd/en/participation-du-recteur-de-lunikin-au-forum-sur-le-partenariat-monde-du-travail-a-luniversite-denis-sassou-nguesso-udsn.html]
[www.unikin.ac.cd/en/l-unikin-a-ete-brillamment-representee-au-plus-haut-niveau-par-l-un-de-ses-chercheurs.html]
[www.unikin.ac.cd/en/l-ecole-de-l-eau-de-l-universite-de-kinshasa-instaure-des-recherches-post-doctorales.html]
[www.unikin.ac.cd/en/stages-a-la-ferme-agro-pastorale-de-l-unikin.html]
[www.unikin.ac.cd/en/publication-de-deux-ouvrages-d-etudiants-a-l-universite-de-kinshasa.html]
[www.unikin.ac.cd/en/lutte-contre-le-paludisme-chez-la-femme-enceinte-les-resultats-dune-etude-menee-par-le-pnlp-et-le-departement-de-medecine-tropicale-de-lunikin-devoiles-au-cours-dun-atelier.html]
[www.unikin.ac.cd/en/actualitesaf4d.html]
[www.unikin.ac.cd/en/activites-du-recteur2679.html]
[www.unikin.ac.cd/en/le-medecin-directeur-des-cuk-impressionne-par-le-nouveau-laboratoire-de-chirurgie-maxillo-faciale-de-lunikin.html]
[www.unikin.ac.cd/en/message-de-voeux-du-recteur-a-la-communaute-universitaire.html]
[www.unikin.ac.cd/en/des-etudiants-de-lunikin-certifies-par-lambassade-americaine.html]
[www.unikin.ac.cd/en/lancement-de-la-rentree-academique-2025-2026-du-master-en-ecologie-des-maladies-infectieuses-a-kinshasa.html]
[www.unikin.ac.cd/en/des-negociations-tripartites-lancees-entre-lunikin-lupc-et-luniversite-patrice-emery-lumumba-de-moscou.html]
[www.unikin.ac.cd/en/seance-de-travail-a-luniversite-p-e-lumumba-preparatifs-de-lorganisation-du-titre-honoris-causa-du-president-tshisekedi.html]
[www.unikin.ac.cd/en/le-recteur-jean-marie-kayembe-ntumba-represente-la-communaute-universitaire-congolaise-aux-cotes-du-president-tshisekedi.html]
[www.unikin.ac.cd/en/le-recteur-jean-marie-kayembe-ntumba-en-visite-de-courtoisie-a-lambassade-de-la-rdc-a-moscou.html]
[www.unikin.ac.cd/en/hommage-et-vives-felicitations-au-recteur-jean-marie-kayembe-ntumba-pour-son-elevation-au-titre-de-docteur-honoris-causa.html]
[www.unikin.ac.cd/en/activites-du-recteurfdb0.html]
[www.unikin.ac.cd/en/lunesco-et-luniversite-de-kinshasa-renforcent-leur-cooperation-pour-la-transformation-numerique.html]
[www.unikin.ac.cd/en/signature-dun-memorandum-dentente-mou-entre-luniversite-cheikh-anta-diop-de-dakar-et-luniversite-de-kinshasa.html]
[www.unikin.ac.cd/en/lambassadeur-christophe-muzungu-recoit-le-comite-de-gestion-de-lunikin-et-sa-delegation-en-sejour-a-dakar-au-senegal.html]
[www.unikin.ac.cd/en/le-recteur-jean-marie-kayembe-ntumba-eleve-le-drapeau-de-la-rdc-et-de-lunikin-sur-la-scene-academique-internationale-grace-au-doctorat-honoris-causa.html]
[www.unikin.ac.cd/en/le-recteur-jean-marie-kayembe-ntumba-honore-de-sa-presence-le-colloque-sur-linnovation-et-le-developpement-durable-a-dakar.html]
[www.unikin.ac.cd/en/catastrophe-a-lunikin-le-recteur-jean-marie-kayembe-ntumba-lance-un-cri-dalarme.html]
[www.unikin.ac.cd/en/le-felico-2025-officiellement-lance-avec-le-bapteme-dun-ouvrage-par-le-professeur-bahati-lukwebo.html]
[www.unikin.ac.cd/en/vital-kamerhe-recu-par-le-recteur-de-lunikin-apres-son-cours-inaugural-en-economie.html]
[www.unikin.ac.cd/en/le-laboratoire-de-chirurgie-orale-et-maxillo-faciale-deja-au-service-de-la-formation-des-etudiants.html]
[www.unikin.ac.cd/en/le-recteur-jean-marie-kayembe-ntumba-felicite-ses-phacocheres-champions-de-basket-interuniversitaire.html]
[www.unikin.ac.cd/en/une-delegation-de-luniversite-makerere-en-visite-de-travail-a-luniversite-de-kinshasa.html]
[www.unikin.ac.cd/en/campagne-de-sensibilisation-sur-les-cancers-feminins-a-lunikin.html]
[www.unikin.ac.cd/en/le-recteur-de-lunikin-en-visite-a-lambassade-degypte.html]
[www.unikin.ac.cd/en/le-recteur-jean-marie-kayembe-ntumba-recoit-russell-mpenemoke-et-son-projet-rudless-prime-nationalement.html]
[www.unikin.ac.cd/en/des-etudiants-de-luniversite-de-kinshasa-en-visite-a-lambassade-des-etats-unis.html]
[www.unikin.ac.cd/en/le-recteur-de-luniversite-de-kinshasa-professeur-kayembe-jean-marie-a-recu-les-membres-du-comite-de-la-socop-ainsi-que-du-comite-scientifique.html]
[www.unikin.ac.cd/en/structuration-du-master-en-economie-verte-et-finances-climatiques-reunion-des-parties-prenantes-a-luniversite-de-kinshasa.html]
[www.unikin.ac.cd/en/le-recteur-de-lunikin-echange-avec-le-consul-honoraire-de-la-rdc-en-pologne-pour-une-cooperation-universitaire-renforcee.html]
[www.unikin.ac.cd/en/le-recteur-de-lunikin-recoit-la-delegation-des-chefs-detablissements-et-professeurs-deplaces-du-nord-et-sud-kivu.html]
[www.unikin.ac.cd/en/renforcement-de-la-cooperation-academique-entre-luniversite-de-kinshasa-et-luniversite-de-mbuji-mayi.html]
[www.unikin.ac.cd/en/activites-du-recteuraf4d.html]
[www.unikin.ac.cd/en/activites-du-sgac2679.html]
[www.unikin.ac.cd/en/seance-de-reflexion-relative-a-lorganisation-de-la-conference-sur-la-deperdition-academique.html]
[www.unikin.ac.cd/en/luniversite-de-kinshasa-vient-de-signer-un-memorandum-of-understanding-for-a-linkage-agreement.html]
[www.unikin.ac.cd/en/communique-pour-le-paiement-de-frais-detudes-2022-2023.html]
[www.unikin.ac.cd/en/le-professeur-eustache-banza-est-arrive-a-indiana-university.html]
[www.unikin.ac.cd/en/atelier-sur-le-lmd-a-luniversite-de-kinshasa-du-07-au-09-mars-2022.html]
[www.unikin.ac.cd/alumni/privacy-policy.html]
[www.unikin.ac.cd/alumni/terms-of-use.html]
[www.unikin.ac.cd/fac/facmed/recherchesab25]
[www.unikin.ac.cd/oipr/OIPR/publications/1685/RESILIENCE-DES-ENFAN]
[www.unikin.ac.cd/oipr/OIPR/publications/1644/OPINION-DES-ENSEIGNA]
[www.unikin.ac.cd/oipr/OIPR/publications/893/LANGUAGE-MEETS-VISIO]
[www.unikin.ac.cd/en/mobilite-des-enseignants.html]
[www.unikin.ac.cd/wp-content/uploads/2025/10/Faculte-DE-DROIT.pdf]
[www.unikin.ac.cd/wp-content/uploads/2025/10/Faculte-DE-POLYTCH.pdf]
[www.unikin.ac.cd/wp-content/uploads/2025/10/Faculte-SC-AGRONOMIQUES.pdf]
[www.unikin.ac.cd/wp-content/uploads/2025/10/FAC-SC.-PHARMACEUTIQUES-1.pdf]
[www.unikin.ac.cd/wp-content/uploads/2025/10/FAC-SC.-PHARMACEUTIQUES-2.pdf]
[www.unikin.ac.cd/wp-content/uploads/2025/10/Faculte-DE-MED-DENTAIRE.pdf]
[www.unikin.ac.cd/wp-content/uploads/2025/10/FAC-SSAP-2.pdf]
[www.unikin.ac.cd/wp-content/uploads/2025/10/FAC-SSAP-1.pdf]
[www.unikin.ac.cd/wp-content/uploads/2025/10/FAC-SSAP-3-REINTEGRE.pdf]
[www.unikin.ac.cd/wp-content/uploads/2025/10/Faculte-SC.-ECONOMIQUES.pdf]
[www.unikin.ac.cd/wp-content/uploads/2025/10/FAC-DES-LETTRES-2.pdf]
[www.unikin.ac.cd/wp-content/uploads/2025/10/FAC-DES-LETTRES-1.pdf]
[www.unikin.ac.cd/wp-content/uploads/2025/10/FAC-DES-SC.-ET-TECHNO-2.pdf]
[www.unikin.ac.cd/wp-content/uploads/2025/10/FAC-DES-SC.-ET-TECHNO-1.pdf]
[www.unikin.ac.cd/wp-content/uploads/2025/10/FAC-DES-SC.-ET-TECHNO-3.pdf]
[www.unikin.ac.cd/en/activites-du-sgr2679]
[www.unikin.ac.cd/en/luniversite-de-kinshasa-a-le-plaisir-de-vous-inviter-a-une-conference-debat-sur-le-manioc-suite-a-larticle-viral-publie-le-1er-avril]
[www.unikin.ac.cd/en/visites-de-la-secretaire-generale-a-la-recherche-dans-les-facultes-de-luniversite-de-kinshasa]
[www.unikin.ac.cd/en/femme-paix-et-securite-une-matinee-dechanges-pour-sensibiliser-les-femmes-de-lunikin]
[www.unikin.ac.cd/en/matinee-dechanges-autour-des-mecanismes-doperationnalisation-du-troisieme-cycle]
[www.unikin.ac.cd/en/innovation-technologique-en-rdc-remise-des-titres-de-propriete-industrielle-aux-inventeurs-congolais]
[www.unikin.ac.cd/en/rapport-rankings-2024-des-chercheurs-de-lunikin]
[www.unikin.ac.cd/en/agenda-du-sgr-janvier-2025-un-mois-riche-en-activites-pour-la-recherche-universitaire]
[www.unikin.ac.cd/en/participation-a-latelier-devaluation-de-la-valorisation-des-resultats-de-recherche-a-luniversite-de-lubumbashi]
[www.unikin.ac.cd/en/serie-de-seminaires-de-sensibilisation-et-de-formation-sur-loutil-dinventaire-et-de-planification-de-la-recherche-a-lunikin-oipr]
[www.unikin.ac.cd/en/ouverture-du-marche-agricole-congolais-magric-au-stade-albert-1er-du-college-boboto]
[www.unikin.ac.cd/en/la-secretaire-generale-a-la-recherche-professeure-marie-claire-yandju-a-recu-une-delegation-de-specialistes-en-production-vegetale]
[www.unikin.ac.cd/en/formation-sur-lutilisation-du-logiciel-danti-plagiat-compilatio]
[www.unikin.ac.cd/en/formation-des-agents-commis-a-lassainissement-de-lunikin]
[www.unikin.ac.cd/en/checklist-pour-ladmission-et-pour-linscription-au-dea-des-these]
[www.unikin.ac.cd/en/recapitulatif-des-elements-du-dossier-de-candidat-au-dea-des-et-a-these-de-doctorat]
[www.unikin.ac.cd/en/participation-du-sgr-de-lunikin-la-professeure-marie-claire-yandju-a-la-foire-intra-african-trade-fair-iatf-2023]
[www.unikin.ac.cd/en/debut-des-travaux-en-residentiel-au-village-venus-a-bibwa]
[www.unikin.ac.cd/en/mercredi-26-04-secretariat-general-a-la-recherche-seance-de-travail-entre-les-experts-du-sgr]
[www.unikin.ac.cd/en/atelier-dechanges-du-secretaire-general-a-la-recherche-et-les-doyens-et-vice-doyens-des-facultes-de-lunikin]
[www.unikin.ac.cd/en/reception-par-le-professeur-antoine-tshimpi-secretaire-general-a-la-recherche-de-luniversite-de-kinshasa-dune-equipe-de-luniversite-de-liege]
[www.unikin.ac.cd/en/activites-du-sgrfdb0]
[www.unikin.ac.cd/en/campagne-de-sensibilisation-sur-la-politique-anti-plagiat]
[www.unikin.ac.cd/en/le-secretaire-general-a-la-recherche-le-professeur-antoine-tshimpi-a-recu-en-entretien-le-professeur-matthieu-sergier-de-luniversite-saint-louis]
[www.unikin.ac.cd/en/le-professeur-antoine-tshimpi-a-recu-madame-la-professeure-bintou-sessouma]
[www.unikin.ac.cd/en/atelier-de-reflexion-sur-les-activites-innovantes-et-prioritaires]
[www.unikin.ac.cd/en/journee-de-perinatalogie-ce-vendredi-27-janvier-2023]
[www.unikin.ac.cd/en/lecole-de-sante-publique-esp-de-luniversite-de-kinshasa-a-tenu-sa-reunion-technique-presidee-par-sem-le-ministre-de-lesu]
[www.unikin.ac.cd/en/reception-lundi-24-janvier-au-rectorat-unikin-dune-forte-delegation-de-lagence-francaise-de-developpement-afd]
[www.unikin.ac.cd/en/visite-a-lunikin-ce-mardi-25-janvier-2023-du-doyen-edouard-louis]
[www.unikin.ac.cd/en/appels-a-candidatures-bourses-doctorales-pour-etudiants]
[www.unikin.ac.cd/en/les-voeux-du-sgr-antoine-tshimpi]
[www.unikin.ac.cd/en/rapport-de-recherche-scientifique-2021-2022]
[www.unikin.ac.cd/en/reunion-entre-la-substance-grise-et-le-comite-de-gestion-de-luniversite-de-kinshasa]
[www.unikin.ac.cd/en/reception-dun-don-de-lorganisation-mondiale-de-la-sante-oms]
[www.unikin.ac.cd/en/ce-12-aout-2022-journee-internationale-de-la-jeunesse-luniversite-de-kinshasa-invite-au-festin-scientifique-sur-la-jeunesse]
[www.unikin.ac.cd/en/un-atelier-de-formation-dont-le-theme-est-elaboration-des-projets-et-mobilisation-des-fonds-de-recherche]
[www.unikin.ac.cd/en/le-secretariat-general-charge-de-la-recherche-de-lunikin-nous-convie-ce-mercredi-22-juin-2022-de-9h-a-13h-a-latelier-de-partage-dexperience-et-de-discussion-du-plan-daction-strategique-de-l]
[www.unikin.ac.cd/en/le-doctorant-nzege-deborah-remercie-le-sgr-le-professeur-antoine-tshimpi]
[www.unikin.ac.cd/en/le-centre-culturel-americain-offre-a-lunikin-plus-de-500-livres-ecrits-en-anglais]
[www.unikin.ac.cd/en/lhebdomadaire-de-la-recherche-semaine-du-30-mai-au-05-juin-2022-semaine-unikin-de-lindexation]
[www.unikin.ac.cd/en/lhebdomadaire-de-la-recherche-n11-2022-la-semaine-21-du-23-au-29-mai-2022]
[www.unikin.ac.cd/en/activites-du-sgraf4d]
[www.unikin.ac.cd/en/articles2679]
[www.unikin.ac.cd/en/periode-post-covid-19-quelle-orientation-politique-et-modele-economique-pour-la-republique-democratique-du-congo]
[www.unikin.ac.cd/en/sars-cov2-mutations-and-impact-on-mortality-observational-study-in-a-subsaharan-africa-hospital]
[www.unikin.ac.cd/en/in-vitro-biological-activities-of-drepanoalpha-ethanolic-extract-a-justicia-secunda-and-moringa-oleifera-based-phytomedicine-proposed-for-the-symptomatic-treatment-of-sickle-cell-disease.a2]
[www.unikin.ac.cd/en/clinical-characterization-of-human-monkeypox-infections-in-the-democratic-republic-of-the-congo]
[www.unikin.ac.cd/en/_https_/www.unikin.ac.cd/wp-content/uploads/2023/08/Cryptococcus-paper.pdf_]
[www.unikin.ac.cd/en/nos-theses2679]
[www.unikin.ac.cd/en/a-study-of-english-materials-and-language-performance-in-an-efl-context-a-case-study]
[www.unikin.ac.cd/en/lelection-presidentielle-dans-les-etats-post-conflits-et-la-contestation-des-resultats-en-afrique-subsaharienne-essai-dune-approche-focalisee-sur-la-democratie-par-mediation]
[www.unikin.ac.cd/en/emerging-viruses-in-the-democratic-republic-of-the-congo-characterization-of-the-humoral-immune-response-against-ebola-virus-and-sars-cov-2]
[www.unikin.ac.cd/en/contribution-a-letude-de-stabilisation-et-de-standardisation-du-mashanza-fromage-frais-traditionnel-du-sud-kivu]
[www.unikin.ac.cd/en/lithiase-urinaire-en-republique-democratique-du-congo-aspects-epidemiologiques-morphoconstitutionnels-etiologiques-cliniques-et-therapeutiques-2]
[www.unikin.ac.cd/en/capacite-de-detoxification-cyanhydrique-et-polymorphisme-genetique-de-la-thiosulfate-sulfuretransferase-tst-et-de-la-mercapto-pyruvate-sulfuretransferase-mpst-dans-le-konzo]
[www.unikin.ac.cd/en/le-financement-public-des-campagnes-electorales-en-rdc-element-federateur-pour-legalite-des-chances-daccession-a-la-gestion-de-la-res-publica-un-enjeu-de-pouvoir-a-normaliser-au-regard-du-d]
[www.unikin.ac.cd/en/etude-des-interactions-sigma-hole-de-soufre-selenium-et-tellure-divalents-par-analyse-de-la-base-des-donnees-structurales-de-cambridge-couplee-aux-methodes-computationnelles]
[www.unikin.ac.cd/en/le-recours-a-la-force-dans-le-cadre-de-la-brigade-dintervention-de-la-monusco-entre-le-maintien-de-la-paix-robuste-et-limposition-de-la-paix]
[www.unikin.ac.cd/en/la-stabilite-juridique-dans-les-contrats-detat-au-regard-du-droit-international]
[www.unikin.ac.cd/en/performance-des-etablissements-publics-de-lenseignement-superieur-et-universitaire-en-r-d-congo-face-au-nouveau-management-public-etude-appliquee-a-lise-et-listm-dilebo]
[www.unikin.ac.cd/en/contribution-a-letude-de-lecosysteme-anthropise-de-la-riviere-matete-a-kinshasa]
[www.unikin.ac.cd/en/effets-dun-programme-dexercices-physiques-structures-mixtes-sur-les-parametres-comportemetaux-fonctionnels-et-bl0logiques-des-travailleurs-obeses-de-kinshasa]
[www.unikin.ac.cd/en/diversite-et-ecologie-des-escargots-geants-a-louest-de-la-republique-democratique-du-congo-et-au-sud-est-de-la-republique-du-congo-distribution-des-ecotypes]
[www.unikin.ac.cd/en/inegalites-de-genre-en-orientation-unversitaire-dans-les-etablissements-publics-a-kinshasa]
[www.unikin.ac.cd/en/evaluation-clinique-de-la-depression-chez-les-enfants-pre-puberes-de-kinshasa-en-echec-scolaire]
[www.unikin.ac.cd/en/le-civisme-fiscal-attitude-et-pratique-des-contribuables-du-centre-des-impots-de-matadi]
[www.unikin.ac.cd/en/depistage-selectif-des-glycogenoses-de-type-1-chez-les-enfants-porteurs-de-troubles-neurodeveloppementaux-dans-les-institutions-specialisees-de-kinshasa-de-2016-a-2018]
[www.unikin.ac.cd/en/leadership-et-performance-des-employes-de-petites-et-moyennes-entreprises-cas-des-pme-de-la-ville-de-kinshasa]
[www.unikin.ac.cd/en/le-mariage-pour-tous-a-lepreuve-de-la-mondialisation-de-la-culture-en-rdc-enquete-sociologique-menee-dans-la-ville-de-kinshasa]
[www.unikin.ac.cd/en/les-eglises-chretiennes-dafrique-centrale-a-lepreuve-du-marketing-social-une-analyse-du-comportement-des-chretiens-et-des-strategies-du-positionnement-et-du-repositionnement-des-eglises-chr]
[www.unikin.ac.cd/en/etat-des-lieux-de-linfection-par-les-virus-de-lhepatite-b-c-et-de-la-co-infection-vih-vhb-vhc-dans-la-region-de-kinshasa]
[www.unikin.ac.cd/en/influence-de-linsulinoresistance-sur-le-remodelage-ventriculaire-gauche-et-sur-le-pronostic-vital-associe-a-lhypertrophie-ventriculaire-gauche]
[www.unikin.ac.cd/en/des-mecanismes-de-protection-des-creanciers-maritimes-en-droit-congolais]
[www.unikin.ac.cd/en/contribution-au-suivi-environnemental-et-social-des-projets-par-la-numerisation]
[www.unikin.ac.cd/en/efficacite-interne-de-lenseignement-primaire-dans-la-province-educationnelle-de-kinshasa-funa]
[www.unikin.ac.cd/wp-content/uploads/2025/04/Invitationn-2.pdf]
[www.unikin.ac.cd/wp-content/uploads/2025/04/Invitationn-1.pdf]
[www.unikin.ac.cd/uploads/content/slider/20260506_064112_2b1a9c78.jpeg]
[www.unikin.ac.cd/storage/alumni-photos/alumni_798_xxqXoQ4KDJh1.jpg]
[www.unikin.ac.cd/storage/alumni-photos/alumni_36_2PTtPEZ3J9Sw.jpg]
[www.unikin.ac.cd/actualites0001]
[www.unikin.ac.cd/en/actualites0001]
[www.unikin.ac.cd/actualites17a1]
[www.unikin.ac.cd/en/actualites17a1]
[www.unikin.ac.cd/uploads/content/slider/20260317_071502_0a2855ae.jpeg]
[www.unikin.ac.cd/actualites8c5f]
[www.unikin.ac.cd/en/actualites8c5f]
[www.unikin.ac.cd/ouverture-de-la-48eme-session-ordinaire-du-conseil-dadministration-des-universites-rdc]
[www.unikin.ac.cd/uploads/import/images/65244_WhatsApp-Image-2025-12-18-at-5.04.37-PM.jpeg]
[www.unikin.ac.cd/uploads/import/images/65199_FORMATION-CERTIFIEE.jpg]
[www.unikin.ac.cd/le-professeur-jean-louis-esambo-kangashe-siege-au-jury-de-these-a-luniversite-sorbonne-paris-nord]
[www.unikin.ac.cd/uploads/import/images/65189_Prof-ESAMBO.jpg]
[www.unikin.ac.cd/fonas-2025-un-forum-inedit-pour-renforcer-la-securite-industrielle-en-rdc-avec-la-contribution-de-lunikin]
[www.unikin.ac.cd/uploads/import/images/65192_kinshasa.jpg]
[www.unikin.ac.cd/deuxieme-edition-du-test-hsk-a-linstitut-confucius-unikin]
[www.unikin.ac.cd/uploads/import/images/65183_confusius.jpg]
[www.unikin.ac.cd/une-scientifique-de-lunikin-honoree-a-la-congolese-woman-excellentia-2025]
[www.unikin.ac.cd/uploads/import/images/65171_WhatsApp-Image-2025-12-08-a-01.59.36_3bb3db6b.jpg]
[www.unikin.ac.cd/luniversite-de-kinshasa-en-eclat-au-science-forum-south-africa-2025]
[www.unikin.ac.cd/uploads/import/images/65176_WhatsApp-Image-2025-12-08-a-15.30.06_1dda4a07.jpg]
[www.unikin.ac.cd/penser-les-sciences-sociales-au-congo-et-en-afrique-essai-a-partir-de-la-socio-anthropologie-lepistemologie-de-sylvain-shomba-kinyamba]
[www.unikin.ac.cd/uploads/import/images/65174_WhatsApp-Image-2025-12-08-a-06.55.06_c4d27e45.jpg]
[www.unikin.ac.cd/universite-buan-a-gaborone-au-botswana-il-est-plante-ce-mercredi-03-decembre-2025-larbre-symbole-de-la-republique-democratique-du-congo-eloko-ya-makasi]
[www.unikin.ac.cd/uploads/import/images/65154_Arbre-Unikin-Botswana.jpg]
[www.unikin.ac.cd/lutte-antierosive-partenariat-unikin-wietc-au-secours-de-kisenso-avec-les-bambous-et-vetivers]
[www.unikin.ac.cd/uploads/import/images/65138_Bambouseraie-unikin.webp]
[www.unikin.ac.cd/journee-mondiale-de-lagriculture-a-lunikin-mieux-comprendre-lagriculture-pour-mieux-consommer]
[www.unikin.ac.cd/uploads/import/images/65195_WhatsApp-Image-2025-11-24-a-15.09.56_51b621ad2.jpg]
[www.unikin.ac.cd/actualitesc575]
[www.unikin.ac.cd/wp-content/uploads/2025/10/ESPD-Flyer-2-New.pdf]
[www.unikin.ac.cd/international-student-visa-applications-down-by-40]
[www.unikin.ac.cd/unikin-rdc/index0d2a.html]
[www.unikin.ac.cd/wp-content/uploads/2025/05/WhatsApp-Image-2025-05-11-at-8.18.56-PM.jpeg]
[www.unikin.ac.cd/wp-content/uploads/2025/05/WhatsApp-Image-2025-05-11-at-8.19.29-PM.jpeg]
[www.unikin.ac.cd/wp-content/uploads/2025/05/WhatsApp-Image-2025-05-19-at-2.50.51-PM.jpeg]
[www.unikin.ac.cd/une-opportunite-unique-pour-les-chercheurs-inventeurs-et-innovateurs]
[www.unikin.ac.cd/wp-content/uploads/2025/07/pre-forum-unikin.jpg]
[www.unikin.ac.cd/appel-a-candidature-pour-le-recrutement-de-deux-doctorant-e-s-dans-le-cadre-du-projet-nanosect]
[www.unikin.ac.cd/wp-content/uploads/2024/08/Appel_a_candidatures_AUF.jpg]
[www.unikin.ac.cd/appel-a-candidatures-pour-le-recrutement-de-3-masterant-e-s-dans-le-cadre-du-projet-nanosect]
[www.unikin.ac.cd/wp-content/uploads/2022/12/appelcandidature.png]
[www.unikin.ac.cd/recrutement-campus-huawei-2025-a-lunikin]
[www.unikin.ac.cd/wp-content/uploads/2025/07/conference.jpg]
[www.unikin.ac.cd/journee-detude-sur-le-service-learning-theme-universite-et-savoirs-au-service-de-la-communaute-enjeux-tensions-et-perspectives-lavenir-du-service-learning-en-republique-democr]
[www.unikin.ac.cd/wp-content/uploads/2022/12/appel-a-projet.jpg]
[www.unikin.ac.cd/actualites0896]
[www.unikin.ac.cd/en/actualites0896]
[www.unikin.ac.cd/uploads/content/slider/20260305_084905_1764bc4f.jpg]
[www.unikin.ac.cd/wp-content/uploads/2026/02/WhatsApp-Image-2026-01-31-at-13.42.56-4-200x300.jpeg]
[www.unikin.ac.cd/wp-content/uploads/2026/02/WhatsApp-Image-2026-01-31-at-13.42.56-2-300x200.jpeg]
[www.unikin.ac.cd/wp-content/uploads/2026/02/WhatsApp-Image-2026-01-31-at-13.42.56-5-300x200.jpeg]
[www.unikin.ac.cd/wp-content/uploads/2026/02/WhatsApp-Image-2026-02-05-at-07.33.30-1-300x169.jpeg]
[www.unikin.ac.cd/wp-content/uploads/2026/02/WhatsApp-Image-2026-02-05-at-07.33.31-300x200.jpeg]
[www.unikin.ac.cd/uploads/content/slider-actualites/20260213_052908_62a69cd8.jpeg]
[www.unikin.ac.cd/uploads/content/slider-actualites/20260213_052908_c8bc697d.jpeg]
[www.unikin.ac.cd/uploads/content/slider-actualites/20260213_052908_c0886c73.jpeg]
[www.unikin.ac.cd/uploads/content/slider-actualites/20260213_052908_0a03a2be.jpeg]
[www.unikin.ac.cd/wp-content/uploads/2025/12/WhatsApp-Image-2025-12-23-at-3.14.05-PM.jpeg]
[www.unikin.ac.cd/wp-content/uploads/2025/12/WhatsApp-Image-2025-12-23-at-3.14.36-PM.jpeg]
[www.unikin.ac.cd/actualites9baf]
[www.unikin.ac.cd/en/actualites9baf]
[www.unikin.ac.cd/participation-de-luniversite-de-kinshasa-au-congres-international-society-for-vaccines-isv-2025prof-tresor-zola-matuvanga-departement-de-medecine-tropicale-faculte-de-medecine]
[www.unikin.ac.cd/uploads/import/images/65120_WhatsApp-Image-2025-11-25-at-15.04.13.jpeg]
[www.unikin.ac.cd/presence-congolaise-a-la-9ᵉ-conference-ieee-bdkcse2025-en-bulgarie]
[www.unikin.ac.cd/uploads/import/images/65085_WhatsApp-Image-2025-11-19-at-4.13.59-PM.jpeg]
[www.unikin.ac.cd/les-etudiants-en-agronomie-transplantent-des-varietes-de-bananiers-a-la-ferme-ecole-de-la-fapuk]
[www.unikin.ac.cd/uploads/import/images/65074_fapuk.jpg]
[www.unikin.ac.cd/former-une-nouvelle-generation-de-prescripteurs-en-revalidation-respiratoire]
[www.unikin.ac.cd/uploads/import/images/65022_medecin-web.jpg]
[www.unikin.ac.cd/conference-euspn-2025-un-article-scientifique-presente-par-le-professeur-selain-kasereka-recoit-le-prix-best-paper-a-istanbul-turquie]
[www.unikin.ac.cd/uploads/import/images/65009_WhatsApp-Image-2025-11-02-at-12.32.43-AM.jpeg]
[www.unikin.ac.cd/ia-et-ses-applications-presence-congolaise-a-la-conference-euspn-2025-a-istanbul-avec-les-professeurs-selain-kasereka-et-ruffin-benoit-ngoie]
[www.unikin.ac.cd/uploads/import/images/64999_WhatsApp-Image-2025-11-01-at-10.49.37-AM.jpeg]
[www.unikin.ac.cd/lunikin-integre-officiellement-le-reseau-international-caastia-pour-linnovation-agricole]
[www.unikin.ac.cd/uploads/import/images/64991_WhatsApp-Image-2025-10-31-at-09.37.43.jpeg]
[www.unikin.ac.cd/actualites235c]
[www.unikin.ac.cd/activites-du-recteur0001]
[www.unikin.ac.cd/en/activites-du-recteur0001]
[www.unikin.ac.cd/activites-du-recteur17a1]
[www.unikin.ac.cd/en/activites-du-recteur17a1]
[www.unikin.ac.cd/wp-content/uploads/2025/12/WhatsApp-Image-2025-12-22-at-17.43.59.jpeg]
[www.unikin.ac.cd/wp-content/uploads/2025/12/WhatsApp-Image-2025-12-22-at-17.44.00-2-225x300.jpeg]
[www.unikin.ac.cd/wp-content/uploads/2025/12/WhatsApp-Image-2025-12-22-at-17.44.00.jpeg]
[www.unikin.ac.cd/wp-content/uploads/2025/12/WhatsApp-Image-2025-12-22-at-17.44.00-1.jpeg]
[www.unikin.ac.cd/wp-content/uploads/2025/12/WhatsApp-Image-2025-12-22-at-17.44.00-2.jpeg]
[www.unikin.ac.cd/wp-content/uploads/2025/12/WhatsApp-Image-2025-12-22-at-05.43.15.jpeg]
[www.unikin.ac.cd/wp-content/uploads/2025/12/WhatsApp-Image-2025-12-22-at-05.43.13-1-300x200.jpeg]
[www.unikin.ac.cd/wp-content/uploads/2025/12/WhatsApp-Image-2025-12-22-at-05.43.13.jpeg]
[www.unikin.ac.cd/wp-content/uploads/2025/12/WhatsApp-Image-2025-12-22-at-05.43.13-1.jpeg]
[www.unikin.ac.cd/wp-content/uploads/2025/09/1756797444658.jpg]
[www.unikin.ac.cd/wp-content/uploads/2025/12/WhatsApp-Image-2025-12-06-at-02.58.05.jpeg]
[www.unikin.ac.cd/wp-content/uploads/2025/12/WhatsApp-Image-2025-12-06-at-02.58.05-1-225x300.jpeg]
[www.unikin.ac.cd/wp-content/uploads/2025/12/WhatsApp-Image-2025-12-06-at-02.57.56-225x300.jpeg]
[www.unikin.ac.cd/wp-content/uploads/2025/12/WhatsApp-Image-2025-12-06-at-02.58.05-1.jpeg]
[www.unikin.ac.cd/wp-content/uploads/2025/12/WhatsApp-Image-2025-12-06-at-02.57.56.jpeg]
[www.unikin.ac.cd/wp-content/uploads/2025/11/Jmk_russie.jpg]
[www.unikin.ac.cd/wp-content/uploads/2025/11/Jean-Marie-Kayembe-univ-lumumba.jpg]
[www.unikin.ac.cd/wp-content/uploads/2025/11/Jean-Marie-Kayembe-univ-lumumba-2.jpg]
[www.unikin.ac.cd/wp-content/uploads/2025/11/Jean-Marie-Kayembe-univ-lumumba-3.jpg]
[www.unikin.ac.cd/wp-content/uploads/2025/11/Jean-marie-Kayembe-MOSCOU.jpg]
[www.unikin.ac.cd/wp-content/uploads/2025/11/Jean-marie-Kayembe-MOSCOU-1.jpg]
[www.unikin.ac.cd/wp-content/uploads/2025/11/Jean-marie-Kayembe-Honoris-CAUSA.jpg]
[www.unikin.ac.cd/wp-content/uploads/2025/11/COURRIER-DrHC-Pr-KAYEMBE_251125_084005.pdf]
[www.unikin.ac.cd/activites-du-recteur8c5f]
[www.unikin.ac.cd/en/activites-du-recteur8c5f]
[www.unikin.ac.cd/linstitut-africain-de-recherche-pluridisciplinaire-appliquee-octroi-un-diplome-de-doctorat-honoris-causa-au-recteur-jean-marie-kayembe-ntumba-de-luniversite-de-kinshasa]
[www.unikin.ac.cd/uploads/import/images/62277_Jean-Marie-Kayembe-Unikin.jpg]
[www.unikin.ac.cd/formation-du-troisieme-cycle-unikin-et-universite-notre-dame-du-kasai-engagent-des-discussions]
[www.unikin.ac.cd/uploads/import/images/64592_WhatsApp-Image-2025-08-06-at-08.45.57.jpeg]
[www.unikin.ac.cd/la-delegation-de-la-jeunesse-africaine-et-de-la-sadc-salue-le-leadership-de-lunikin]
[www.unikin.ac.cd/uploads/import/images/64548_certificat-JMK-1.jpg]
[www.unikin.ac.cd/des-etudiants-congolais-de-chine-presentent-un-systeme-de-securite-numerique-a-lunikin]
[www.unikin.ac.cd/uploads/import/images/64516_etudiant-unikin-chine.jpg]
[www.unikin.ac.cd/luniversite-de-kinshasa-sengage-dans-la-sensibilisation-contre-lepidemie-de-cholera-en-rdc]
[www.unikin.ac.cd/uploads/import/images/64493_recteur_Prof-Mafuta.jpg]
[www.unikin.ac.cd/signature-dun-accord-de-principe-de-collaboration-entre-luniversite-de-kinshasa-et-la-compagnie-shenzhen-kep-technology-co-de-chine]
[www.unikin.ac.cd/uploads/import/images/64408_collaboration-chine-Unikin.jpg]
[www.unikin.ac.cd/le-recteur-jean-marie-kayembe-participe-a-un-colloque-international-sur-lemergence-de-la-rdc-a-huwan-en-chine-en-marge-des-65-ans-de-lindependance]
[www.unikin.ac.cd/uploads/import/images/64405_recteur-JMK-independance.jpg]
[www.unikin.ac.cd/lunikin-a-la-conquete-des-partenariats-strategiques-avec-les-universites-chinoises]
[www.unikin.ac.cd/uploads/import/images/64402_Jean-marie-kayembe-et-francois-.jpg]
[www.unikin.ac.cd/unikin-renforce-ses-partenariats-internationaux]
[www.unikin.ac.cd/uploads/import/images/64384_unikin_chine-2.jpg]
[www.unikin.ac.cd/lunikin-recoit-une-delegation-de-linstitut-de-zhongshan]
[www.unikin.ac.cd/uploads/import/images/64356_IA-Unikin.jpg]
[www.unikin.ac.cd/renforcement-de-la-cooperation-sino-congolaise-lunikin-signe-un-protocole-daccord-avec-luniversite-des-etudes-etrangeres-de-guangdong]
[www.unikin.ac.cd/uploads/import/images/64336_recteur_chine-1.jpg]
[www.unikin.ac.cd/une-etudiante-de-lunikin-gagne-une-medaille-de-bronze-en-judo-en-angola]
[www.unikin.ac.cd/uploads/import/images/64309_etudiante-unikin-JUDO.jpg]
[www.unikin.ac.cd/des-erosions-menacent-le-quartier-mbanza-lemba-et-luniversite-de-kinshasa]
[www.unikin.ac.cd/uploads/import/images/64306_1749224956659.jpeg]
[www.unikin.ac.cd/le-cercle-des-hommes-des-lettres-de-luniversite-de-kinshasa-remet-le-diplome-de-merite-au-recteur-jean-marie-kayembe-ntumba-en-reconnaissance-de-son-engagement-envers-la-jeunesse-estudiantine]
[www.unikin.ac.cd/uploads/import/images/63964_WhatsApp-Image-2025-05-22-at-10.16.07.jpeg]
[www.unikin.ac.cd/presentation-des-medailles-de-la-5e-edition-du-championnat-national-de-jiu-jitsu-bresilien-au-recteur-jean-marie-kayembe-ntumba]
[www.unikin.ac.cd/uploads/import/images/63961_sportif-1.jpeg]
[www.unikin.ac.cd/remise-des-maquettes-de-formation-en-medecine-legale-a-la-ministre-de-lesu-marie-therese-sombo-safi-ayan-mukuna]
[www.unikin.ac.cd/uploads/import/images/63924_formation-en-medecine-legale.jpg]
[www.unikin.ac.cd/le-recteur-jean-marie-kayembe-ntumba-recoit-de-tondeuses-pour-le-giga-salongo-a-luniversite-de-kinshasa]
[www.unikin.ac.cd/wp-content/uploads/2025/04/DON-TONDEUSE.png]
[www.unikin.ac.cd/luniversite-de-kinshasa-accueille-le-secretaire-executif-de-liucea-pour-preparer-la-conference-annuelle-de-juin]
[www.unikin.ac.cd/wp-content/uploads/2025/04/1744639578630.png]
[www.unikin.ac.cd/renforcer-la-stabilite-economique-de-la-rdc-face-aux-defis-securitaires-perspectives-de-doudou-fwamba-likunde]
[www.unikin.ac.cd/wp-content/uploads/2025/04/fwamba.jpg]
[www.unikin.ac.cd/activites-du-recteurc575]
[www.unikin.ac.cd/activites-du-recteur0896]
[www.unikin.ac.cd/en/activites-du-recteur0896]
[www.unikin.ac.cd/wp-content/uploads/2025/11/Jean-marie-Kayembe-Unesco.jpg]
[www.unikin.ac.cd/wp-content/uploads/2025/11/Jean-marie-Kayembe-Unesco-2.jpg]
[www.unikin.ac.cd/wp-content/uploads/2025/11/WhatsApp-Image-2025-11-20-at-21.44.13.jpeg]
[www.unikin.ac.cd/wp-content/uploads/2025/11/WhatsApp-Image-2025-11-19-at-11.18.00.jpeg]
[www.unikin.ac.cd/wp-content/uploads/2025/11/WhatsApp-Image-2025-11-20-at-04.01.16-1.jpeg]
[www.unikin.ac.cd/wp-content/uploads/2025/11/WhatsApp-Image-2025-11-20-at-04.01.21-225x300.jpeg]
[www.unikin.ac.cd/wp-content/uploads/2025/11/WhatsApp-Image-2025-11-20-at-04.01.21.jpeg]
[www.unikin.ac.cd/wp-content/uploads/2025/11/CAUSA.jpg]
[www.unikin.ac.cd/wp-content/uploads/2025/11/IMG_1274-300x200.jpg]
[www.unikin.ac.cd/wp-content/uploads/2025/11/IMG_1274.jpg]
[www.unikin.ac.cd/wp-content/uploads/2025/11/luk-1-300x200.jpg]
[www.unikin.ac.cd/wp-content/uploads/2025/11/luk-1.jpg]
[www.unikin.ac.cd/wp-content/uploads/2025/10/WhatsApp-Image-2025-10-23-at-05.54.07-1.jpeg]
[www.unikin.ac.cd/wp-content/uploads/2025/10/WhatsApp-Image-2025-10-23-at-05.54.06-2-300x169.jpeg]
[www.unikin.ac.cd/wp-content/uploads/2025/10/WhatsApp-Image-2025-10-23-at-05.54.06.jpeg]
[www.unikin.ac.cd/wp-content/uploads/2025/10/WhatsApp-Image-2025-10-23-at-05.54.06-1.jpeg]
[www.unikin.ac.cd/wp-content/uploads/2025/10/WhatsApp-Image-2025-10-23-at-05.54.06-2.jpeg]
[www.unikin.ac.cd/wp-content/uploads/2025/10/WhatsApp-Image-2025-10-23-at-05.54.08-1.jpeg]
[www.unikin.ac.cd/wp-content/uploads/2025/10/1761041630987-127x300.png]
[www.unikin.ac.cd/wp-content/uploads/2025/10/1761044712935.png]
[www.unikin.ac.cd/wp-content/uploads/2025/10/1761041630987.png]
[www.unikin.ac.cd/wp-content/uploads/2025/10/WhatsApp-Image-2025-10-20-at-17.08.07.jpeg]
[www.unikin.ac.cd/wp-content/uploads/2025/10/WhatsApp-Image-2025-10-17-at-10.39.12.jpeg]
[www.unikin.ac.cd/wp-content/uploads/2025/10/1760434133335.png]
[www.unikin.ac.cd/wp-content/uploads/2025/09/WhatsApp-Image-2025-09-08-at-13.51.26.jpeg]
[www.unikin.ac.cd/wp-content/uploads/2025/09/WhatsApp-Image-2025-09-08-at-14.10.45-300x200.jpeg]
[www.unikin.ac.cd/wp-content/uploads/2025/09/WhatsApp-Image-2025-09-08-at-14.10.46-300x200.jpeg]
[www.unikin.ac.cd/wp-content/uploads/2025/09/WhatsApp-Image-2025-09-08-at-14.10.46.jpeg]
[www.unikin.ac.cd/wp-content/uploads/2025/09/WhatsApp-Image-2025-09-08-at-14.10.45.jpeg]
[www.unikin.ac.cd/wp-content/uploads/2025/09/socop.jpg]
[www.unikin.ac.cd/wp-content/uploads/2025/09/1756800765901.jpg]
[www.unikin.ac.cd/wp-content/uploads/2025/08/recteur-Pologne.jpg]
[www.unikin.ac.cd/wp-content/uploads/2025/08/IMG_0168.jpg]
[www.unikin.ac.cd/wp-content/uploads/2025/08/unikin-Mbuji-Mayi.jpg]
[www.unikin.ac.cd/activites-du-recteur9baf]
[www.unikin.ac.cd/en/activites-du-recteur9baf]
[www.unikin.ac.cd/la-premiere-edition-du-sommet-mondial-de-physique-de-laps-en-rdc-lunikin-choisie-comme-site-satellite]
[www.unikin.ac.cd/wp-content/uploads/2025/04/1743590368819.png]
[www.unikin.ac.cd/uploads/import/images/63656_chapiteau.jpeg]
[www.unikin.ac.cd/reconnaissance-du-professeur-jean-marie-kayembe-ntumba]
[www.unikin.ac.cd/uploads/import/images/61482_Jean-Marie-Kayembe-Ntumba.jpeg]
[www.unikin.ac.cd/la-delegation-mexicaine-en-visite-a-luniversite-de-kinshasa-2]
[www.unikin.ac.cd/mobilisation-patriotique-des-etudiants-de-lunikin]
[www.unikin.ac.cd/uploads/import/images/63527_bemba-unikin2.jpg]
[www.unikin.ac.cd/collaborer-de-maniere-beaucoup-plus-etroite-unikin-et-uliege-signent-un-protocole-daccord]
[www.unikin.ac.cd/uploads/import/images/63465_Professeur-Pierre-DUYSINX-1.jpg]
[www.unikin.ac.cd/le-leadership-du-recteur-kayembe-salue-par-un-groupe-dassistants-de-luniversite-de-kinshasa]
[www.unikin.ac.cd/uploads/import/images/62806_Le-leadership-du-Recteur-KAYEMBe.jpg]
[www.unikin.ac.cd/lequipe-de-feric-presente-leur-structure-au-recteur-jean-marie-kayembe-ntumba]
[www.unikin.ac.cd/uploads/import/images/62787_FERIC.jpg]
[www.unikin.ac.cd/delegation-de-luniversite-de-liege-en-collaboration-avec-le-departement-de-medecine-tropicale]
[www.unikin.ac.cd/uploads/import/images/62734_maladie-tropical-.jpg]
[www.unikin.ac.cd/le-recteur-de-luniversite-de-kinshasa-honore-par-son-cabinet-pour-ses-realisations-et-son-role-dambassadeur-de-luniversite-de-liege]
[www.unikin.ac.cd/uploads/import/images/62618_recteur-JMK-tromphee-3.jpg]
[www.unikin.ac.cd/le-departement-dhistoire-organise-une-projection-cine-forum-du-film-long-metrage-simon-kimbangu]
[www.unikin.ac.cd/uploads/import/images/62496_JMK-et-Masumu.jpg]
[www.unikin.ac.cd/le-recteur-de-lunikin-a-ete-recu-a-edinburg-university]
[www.unikin.ac.cd/uploads/import/images/62357_JMK_USA-1.jpg]
[www.unikin.ac.cd/visite-a-luniversite-de-kinshasa-de-la-delegation-de-deputes-europeens]
[www.unikin.ac.cd/uploads/import/images/62159_delegation-de-Deputes-europeens-1.jpg]
[www.unikin.ac.cd/visite-a-l-universite-concordia]
[www.unikin.ac.cd/uploads/import/images/62107_laboratoire-spacial.jpg]
[www.unikin.ac.cd/course-en-quete-dopportunites-de-collaboration-pour-certaines-de-nos-facultes-et-centres-de-recherche]
[www.unikin.ac.cd/uploads/import/images/62102_periple-2.jpg]
[www.unikin.ac.cd/le-periple-du-recteur-de-luniversite-de-kinshasa-le-professeur-jean-marie-kayembe-ntumba-continue-dans-les-universites-canadiennes-deux-universites-ont-ete-visitees-et-plusieurs-seances-de.bc6]
[www.unikin.ac.cd/uploads/import/images/62100_periple-1.jpg]
[www.unikin.ac.cd/3eme-session-sur-le-forum-international-de-la-francophonie-scientifique]
[www.unikin.ac.cd/uploads/import/images/62097_forum-international-.jpg]
[www.unikin.ac.cd/semaine-mondiale-de-la-francophonie-scientifique-au-canada-le-recteur-jean-marie-kayembe-ntumba-represente-luniversite-de-kinshasa]
[www.unikin.ac.cd/uploads/import/images/62083_Semaine-mondiale-de-la-Francophonie-2.jpg]
[www.unikin.ac.cd/des-etudiants-de-la-mention-mathematiques-statistique-et-informatique-presentent-les-resultats-de-leur-travail-pratique-au-recteur-jean-marie-kayembe-ntumba]
[www.unikin.ac.cd/uploads/import/images/62073_tableau-syntynse.jpg]
[www.unikin.ac.cd/activites-du-recteur235c]
[www.unikin.ac.cd/activites-du-sgac0001]
[www.unikin.ac.cd/en/activites-du-sgac0001]
[www.unikin.ac.cd/activites-du-sgac17a1]
[www.unikin.ac.cd/en/activites-du-sgac17a1]
[www.unikin.ac.cd/wp-content/uploads/2025/04/SELECT2.jpg]
[www.unikin.ac.cd/wp-content/uploads/2025/04/SELECT1.jpg]
[www.unikin.ac.cd/wp-content/uploads/2025/03/CTA-international.jpeg]
[www.unikin.ac.cd/wp-content/uploads/2025/03/images-1.jpg]
[www.unikin.ac.cd/wp-content/uploads/2023/09/banza-signature.jpg]
[www.unikin.ac.cd/wp-content/uploads/2023/06/Fc.jpg]
[www.unikin.ac.cd/wp-content/uploads/2023/02/Eustache-banza.jpg]
[www.unikin.ac.cd/wp-content/uploads/2022/03/IMG_0323.jpg]
[www.unikin.ac.cd/wp-content/uploads/2022/03/IMG_0400.jpg]
[www.unikin.ac.cd/wp-content/uploads/2022/03/IMG_0373.jpg]
[www.unikin.ac.cd/wp-content/uploads/2022/03/IMG_0342.jpg]
[www.unikin.ac.cd/wp-content/uploads/2022/03/IMG_0438.jpg]
[www.unikin.ac.cd/activites-du-sgr0001]
[www.unikin.ac.cd/en/activites-du-sgr0001]
[www.unikin.ac.cd/activites-du-sgr17a1]
[www.unikin.ac.cd/en/activites-du-sgr17a1]
[www.unikin.ac.cd/wp-content/uploads/2025/04/Visuel-Article_YANDJU-.jpg]
[www.unikin.ac.cd/wp-content/uploads/2025/04/yandju2.jpeg]
[www.unikin.ac.cd/wp-content/uploads/2025/04/yandju1.jpeg]
[www.unikin.ac.cd/wp-content/uploads/2025/04/yandju3.jpeg]
[www.unikin.ac.cd/wp-content/uploads/2025/03/Min-ESU-et-YANDJU.jpg]
[www.unikin.ac.cd/wp-content/uploads/2025/03/Yandju-2-1.jpg]
[www.unikin.ac.cd/wp-content/uploads/2025/03/Yandju.jpg]
[www.unikin.ac.cd/wp-content/uploads/2025/03/Yandju-1.jpg]
[www.unikin.ac.cd/wp-content/uploads/2025/03/Yandju-2.jpg]
[www.unikin.ac.cd/wp-content/uploads/2025/03/Yandju-3.jpg]
[www.unikin.ac.cd/wp-content/uploads/2025/01/yandju.jpg]
[www.unikin.ac.cd/wp-content/uploads/2025/01/Prof-YANDJU_OIPR.jpg]
[www.unikin.ac.cd/wp-content/uploads/2025/01/Programme-dactivites-du-SGR-pour-le-mois-de-Janvier.pdf]
[www.unikin.ac.cd/wp-content/uploads/2025/01/yandju.jpeg]
[www.unikin.ac.cd/wp-content/uploads/2024/08/YANDJU-atelier-Lubumbashi.jpg]
[www.unikin.ac.cd/wp-content/uploads/2024/08/YANDJU-atelier-Lubumbashi-2-1.jpg]
[www.unikin.ac.cd/wp-content/uploads/2024/08/YANDJU-atelier-Lubumbashi-2.jpg]
[www.unikin.ac.cd/wp-content/uploads/2024/08/sensibilisation-OIPR.jpg]
[www.unikin.ac.cd/wp-content/uploads/2024/07/Prof-Yandju_Bilanga-ya-betu.jpg]
[www.unikin.ac.cd/wp-content/uploads/2024/05/production-vegetale-3.jpg]
[www.unikin.ac.cd/wp-content/uploads/2024/05/production-vegetale-1.jpg]
[www.unikin.ac.cd/wp-content/uploads/2024/05/production-vegetale-4.jpg]
[www.unikin.ac.cd/wp-content/uploads/2024/05/production-vegetale-2.jpg]
[www.unikin.ac.cd/wp-content/uploads/2024/05/Image1.jpg]
[www.unikin.ac.cd/wp-content/uploads/2024/05/Image2.jpg]
[www.unikin.ac.cd/wp-content/uploads/2024/05/Image3.jpg]
[www.unikin.ac.cd/wp-content/uploads/2024/05/poubelle-2.jpg]
[www.unikin.ac.cd/wp-content/uploads/2024/05/poubelle-1.jpg]
[www.unikin.ac.cd/_https_/www.unikin.ac.cd/wp-content/uploads/2..._]
[www.unikin.ac.cd/wp-content/uploads/2024/02/inscription-des-dea-these.jpg]
[www.unikin.ac.cd/wp-content/uploads/2024/02/checklist-admission-inscription-DEA-DES-THESE.pdf]
[www.unikin.ac.cd/wp-content/uploads/2024/02/R.jpeg]
[www.unikin.ac.cd/wp-content/uploads/2024/02/elements-constitutifs-pour-candidat-DEA-these.pdf]
[www.unikin.ac.cd/wp-content/uploads/2023/04/atelier.jpg]
[www.unikin.ac.cd/wp-content/uploads/2023/04/EXPERT-SGR.jpg]
[www.unikin.ac.cd/wp-content/uploads/2023/04/echange-Doyen-bon.jpg]
[www.unikin.ac.cd/wp-content/uploads/2023/04/atelier-echange-Doyen.jpg]
[www.unikin.ac.cd/wp-content/uploads/2023/04/visite-verbeeck.jpg]
[www.unikin.ac.cd/activites-du-sgr8c5f]
[www.unikin.ac.cd/en/activites-du-sgr8c5f]
[www.unikin.ac.cd/la-gestion-des-dechets-solides-dans-les-espaces-publics-a-kinshasa]
[www.unikin.ac.cd/uploads/import/images/58749_these-dechets.jpeg]
[www.unikin.ac.cd/la-faculte-de-medecine-fete-ce-jeudi-26-mai-2022]
[www.unikin.ac.cd/uploads/import/images/58744_nseka-1.jpeg]
[www.unikin.ac.cd/matinee-scientifique-a-lunikin-sur-lapport-de-son-laboratoire-de-biologie-moleculaire]
[www.unikin.ac.cd/uploads/import/images/58442_elaeis-2.jpeg]
[www.unikin.ac.cd/lhebdomadaire-de-la-recherche-les-premiers-rankings-de-luniversite-de-kinshasa-arrivent]
[www.unikin.ac.cd/matinee-scientifique-ce-vendredi-20-mai-2022-a-eleais-organisee-par-le-service-de-biologie-moleculaire-de-lukinin]
[www.unikin.ac.cd/uploads/import/images/58443_elaeis-1.jpeg]
[www.unikin.ac.cd/lhebdomadaire-de-la-recherche-n8-2022-les-rankings-arrivent-a-luniversite-de-kinshasa-vive-les-rankings]
[www.unikin.ac.cd/uploads/import/images/58371_ranking.gif]
[www.unikin.ac.cd/visite-de-lecole-de-leau-et-des-foret-de-luniversite-de-kinshasa]
[www.unikin.ac.cd/uploads/import/images/58325_ecole-de-leau.jpeg]
[www.unikin.ac.cd/lhebdomadaire-de-la-recherche-la-semaine-du-02-au-08-mai-2022]
[www.unikin.ac.cd/le-farine-de-manioc-a-la-place-de-farine-de-ble]
[www.unikin.ac.cd/uploads/import/images/61255_farine-de-manioc.jpg]
[www.unikin.ac.cd/lhebdomadaire-de-la-recherche-du-18-au-24-avril-2022]
[www.unikin.ac.cd/uploads/import/images/58281_IMG_1466.jpg]
[www.unikin.ac.cd/lhebdomadaire-de-la-recherche-atelier-des-secretaires-generaux-et-les-femmes-professeures-de-luniversite-de-kinshasa]
[www.unikin.ac.cd/uploads/import/images/58269_la-recherche-unikin_Antoine-Tshimpi.jpg]
[www.unikin.ac.cd/la-semaine-de-la-recherche-du-04-au-10-avril-2022-semaine-14-2022-a-connu-deux-faits-majeurs]
[www.unikin.ac.cd/uploads/import/images/58235_Prof-Antoine-Tshimpi.jpg]
[www.unikin.ac.cd/conference-sur-la-justice-en-transition-et-enjeux-de-la-restitution-des-corps-humains]
[www.unikin.ac.cd/uploads/import/images/58252_resitution-humaine-unikin-1.jpg]
[www.unikin.ac.cd/lhebdomadaire-de-la-recherche-n2-semaine-du-21-au-27-mars-2022]
[www.unikin.ac.cd/uploads/import/images/58065_sgr_tshimpi.jpg]
[www.unikin.ac.cd/lequipe-dirigeante-de-lecole-superieure-de-leau-recue-par-le-secretaire-general-a-la-recherche]
[www.unikin.ac.cd/uploads/import/images/58061_sgr_ecole-de-leau.jpeg]
[www.unikin.ac.cd/lhebdomadaire-de-la-recherche-semaine-du-14-au-20-mars-2022]
[www.unikin.ac.cd/lhebdomadaire-de-la-recherche]
[www.unikin.ac.cd/uploads/import/images/62408_erosion_gestion_eau_unikin.jpg]
[www.unikin.ac.cd/atelier-de-vulgarisation-du-document-de-politique-de-la-recherche-scientifique-de-rdc]
[www.unikin.ac.cd/uploads/import/images/58020_MG_0051-Copie.jpg]
[www.unikin.ac.cd/rapport-de-la-reunion-sur-lappel-a-proposition-de-princac]
[www.unikin.ac.cd/uploads/import/images/58046_IMG_1354.jpg]
[www.unikin.ac.cd/rapport-de-la-reunion-avec-mme-raissa-malu]
[www.unikin.ac.cd/uploads/import/images/58051_IMG_1350.jpg]
[www.unikin.ac.cd/activites-du-sgr0896]
[www.unikin.ac.cd/en/activites-du-sgr0896]
[www.unikin.ac.cd/wp-content/uploads/2023/04/anti-plagiat.jpg]
[www.unikin.ac.cd/wp-content/uploads/2023/04/Matthieu-SERGIER.jpg]
[www.unikin.ac.cd/wp-content/uploads/2023/04/madame-bintu.jpg]
[www.unikin.ac.cd/wp-content/uploads/2023/02/lac-mavallee.jpg]
[www.unikin.ac.cd/wp-content/uploads/2023/01/perinatalogie.jpg]
[www.unikin.ac.cd/wp-content/uploads/2023/01/perinatalogie-1.jpg]
[www.unikin.ac.cd/wp-content/uploads/2023/01/reunion-du-CTE-ecole-de-sante-publique-de-Kinshasa.jpg]
[www.unikin.ac.cd/wp-content/uploads/2023/01/Agence-Francaise-de-Developpement.jpg]
[www.unikin.ac.cd/wp-content/uploads/2023/01/Doyen-Edouard-Louis-1.jpg]
[www.unikin.ac.cd/wp-content/uploads/2023/01/Doyen-Edouard-Louis-2.jpg]
[www.unikin.ac.cd/wp-content/uploads/2022/12/Bourses-detude-en-Master-1.jpeg]
[www.unikin.ac.cd/wp-content/uploads/2023/01/tshimpi.jpg]
[www.unikin.ac.cd/_https_/www.unikin.ac.cd/wp-content/uploads/2022/12..._]
[www.unikin.ac.cd/wp-content/uploads/2022/12/SGR_TSHIMPI.jpg]
[www.unikin.ac.cd/wp-content/uploads/2022/12/RAPPORT-DE-RECHERCHE-SCIENTIFIQUE-2021-2022.pdf]
[www.unikin.ac.cd/wp-content/uploads/2022/09/WhatsApp-Image-2022-09-05-at-15.21.00.jpeg]
[www.unikin.ac.cd/wp-content/uploads/2022/08/eception-don-OMS-par-Tshimpi.jpeg]
[www.unikin.ac.cd/wp-content/uploads/2022/08/programme-JIJ-Unikin.pdf]
[www.unikin.ac.cd/wp-content/uploads/2022/07/bibliotheque-facmed-2.jpg]
[www.unikin.ac.cd/wp-content/uploads/2022/07/TDR-Formation-en-Elaboration-des-projets-04-08-juillet.pdf]
[www.unikin.ac.cd/wp-content/uploads/2022/06/IMG_2278.jpg]
[www.unikin.ac.cd/wp-content/uploads/2022/06/IMG_2637.jpg]
[www.unikin.ac.cd/wp-content/uploads/2022/06/IMG_1994.jpg]
[www.unikin.ac.cd/wp-content/uploads/2022/06/IMG_1989.jpg]
[www.unikin.ac.cd/wp-content/uploads/2022/06/reunion-expert-SGR-unikin-anti-plagia.jpg]
[www.unikin.ac.cd/wp-content/uploads/2022/05/muyembe-honoris-causa.jpeg]
[www.unikin.ac.cd/activites-du-sgr9baf]
[www.unikin.ac.cd/en/activites-du-sgr9baf]
[www.unikin.ac.cd/la-relance-de-la-recherche-pour-courir-vers-le-classement-mondial]
[www.unikin.ac.cd/bilan-positif-au-secretariat-general-a-la-recherche-de-luniversite-de-kinshasa]
[www.unikin.ac.cd/doubase-c-une-premiere-en-rdc]
[www.unikin.ac.cd/construction-dun-centre-de-recherche-en-geophysique-a-luniversite-de-kinshasa]
[www.unikin.ac.cd/rapport-des-participants-a-la-conference-de-vulgarisation-des-resolutions-des-etats-generaux-de-lesu-rdc-2021-a-lunikin]
[www.unikin.ac.cd/articles0001]
[www.unikin.ac.cd/en/articles0001]
[www.unikin.ac.cd/articles17a1]
[www.unikin.ac.cd/en/articles17a1]
[www.unikin.ac.cd/nos-theses0001]
[www.unikin.ac.cd/en/nos-theses0001]
[www.unikin.ac.cd/nos-theses17a1]
[www.unikin.ac.cd/en/nos-theses17a1]
[www.unikin.ac.cd/wp-content/uploads/2022/12/Antoine-Nkuba-Ndaye-1.jpg]
[www.unikin.ac.cd/wp-content/uploads/2022/12/Antoine-Nkuba-Ndaye-2.jpg]
[www.unikin.ac.cd/la-geostrategie-de-la-paix-en-afrique-analyse-de-la-these-de-ephraim-kabi-kiriza-yene]
[www.unikin.ac.cd/wp-content/uploads/2025/01/These-de-Ephraim-KABI-2.jpg]
[www.unikin.ac.cd/soutenance-publique-de-la-these-dagregation-en-medecine-de-chef-de-travaux-gilbert-kabanda-kurhenga]
[www.unikin.ac.cd/wp-content/uploads/2025/01/Gilbert-KABANDA-KURHENGA-1.jpg]
[www.unikin.ac.cd/nos-theses0896]
[www.unikin.ac.cd/en/nos-theses0896]
[www.unikin.ac.cd/fac/facmed/fac/facmed/fac/facmed/index.html]
[www.unikin.ac.cd/fac/facmed/fac/facmed/personnels]
[www.unikin.ac.cd/fac/facmed/personnels/akilimali-zalagile-pierre]
[www.unikin.ac.cd/fac/facmed/uploads/personnel_63_1764737438_CHABO-BYAENEP.jpg]
[www.unikin.ac.cd/fac/facmed/personnels/chabo-byaene-alain]
[www.unikin.ac.cd/fac/facmed/personnels/docteur-johnny-cizemba]
[www.unikin.ac.cd/fac/facmed/personnels/dr-mukenge-kasongo-eric]
[www.unikin.ac.cd/fac/facmed/personnels/dr-anne-mutombo]
[www.unikin.ac.cd/fac/facmed/personnels/dr-claire-nkulu]
[www.unikin.ac.cd/fac/facmed/personnels/dr-joseph-mulumba]
[www.unikin.ac.cd/fac/facmed/personnels/dr-marie-mukendi]
[www.unikin.ac.cd/fac/facmed/personnels/dr-patricia-tshiamala]
[www.unikin.ac.cd/fac/facmed/personnels/dr-sophie-katembo]
[www.unikin.ac.cd/fac/facmed/personnels/florent-songo-baukaka]
[www.unikin.ac.cd/fac/facmed/uploads/personnel_92_1764737440_kabeya-katon.jpg]
[www.unikin.ac.cd/fac/facmed/personnels/kabeya-katonkola-joseph]
[www.unikin.ac.cd/fac/facmed/personnels/kabututu-zakayi-pius]
[www.unikin.ac.cd/fac/facmed/personnels/kabuya-david]
[www.unikin.ac.cd/fac/facmed/uploads/personnel_73_1764737439_Erick-KAMANGU.jpg]
[www.unikin.ac.cd/fac/facmed/personnels/kamangu-ntambwe-erick-2]
[www.unikin.ac.cd/fac/facmed/personnels4658]
[www.unikin.ac.cd/fac/facmed/personnels9ba9]
[www.unikin.ac.cd/fac/facmed/personnelsfdb0]
[www.unikin.ac.cd/fac/facmed/bibliotheque]
[www.unikin.ac.cd/fac/facmed/memoires]
[www.unikin.ac.cd/fac/facmed/posters]
[www.unikin.ac.cd/fac/facmed/theses]
[www.unikin.ac.cd/fac/facmed/actualites]
[www.unikin.ac.cd/fac/facmed/fac/facmed/a-propos]
[www.unikin.ac.cd/fac/facmed/fac/facmed/enseignements]
[www.unikin.ac.cd/fac/facmed/fac/facmed/cours]
[www.unikin.ac.cd/fac/facmed/cours/www.unikin.ac.cd-cours]
[www.unikin.ac.cd/fac/facmed/cours/cours-en-telechargement-cours]
[www.unikin.ac.cd/fac/facmed/cours/cours-de-biostatistiques-g1-bm-cours]
[www.unikin.ac.cd/fac/facmed/cours/pneumologie-en-undergraduate-cours]
[www.unikin.ac.cd/fac/facmed/cours/cours-de-pharmacologie-speciale-d1-professeur-jean-marie-kayembe-cours]
[www.unikin.ac.cd/fac/facmed/cours/elements-depidemiologie-prof-dr-mashinda-kulimba-md-mph-phd-cours]
[www.unikin.ac.cd/fac/facmed/cours/horaire-de-cours-2020-2021-mpr]
[www.unikin.ac.cd/fac/facmed/cours/horaire-de-cours-2020-2021-medecine-dentaire]
[www.unikin.ac.cd/fac/facmed/cours/horaire-de-cours-2020-2021-biomed]
[www.unikin.ac.cd/fac/facmed/cours/horaires-des-cours-pour-lannee-academique-2019-2020-medecine-physique-et-readaptation]
[www.unikin.ac.cd/fac/facmed/cours/haoraires-des-cours-pour-lannee-academique-2019-2020-buccodentaire]
[www.unikin.ac.cd/fac/facmed/cours/promotion-l1-mpr]
[www.unikin.ac.cd/fac/facmed/cours4658]
[www.unikin.ac.cd/fac/facmed/cours9ba9]
[www.unikin.ac.cd/fac/facmed/fac/facmed/decanat]
[www.unikin.ac.cd/fac/facmed/fac/facmed/bureau-decanal/bureau-du-doyen]
[www.unikin.ac.cd/fac/facmed/fac/facmed/bureau-decanal/vice-decanat-charge-de-lenseignement]
[www.unikin.ac.cd/fac/facmed/fac/facmed/bureau-decanal/vice-decanat-charge-de-recherche]
[www.unikin.ac.cd/fac/facmed/fac/facmed/bureau-decanal/secretariat-academique]
[www.unikin.ac.cd/fac/facmed/fac/facmed/departements]
[www.unikin.ac.cd/fac/facmed/departements/chirurgie]
[www.unikin.ac.cd/fac/facmed/departements/cnpp]
[www.unikin.ac.cd/fac/facmed/departements/ecole-sante-publique]
[www.unikin.ac.cd/fac/facmed/departements/gynecologie-cuk]
[www.unikin.ac.cd/fac/facmed/departements/medecine-interne-cuk]
[www.unikin.ac.cd/fac/facmed/departements/medecine-physique-readaptation]
[www.unikin.ac.cd/fac/facmed/departements/odonto-stomatologie]
[www.unikin.ac.cd/fac/facmed/departements/sciences-de-base]
[www.unikin.ac.cd/fac/facmed/departements/medecine-tropicale]
[www.unikin.ac.cd/fac/facmed/fac/facmed/inscriptions]
[www.unikin.ac.cd/fac/facmed/fac/facmed/recherches]
[www.unikin.ac.cd/fac/facmed/recherches7b5d]
[www.unikin.ac.cd/fac/facmed/actualites/impact-de-la-video-dinstructions-du-prelevemenf-de-crachat-sur-la-positivite-du-zlehlneelsenchez-les-presumes-tuberculeux-a-mbandaka]
[www.unikin.ac.cd/fac/facmed/actualites/determinants-des-troubles-auditifs-induits-par-les-aminoglycosides-chez-les-patients-souffrant-de-la-tuberculose-pharmacoresistante-a-kinshasa]
[www.unikin.ac.cd/fac/facmed/actualites/anesthesie-reanimation-pour-chirurgie-a-coeur-ouvert-premiers-cas-operes-par-une-equipe-congolaisekinshasa]
[www.unikin.ac.cd/fac/facmed/actualites/prescription-et-valeur-predictive-de-la-scanopelvimetrie-a-propos-ds155-observations-du-centre-hospitalier-monkole]
[www.unikin.ac.cd/fac/facmed/actualites/evaluation-des-occlusions-intestinales-aigues-des-adultes-par-la-tomodensitometrie]
[www.unikin.ac.cd/fac/facmed/actualites/evaluation-de-la-qualite-de-vie-des-patients-souffrant-de-la-rhinosinusite-chronique-aux-cliniques-universitaires-de-kinshasa]
[www.unikin.ac.cd/fac/facmed/actualites/la-prise-en-charge-du-nephroblastome-aux-cliniques-universitaires-de-kinshasa]
[www.unikin.ac.cd/fac/facmed/actualites/frequence-et-determinants-de-losteoporose-dans-le-rhumatisme-axial-en-milieu-hospitalier-de-kinshasa-de-janvier-a-decembre-2018]
[www.unikin.ac.cd/fac/facmed/actualites/prise-en-charge-del-agression-renale-aigue-chez-lenfant-experience-du-programme-de-la-dialyse-peritoneale-pediatrique-des-cliniques-universitaires-de-kinshasa]
[www.unikin.ac.cd/fac/facmed/actualites/apport-du-test-de-kleihauer-dans-la-prise-en-charge-des-patients-drepanocytaire-en-rdc]
[www.unikin.ac.cd/fac/facmed/actualites/prise-en-charge-anesthesique-des-urgences-obstetricales-dans-deux-hopitaux-de-la-ville-de-lubumbashi]
[www.unikin.ac.cd/fac/facmed/actualites/indication-du-dosage-des-anticorps-anti-neuronaux-dans-le-diagnostic-des-encephalites-et-epilepsies-auto-immunes]
[www.unikin.ac.cd/fac/facmed/recherchescc1b]
[www.unikin.ac.cd/fac/facmed/recherchesc2f5]
[www.unikin.ac.cd/fac/facmed/recherches810b]
[www.unikin.ac.cd/fac/facmed/actualites/recours-tardifs-aux-soins-en-cas-des-maladies-mortelles-chez-la-femme-a-kinshasa-ouvrage]
[www.unikin.ac.cd/fac/facmed/actualites/tuberculosis-ouvrage]
[www.unikin.ac.cd/fac/facmed/actualites/le-professeur-roger-wumba-di-mosi-du-departement-de-medecine-tropicale-a-contribution-ouvrage]
[www.unikin.ac.cd/fac/facmed/actualites/le-professeur-wumba-a-eu-a-contribue-pour-lelaboration-dun-livre-intitule-handbook-on-africa-challenges-and-issues-of-the-21st-century-ouvrage]
[www.unikin.ac.cd/fac/facmed/actualites/magloire-mpembi-nkosi-fait-partie-des-auteurs-du-livre-psychiatrie-de-liaison-ouvrage]
[www.unikin.ac.cd/fac/facmed/actualites/evaluation-de-la-qualite-de-vie-des-personnes-vivant-avec-le-vihsida-ouvrage]
[www.unikin.ac.cd/fac/facmed/actualites/biologie-moleculaire-recherches-sur-le-paludisme-ouvrage]
[www.unikin.ac.cd/fac/facmed/actualites/manuel-de-prise-en-charge-de-professeur-damien-mbanzulu-ouvrage]
[www.unikin.ac.cd/fac/facmed/actualites/chapter-performance-metrics-ouvrage]
[www.unikin.ac.cd/fac/facmed/actualites/challenging-health-concern-in-resource-limited-countries-drc-ouvrage]
[www.unikin.ac.cd/fac/facmed/actualites/publication-du-prof-ntsambi-ouvrage]
[www.unikin.ac.cd/fac/facmed/actualites/pneumonia-a-challenging-health-concern-with-the-climate-change-ouvrage]
[www.unikin.ac.cd/fac/facmed/recherches9836]
[www.unikin.ac.cd/fac/facmed/recherches6e95]
[www.unikin.ac.cd/fac/facmed/recherches2e84]
[www.unikin.ac.cd/fac/facmed/fac/facmed/contact]
[www.unikin.ac.cd/fac/facmed/fac/facmed/search]
[www.unikin.ac.cd/fac/facmed/fac/facmed/actualites/le-dr-tshiunza-mpoyi-cheribin-diplome-en-neurochirurgie-avec-grande-distinction]
[www.unikin.ac.cd/fac/facmed/uploads/6a66f0a467b6c_1785131172_0.jpg]
[www.unikin.ac.cd/fac/facmed/uploads/6a66f0a467ebc_1785131172_1.jpg]
[www.unikin.ac.cd/fac/facmed/actualitesbafb]
[www.unikin.ac.cd/fac/facmed/actualites3055]
[www.unikin.ac.cd/fac/facmed/actualites47d9]
[www.unikin.ac.cd/fac/facmed/actualitesb1ed]
[www.unikin.ac.cd/fac/facmed/actualites0ec5]
[www.unikin.ac.cd/fac/facmed/actualites6271]
[www.unikin.ac.cd/fac/facmed/actualites11a1]
[www.unikin.ac.cd/fac/facmed/actualitesece5]
[www.unikin.ac.cd/fac/facmed/actualitesffa2]
[www.unikin.ac.cd/fac/facmed/fac/facmed/actualites/l-universite-de-kinshasa-inaugure-un-centre-de-formation-en-endoscopie-a-la-faculte-de-medecine]
[www.unikin.ac.cd/fac/facmed/uploads/6a66eb7271b6b_1785129842_0.jpg]
[www.unikin.ac.cd/fac/facmed/uploads/6a66eb72722dc_1785129842_1.jpg]
[www.unikin.ac.cd/fac/facmed/uploads/6a66eb7272927_1785129842_2.jpg]
[www.unikin.ac.cd/fac/facmed/fac/facmed/actualites/les-cliniques-universitaires-de-kinshasa-renforcent-leurs-equipements-et-poursuivent-la-rehabilitation-de-leurs-infrastructures]
[www.unikin.ac.cd/fac/facmed/fac/facmed/actualites/une-equipe-de-kinshasa-et-de-kisangani-realise-une-intervention-neurochirurgicale-majeure-a-kisangani]
[www.unikin.ac.cd/fac/facmed/fac/facmed/actualites/les-annales-africaines-de-medecine-ont-la-joie-d-annoncer-la-publication-de-son-volume-19-n-3-juin-2026]
[www.unikin.ac.cd/fac/facmed/actualites/les-annales-africaines-de-medecine-ont-la-joie-d-annoncer-la-publication-de-son-volume-19-n-1-decembre-2025]
[www.unikin.ac.cd/fac/facmed/actualites/18-n-4-septembre-2025-des-annales-africaines-de-medecine]
[www.unikin.ac.cd/fac/facmed/actualites/concours-acces-2e-cycle-medecine-260-candidats-evalues-unikin]
[www.unikin.ac.cd/fac/facmed/fac/facmed/nouvelles]
[www.unikin.ac.cd/fac/facmed/nouvellese4e7]
[www.unikin.ac.cd/fac/facmed/nouvellese859]
[www.unikin.ac.cd/fac/facmed/actualites/espace-etudiant-campus-de-lunikin]
[www.unikin.ac.cd/fac/facmed/actualites/cours-de-pharmacologie-speciale-d1-professeur-jean-marie-kayembe-cours]
[www.unikin.ac.cd/fac/facmed/actualites/concours-dacces-au-2e-cycle-de-medecine-plus-de-260-candidats-evalues-a-lunikin]
[www.unikin.ac.cd/fac/facmed/actualites/une-rentree-academique-2025-2026-placee-sous-le-signe-de-l-excellence-et-de-la-discipline]
[www.unikin.ac.cd/fac/facmed/fac/facmed/publications]
[www.unikin.ac.cd/fac/facmed/publications0b9e]
[www.unikin.ac.cd/fac/facmed/publicationsab25]
[www.unikin.ac.cd/fac/facmed/publications7b5d]
[www.unikin.ac.cd/fac/facmed/publications0134]
[www.unikin.ac.cd/fac/facmed/actualites/evaluation-de-la-condition-physique-sante-des-enfants-et-adolescents-avec-deficience-intellectuelle-scolarises]
[www.unikin.ac.cd/fac/facmed/actualites/etat-des-lieux-de-la-cryptococcose-neuromeningee-au-cours-du-vih-dans-trois-formations-medicales-de-kinshasa]
[www.unikin.ac.cd/fac/facmed/actualites/sante-bucco-dentaire-et-besoins-en-soins-des-enfants-de-11-13-ans-scolarises-dans-la-commune-de-lemba-a-kinshasa-rd-congo]
[www.unikin.ac.cd/fac/facmed/actualites/persistance-du-virus-ebola-dans-les-humeurs-biologiques-des-survivants-de-la-dixieme-epidemie-de-la-maladie-a-virus-ebola-en-rd-congo]
[www.unikin.ac.cd/fac/facmed/actualites/prevention-du-paludisme-chez-la-femme-enceinte-et-impact-sur-la-sante-de-la-mere-et-de-lenfant-cas-du-centre-hospitalier-de-kingasani-ii]
[www.unikin.ac.cd/fac/facmed/actualites/profil-tomodensitometrique-des-pathologies-inflammatoires-nasosinusiennes-au-centre-kinois-de-radiodiagnostic-et-imagerie-medicale]
[www.unikin.ac.cd/fac/facmed/actualites/le-profil-de-lhemoglobine-glyquee-a1c-chez-les-gestantes-preeclamptiques-non-diabetiques-a-kinshasa-rdc]
[www.unikin.ac.cd/fac/facmed/actualites/etat-des-lieux-de-la-pratique-de-lendo-urologie-basse-a-kinshasa]
[www.unikin.ac.cd/fac/facmed/actualites/doppler-obstetrical-et-issue-neonatale-dans-la-preeclampsie-au-centre-hospitalier-de-montfermeil-en-france]
[www.unikin.ac.cd/fac/facmed/actualites/depistage-selectif-trpouble-innes-du-metabolisme-a-revelation-neonatale-etude-preliminaire-a-kinshasa]
[www.unikin.ac.cd/fac/facmed/actualites/predicteurs-de-lanemie-ferriprive-et-impact-benefique-du-traitement-martial-suivant-la-strategie-du-patient-blood-management-a-kinshasa]
[www.unikin.ac.cd/fac/facmed/actualites/decouvertes-laparoscopiques-et-facteurs-associes-chez-les-femmes-avec-algies-pelviennes-chroniques-dans-une-population-congolaise-a-kinshasa]
[www.unikin.ac.cd/fac/facmed/actualites/fentes-palatines-facteurs-de-risque-et-evolution-post-therapeutique-observation-des-campagnes-doperation-smile-a-kinshasa]
[www.unikin.ac.cd/fac/facmed/actualites/aspects-anatomopathologiques-et-immunohistochimiques-des-lesions-spleniques-chez-les-drepanocytaires-en-milieu-dendemie-palustre]
[www.unikin.ac.cd/fac/facmed/actualites/evaluation-de-ladherence-des-patients-pa-dontaux-a-la-therapeutique-de-soutien-aux-cliniques-universitaires-de-kinshasa]
[www.unikin.ac.cd/fac/facmed/actualites/diagnostic-de-la-schistosomiase-a-schistosoma-manso-ni-correlation-entre-les-tests-katokatz-et-poc-cca-en-republique-democratique-du-congo]
[www.unikin.ac.cd/fac/facmed/actualites/determinants-de-la-morbimortalite-en-anesthesie-du-sujet-age-dans-un-pays-a-faible-revenu-cas-du-centre-hospitalier-monkole]
[www.unikin.ac.cd/fac/facmed/actualites/evaluation-des-molecules-experimentales-anti-ebola-et-determinants-de-mortalite-chez-les-patients-aux-centres-de-traitement-ebola-de-beni-et-mangina-periode-de-letude-10-]
[www.unikin.ac.cd/fac/facmed/actualites/la-maladie-a-virus-chikungunya-au-kongo-central-republique-democratique-du-congo-caracteristiques-et-evaluation-de-la-definition-de-cas]
[www.unikin.ac.cd/fac/facmed/actualites/etat-de-lieu-de-lansthesie-pour-larthroplastie-par-prothese-totale-de-la-hanche-cas-des-2-hopitaux-dans-la-ville-de-kinshasa]
[www.unikin.ac.cd/fac/facmed/actualites/apport-de-lirm-dans-la-mise-au-point-de-lendometriose-pelvienne]
[www.unikin.ac.cd/fac/facmed/actualites/frequence-et-facteurs-associes-a-la-dysfonction-erectile-dans-le-diabete-sucre-en-milieu-hospitalier-de-kinshasa]
[www.unikin.ac.cd/fac/facmed/actualites/evaluation-de-la-performance-du-test-loopamp-malaria-kit-panpf-en-republique-democratique-du-congo]
[www.unikin.ac.cd/fac/facmed/actualites/evaluation-cognitive-des-enfants-dage-scolaire-et-adolescents-atteints-de-la-schistosomiase-kongo-central-zone-de-sante-de-boko-kivulu]
[www.unikin.ac.cd/fac/facmed/actualites/apport-du-test-de-kleihauer-dans-la-prise-en-charge-des-patients-drepanocytaires-en-rdc]
[www.unikin.ac.cd/fac/facmed/actualites/seroprevalence-des-anticorps-anti-vhc-chez-les-drepanocytaires-homozygotes-en-milieu-hospitalier]
[www.unikin.ac.cd/fac/facmed/actualites/performance-des-quatre-tests-rapides-dorientation-diagnostique-du-virus-de-lhepatite-chez-les-donneurs-benevoles-de-sang-aux-cliniques-universitaires-de-kinshasa.d2e.dela]
[www.unikin.ac.cd/fac/facmed/actualites/biomecanique-du-moignon-et-readaptation-par-appareillage-analyse-de-la-locomotion-et-la-satisfaction-au-port-de-lappareillage]
[www.unikin.ac.cd/fac/facmed/actualites/effets-de-la-physiotherapie-et-des-activites-physiques-adaptees-sur-la-qualite-de-vie-de-patients-lombalgiques-chroniques-suivis-aux-cuk]
[www.unikin.ac.cd/fac/facmed/actualites/evaluation-des-pratiques-du-sevrage-de-la-ventilation-mecanique-dans-trois-services-de-reanimation-de-kinshasa-rdcongo]
[www.unikin.ac.cd/fac/facmed/actualites/facteurs-influencant-la-duree-de-passage-au-dechocage-cas-du-centre-hospitalier-francois-quesnay-de-mantes-la-jolie]
[www.unikin.ac.cd/fac/facmed/actualites/performancedu-score-de-glasgow-blatchford-dans-le-diagnostic-de-lesio-s-digestives-hautes-a-risque-eleve-dhemorragie-au-centre-hospitalier-de-meaux-france]
[www.unikin.ac.cd/fac/facmed/actualites/cancers-bronchopulmonaires-du-non-fumeur-profil-clinique-paraclinique-therapeutique-au-groupe-hospitalier-70-vesoul-france]
[www.unikin.ac.cd/fac/facmed/actualites/prevalence-et-determinants-de-lincontinence-urinaire-dans-une-population-dadolescence-et-de-jeunes-femmes-nullipares]
[www.unikin.ac.cd/fac/facmed/actualites/les-marqueurs-de-linflammation-dans-le-konzo]
[www.unikin.ac.cd/fac/facmed/actualites/inventaire-et-evaluation-de-la-performance-des-principaux-tests-rapides-utilises-dans-le-diagnostic-de-linfection-a-vih-en-rdc]
[www.unikin.ac.cd/fac/facmed/actualites/performance-et-implementation-du-test-rapide-oraquick-ebola-chez-les-deces-communautaires-pendant-la-dixieme-epidemie-en-republique-democratique-du-congo]
[www.unikin.ac.cd/fac/facmed/actualites/pratique-de-lantibioprophylaxie-peri-operatoire-a-mbujimayi-impact-de-limplementation-dun-protocole-dantibioprophylaxie]
[www.unikin.ac.cd/fac/facmed/uploads/697629240ed6c_1769351460.jpg]
[www.unikin.ac.cd/fac/facmed/actualites/520-medecins-candidats-assistants-recrutes]
[www.unikin.ac.cd/fac/facmed/uploads/697626a15bb5c_1769350817.jpeg]
[www.unikin.ac.cd/fac/facmed/actualites/imagerie-de-l-articulation-temporo-mandibulaire-atm-anatomie-variantes-imagerie-des-lesions-benignes-et-tumorales]
[www.unikin.ac.cd/fac/facmed/uploads/69678c4ade6cd_1768393802.jpeg]
[www.unikin.ac.cd/fac/facmed/actualites/kinshasa-des-medecins-generalistes-sensibilises-a-la-prise-en-charge-des-urgences-neurochirurgicales]
[www.unikin.ac.cd/fac/facmed/nouvellesb886]
[www.unikin.ac.cd/fac/facmed/nouvelles3dad]
[www.unikin.ac.cd/fac/facmed/nouvelles9793]
[www.unikin.ac.cd/fac/facmed/actualites/12eme-congres-international-afmed]
[www.unikin.ac.cd/fac/facmed/actualites/formation-continue-chirurgie-orale-maxillo-faciale]
[www.unikin.ac.cd/fac/facmed/fac/facmed/actualites/delegation-de-l-unikin-participe-a-la-soutenance-des-theses-et-a-la-collation-des-grades-de-la-42-promotion-des-doctorants-de-l-universite-marien-ngouabi-de-br]
[www.unikin.ac.cd/fac/facmed/fac/facmed/actualites/la-societe-congolaise-des-maladies-infectieuses-et-tropicales-en-sigle-socomit-a-organise-une-matinee-scientifique]
[www.unikin.ac.cd/fac/facmed/uploads/69f824603840e_1777869920_0.jpg]
[www.unikin.ac.cd/fac/facmed/uploads/69f8246038a18_1777869920_1.jpg]
[www.unikin.ac.cd/fac/facmed/fac/facmed/actualites/mettre-un-visage-sur-l-invisible-l-unikin-sensibilise-aux-maladies-rares]
[www.unikin.ac.cd/fac/facmed/fac/facmed/actualites/former-le-medecin-de-demain-dans-des-conditions-proches-de-la-realite]
[www.unikin.ac.cd/fac/facmed/fac/facmed/actualites/kinshasa-capitale-de-la-radiologie-francophone-le-iie-congres-national-et-les-21e-jraf-arrivent-en-juin-2026]
[www.unikin.ac.cd/fac/facmed/uploads/69b1034c870c2_1773208396_0.jpeg]
[www.unikin.ac.cd/fac/facmed/uploads/69b1034c87390_1773208396_1.jpeg]
[www.unikin.ac.cd/fac/medecinedentaire/wp-content/fonts/oxygen/2sDfZG1Wl4LcnbuKgE0mV0Q.woff2]
[www.unikin.ac.cd/fac/medecinedentaire/wp-content/fonts/oxygen/2sDfZG1Wl4LcnbuKjk0m.woff2]
[www.unikin.ac.cd/fac/medecinedentaire/wp-content/fonts/oxygen/2sDcZG1Wl4LcnbuCNWgzZmW5O7w.woff2]
[www.unikin.ac.cd/fac/medecinedentaire/wp-content/fonts/oxygen/2sDcZG1Wl4LcnbuCNWgzaGW5.woff2]
[www.unikin.ac.cd/fac/medecinedentaire/wp-json/oembed/1.0/embedd3e8]
[www.unikin.ac.cd/fac/medecinedentaire/wp-json/oembed/1.0/embed3fb4]
[www.unikin.ac.cd/fac/medecinedentaire/wp-json/wp/v2/pages/13]
[www.unikin.ac.cd/fac/medecinedentaire/index2dc4.html]
[www.unikin.ac.cd/fac/medecinedentaire/category/nouvelles/feed/index.html]
[www.unikin.ac.cd/fac/medecinedentaire/wp-json/wp/v2/categories/2]
[www.unikin.ac.cd/fac/medecinedentaire/wp-content/uploads/2024/02/0f37476b-99d8-4a63-ad84-154aacec05f9-1-300x240.jpg]
[www.unikin.ac.cd/fac/medecinedentaire/author/mansoni/index.html]
[www.unikin.ac.cd/fac/medecinedentaire/wp-content/uploads/2024/02/17075748003381.jpg-1-300x240.png]
[www.unikin.ac.cd/fac/medecinedentaire/wp-content/uploads/2024/02/g1-300x240.jpg]
[www.unikin.ac.cd/fac/medecinedentaire/wp-content/uploads/2023/12/oms-300x240.jpg]
[www.unikin.ac.cd/fac/medecinedentaire/wp-content/uploads/2023/09/argent-300x240.jpeg]
[www.unikin.ac.cd/fac/medecinedentaire/author/facmed_bucco/index.html]
[www.unikin.ac.cd/fac/medecinedentaire/wp-json/oembed/1.0/embedb9e4]
[www.unikin.ac.cd/fac/medecinedentaire/wp-json/oembed/1.0/embed27f8]
[www.unikin.ac.cd/fac/medecinedentaire/wp-json/wp/v2/pages/21]
[www.unikin.ac.cd/fac/medecinedentaire/index3965.html]
[www.unikin.ac.cd/fac/medecinedentaire/wp-json/oembed/1.0/embed532d]
[www.unikin.ac.cd/fac/medecinedentaire/wp-json/oembed/1.0/embed1dc7]
[www.unikin.ac.cd/fac/medecinedentaire/wp-json/wp/v2/pages/63]
[www.unikin.ac.cd/fac/medecinedentaire/index2cce.html]
[www.unikin.ac.cd/fac/medecinedentaire/wp-json/oembed/1.0/embed94b4]
[www.unikin.ac.cd/fac/medecinedentaire/wp-json/oembed/1.0/embedfb72]
[www.unikin.ac.cd/fac/medecinedentaire/wp-json/wp/v2/pages/23]
[www.unikin.ac.cd/fac/medecinedentaire/index40a0.html]
[www.unikin.ac.cd/fac/medecinedentaire/category/publications/articles/feed/index.html]
[www.unikin.ac.cd/fac/medecinedentaire/wp-json/wp/v2/categories/3]
[www.unikin.ac.cd/fac/medecinedentaire/2024/02/15/the-effect-of-marsupialization-of-large-cystic-lesions-of-the-jaws-on-pulp-vitality/index.html]
[www.unikin.ac.cd/fac/medecinedentaire/wp-content/uploads/2023/09/logo_dentaire.jpg]
[www.unikin.ac.cd/fac/medecinedentaire/category/publications/memoires/feed/index.html]
[www.unikin.ac.cd/fac/medecinedentaire/wp-json/wp/v2/categories/5]
[www.unikin.ac.cd/fac/medecinedentaire/category/publications/theses/feed/index.html]
[www.unikin.ac.cd/fac/medecinedentaire/wp-json/wp/v2/categories/4]
[www.unikin.ac.cd/fac/medecinedentaire/wp-json/oembed/1.0/embed377e]
[www.unikin.ac.cd/fac/medecinedentaire/wp-json/oembed/1.0/embed3f60]
[www.unikin.ac.cd/fac/medecinedentaire/wp-json/wp/v2/pages/11]
[www.unikin.ac.cd/fac/medecinedentaire/index5757.html]
[www.unikin.ac.cd/fac/medecinedentaire/2024/02/15/progres-actif-du-dr-paka-g-dans-la-recherche-scientifique/feed/index.html]
[www.unikin.ac.cd/fac/medecinedentaire/wp-json/oembed/1.0/embedda97]
[www.unikin.ac.cd/fac/medecinedentaire/wp-json/oembed/1.0/embed49f9]
[www.unikin.ac.cd/fac/medecinedentaire/wp-json/wp/v2/posts/117]
[www.unikin.ac.cd/fac/medecinedentaire/index8320.html]
[www.unikin.ac.cd/fac/medecinedentaire/wp-content/uploads/2024/02/5eda5928-97d3-46c7-9a41-d96974b19bc6-300x169.jpg]
[www.unikin.ac.cd/fac/medecinedentaire/wp-content/uploads/2024/02/0f37476b-99d8-4a63-ad84-154aacec05f9-1-300x225.jpg]
[www.unikin.ac.cd/fac/medecinedentaire/wp-content/uploads/2024/02/9e41e6cc-a04b-4ba3-9a0b-676cda69fb67-225x300.jpg]
[www.unikin.ac.cd/fac/medecinedentaire/wp-includes/js/comment-reply.min42a0.js]
[www.unikin.ac.cd/fac/medecinedentaire/2024/02/15/visite-du-vdrsa-chez-club-dentaire/feed/index.html]
[www.unikin.ac.cd/fac/medecinedentaire/wp-json/oembed/1.0/embedaf19]
[www.unikin.ac.cd/fac/medecinedentaire/wp-json/oembed/1.0/embeda537]
[www.unikin.ac.cd/fac/medecinedentaire/wp-json/wp/v2/posts/108]
[www.unikin.ac.cd/fac/medecinedentaire/index460d.html]
[www.unikin.ac.cd/fac/medecinedentaire/wp-content/uploads/2024/02/1707574759745.jpg1_.jpg-300x200.png]
[www.unikin.ac.cd/fac/medecinedentaire/wp-content/uploads/2024/02/17075747511061.jpg-300x200.png]
[www.unikin.ac.cd/fac/medecinedentaire/2024/02/15/debut-des-cours-dans-les-promotions-de-b1-et-b3-2023-2024/feed/index.html]
[www.unikin.ac.cd/fac/medecinedentaire/wp-json/oembed/1.0/embedf0a9]
[www.unikin.ac.cd/fac/medecinedentaire/wp-json/oembed/1.0/embed5ef2]
[www.unikin.ac.cd/fac/medecinedentaire/wp-json/wp/v2/posts/105]
[www.unikin.ac.cd/fac/medecinedentaire/indexea0f.html]
[www.unikin.ac.cd/fac/medecinedentaire/wp-content/uploads/2024/02/g1-300x225.jpg]
[www.unikin.ac.cd/fac/medecinedentaire/2023/12/04/participation-a-un-atelier-regional-organiser-par-loms-en-collaboration-avec-luniversite-de-pennsylvania/feed/index.html]
[www.unikin.ac.cd/fac/medecinedentaire/wp-json/oembed/1.0/embed15ee]
[www.unikin.ac.cd/fac/medecinedentaire/wp-json/oembed/1.0/embedd28a]
[www.unikin.ac.cd/fac/medecinedentaire/wp-json/wp/v2/posts/72]
[www.unikin.ac.cd/fac/medecinedentaire/indexae74.html]
[www.unikin.ac.cd/fac/medecinedentaire/2023/09/07/communique-pour-le-paiement-de-frais-detudes-2022-2023/feed/index.html]
[www.unikin.ac.cd/fac/medecinedentaire/wp-json/oembed/1.0/embedbe77]
[www.unikin.ac.cd/fac/medecinedentaire/wp-json/oembed/1.0/embed37be]
[www.unikin.ac.cd/fac/medecinedentaire/wp-json/wp/v2/posts/41]
[www.unikin.ac.cd/fac/medecinedentaire/indexcbb6.html]
[www.unikin.ac.cd/fac/medecinedentaire/category/professeur-jean-paul-sekele-doyen/feed/index.html]
[www.unikin.ac.cd/fac/medecinedentaire/wp-json/wp/v2/categories/11]
[www.unikin.ac.cd/fac/medecinedentaire/2023/09/07/professeur-jean-paul-sekele-doyen/feed/index.html]
[www.unikin.ac.cd/fac/medecinedentaire/wp-json/oembed/1.0/embeddb50]
[www.unikin.ac.cd/fac/medecinedentaire/wp-json/oembed/1.0/embed9c56]
[www.unikin.ac.cd/fac/medecinedentaire/wp-json/wp/v2/posts/57]
[www.unikin.ac.cd/fac/medecinedentaire/index9787.html]
[www.unikin.ac.cd/fac/medecinedentaire/2023/09/07/professeur-jacques-bolenge-vde/feed/index.html]
[www.unikin.ac.cd/fac/medecinedentaire/wp-json/oembed/1.0/embed137c]
[www.unikin.ac.cd/fac/medecinedentaire/wp-json/oembed/1.0/embed8a8d]
[www.unikin.ac.cd/fac/medecinedentaire/wp-json/wp/v2/posts/55]
[www.unikin.ac.cd/fac/medecinedentaire/index8054.html]
[www.unikin.ac.cd/fac/medecinedentaire/category/professeur-jacques-bolenge-vde/index.html]
[www.unikin.ac.cd/fac/medecinedentaire/2023/09/07/professeur-fidele-nyimi-vdrsa/feed/index.html]
[www.unikin.ac.cd/fac/medecinedentaire/wp-json/oembed/1.0/embed3406]
[www.unikin.ac.cd/fac/medecinedentaire/wp-json/oembed/1.0/embed52cd]
[www.unikin.ac.cd/fac/medecinedentaire/wp-json/wp/v2/posts/53]
[www.unikin.ac.cd/fac/medecinedentaire/index5fb3.html]
[www.unikin.ac.cd/fac/medecinedentaire/wp-content/uploads/2023/09/3.jpeg]
[www.unikin.ac.cd/fac/medecinedentaire/category/professeur-fidele-nyimi-vdrsa/index.html]
[www.unikin.ac.cd/fac/medecinedentaire/2023/09/07/professeur-augustin-mantshumba-secretaire-academique-facultaire/feed/index.html]
[www.unikin.ac.cd/fac/medecinedentaire/wp-json/oembed/1.0/embed574f]
[www.unikin.ac.cd/fac/medecinedentaire/wp-json/oembed/1.0/embed50af]
[www.unikin.ac.cd/fac/medecinedentaire/wp-json/wp/v2/posts/51]
[www.unikin.ac.cd/fac/medecinedentaire/index8cf7.html]
[www.unikin.ac.cd/fac/medecinedentaire/wp-content/uploads/2023/09/4.jpeg]
[www.unikin.ac.cd/fac/medecinedentaire/category/secretaire-academique-facultaire/index.html]
[www.unikin.ac.cd/fac/petrolegaz/wp-content/themes/academica_pro/images/back-slider.png]
[www.unikin.ac.cd/fac/petrolegaz/wp-content/themes/academica_pro/images/arrows.png]
[www.unikin.ac.cd/fac/petrolegaz/wp-content/themes/academica_pro/images/menu.png]
[www.unikin.ac.cd/fac/petrolegaz/wp-includes/fonts/dashicons7d4b.eot]
[www.unikin.ac.cd/fac/petrolegaz/wp-includes/fonts/dashicons7d4b.ttf]
[www.unikin.ac.cd/fac/petrolegaz/index0f60.php]
[www.unikin.ac.cd/fac/petrolegaz/index47be.php]
[www.unikin.ac.cd/fac/petrolegaz/index54e8.php]
[www.unikin.ac.cd/fac/petrolegaz/index0b69.html]
[www.unikin.ac.cd/fac/petrolegaz]
[www.unikin.ac.cd/fac/petrolegaz/wp-includes/js/comment-reply.min42a0.js]
[www.unikin.ac.cd/fac/petrolegaz/index5b69.php]
[www.unikin.ac.cd/fac/petrolegaz/index44d4.php]
[www.unikin.ac.cd/fac/petrolegaz/index01ce.php]
[www.unikin.ac.cd/fac/petrolegaz/index0e62.html]
[www.unikin.ac.cd/fac/petrolegaz/index411f.php]
[www.unikin.ac.cd/fac/petrolegaz/index70ed.php]
[www.unikin.ac.cd/fac/petrolegaz/index849a.php]
[www.unikin.ac.cd/fac/petrolegaz/index0735.html]
[www.unikin.ac.cd/fac/petrolegaz/index57a0.html]
[www.unikin.ac.cd/fac/petrolegaz/index54f3.php]
[www.unikin.ac.cd/fac/petrolegaz/indexa6ad.php]
[www.unikin.ac.cd/fac/petrolegaz/indexecf0.php]
[www.unikin.ac.cd/fac/fpsysed/wp-content/themes/empowerwp/customizer/sections/images/mockup-863469.jpg]
[www.unikin.ac.cd/fac/fpsysed/wp-content/themes/empowerwp/customizer/sections/images/apple-1838564.jpg]
[www.unikin.ac.cd/fac/fpsysed/wp-content/themes/mesmerize/assets/fonts/fontawesome-webfont3e6e.eot]
[www.unikin.ac.cd/fac/fpsysed/wp-content/themes/mesmerize/assets/fonts/fontawesome-webfontd41d.eot]
[www.unikin.ac.cd/fac/fpsysed/wp-content/themes/mesmerize/assets/fonts/fontawesome-webfont3e6e.woff2]
[www.unikin.ac.cd/fac/fpsysed/wp-content/themes/mesmerize/assets/fonts/fontawesome-webfont3e6e.woff]
[www.unikin.ac.cd/fac/fpsysed/wp-content/themes/mesmerize/assets/fonts/fontawesome-webfont3e6e.ttf]
[www.unikin.ac.cd/fac/fpsysed/wp-content/themes/mesmerize/assets/fonts/fontawesome-webfont3e6e.svg]
[www.unikin.ac.cd/fac/fpsysed/wp-includes/css/dist/block-library/style.min0660.css]
[www.unikin.ac.cd/fac/fpsysed/wp-content/uploads/elementor/css/post-29c342.css]
[www.unikin.ac.cd/fac/fpsysed/index7471.php]
[www.unikin.ac.cd/fac/fpsysed/index9cd7.html]
[www.unikin.ac.cd/fac/fpsysed/index1a4c.php]
[www.unikin.ac.cd/fac/fpsysed/index91d5.php]
[www.unikin.ac.cd/fac/fpsysed/wp-content/themes/mesmerize/assets/images/header-shapes/circles.png]
[www.unikin.ac.cd/fac/fpsysed/cycle-superieur/index.html]
[www.unikin.ac.cd/fac/fpsysed/wp-content/uploads/2023/06/CIRRICULUM-VITAE-SARAH.pdf]
[www.unikin.ac.cd/fac/fpsysed/wp-content/uploads/2024/05/cropped-WhatsApp-Image-2024-02-10-at-20.45.25.jpeg]
[www.unikin.ac.cd/fac/fpsysed/wp-content/plugins/elementor/assets/css/widget-icon-list.min.css]
[www.unikin.ac.cd/fac/fpsysed/wp-content/uploads/2024/04/cropped-cropped-WhatsApp-Image-2024-02-10-at-20.45.48-1024x680.jpeg]
[www.unikin.ac.cd/fac/fpsysed/wp-content/uploads/2024/05/Image_Placeholder-about-1.jpeg]
[www.unikin.ac.cd/fac/fpsysed/wp-content/uploads/2024/05/Image_Placeholder-about.jpeg]
[www.unikin.ac.cd/fac/fpsysed/wp-content/plugins/elementor/assets/css/widget-icon-box.min.css]
[www.unikin.ac.cd/fac/fpsysed/wp-content/uploads/2024/05/Image-Testemonials.jpeg]
[www.unikin.ac.cd/fac/fpsysed/wp-content/plugins/elementor/assets/images/placeholder.png]
[www.unikin.ac.cd/fac/fpsysed/indexe81f.php]
[www.unikin.ac.cd/fac/fpsysed/indexc7e3.html]
[www.unikin.ac.cd/fac/fpsysed/index73d2.php]
[www.unikin.ac.cd/fac/fpsysed/index4298.php]
[www.unikin.ac.cd/fac/fpsysed/wp-content/uploads/2023/06/telechargement-1.png]
[www.unikin.ac.cd/fac/fpsysed/wp-content/uploads/2023/06/telechargement-2-1.png]
[www.unikin.ac.cd/fac/fpsysed/index9d62.php]
[www.unikin.ac.cd/fac/fpsysed/indexdd23.html]
[www.unikin.ac.cd/fac/fpsysed/index1caa.php]
[www.unikin.ac.cd/fac/fpsysed/indexc813.php]
[www.unikin.ac.cd/fac/fpsysed/wp-content/uploads/elementor/css/post-38449f.css]
[www.unikin.ac.cd/fac/fpsysed/index308b.php]
[www.unikin.ac.cd/fac/fpsysed/indexb93f.html]
[www.unikin.ac.cd/fac/fpsysed/indexc9a5.php]
[www.unikin.ac.cd/fac/fpsysed/indexc71e.php]
[www.unikin.ac.cd/fac/fpsysed/wp-content/uploads/2025/02/png-1.png]
[www.unikin.ac.cd/fac/fpsysed/bureau-du-doyen/profil/index.html]
[www.unikin.ac.cd/fac/fpsysed/wp-content/uploads/2023/06/images.jpg]
[www.unikin.ac.cd/fac/fpsysed/wp-content/uploads/2023/08/WhatsApp-Image-2023-08-23-at-10.29.10.jpeg]
[www.unikin.ac.cd/fac/fpsysed/wp-content/uploads/2023/06/telechargement-2.jpg]
[www.unikin.ac.cd/fac/fpsysed/wp-content/uploads/elementor/css/post-40b7a2.css]
[www.unikin.ac.cd/fac/fpsysed/index99c0.php]
[www.unikin.ac.cd/fac/fpsysed/index3ba0.html]
[www.unikin.ac.cd/fac/fpsysed/indexafa5.php]
[www.unikin.ac.cd/fac/fpsysed/index63ab.php]
[www.unikin.ac.cd/fac/fpsysed/wp-content/uploads/2025/01/Sans-titre-1.jpg]
[www.unikin.ac.cd/fac/fpsysed/vice-decanat-charge-de-lenseignement/profil/index.html]
[www.unikin.ac.cd/fac/fpsysed/index652d.php]
[www.unikin.ac.cd/fac/fpsysed/indexfbd5.html]
[www.unikin.ac.cd/fac/fpsysed/indexd756.php]
[www.unikin.ac.cd/fac/fpsysed/indexd27e.php]
[www.unikin.ac.cd/fac/fpsysed/wp-content/uploads/2023/06/IMG_20230614_115252_000-edited-scaled.jpg]
[www.unikin.ac.cd/fac/fpsysed/vice-decanat-charge-de-la-recherche/profil-de-vice-doyen-charge-de-la-recherche/(ouvre un nouvel onglet)]
[www.unikin.ac.cd/fac/fpsysed/wp-content/uploads/2023/06/1200x680_essaijoblookgettyimages-1319571139-1024x580.jpg]
[www.unikin.ac.cd/fac/fpsysed/index3a12.php]
[www.unikin.ac.cd/fac/fpsysed/index49b1.html]
[www.unikin.ac.cd/fac/fpsysed/index7fc9.php]
[www.unikin.ac.cd/fac/fpsysed/index12de.php]
[www.unikin.ac.cd/fac/fpsysed/wp-content/uploads/2023/10/DSC_0105-683x1024.jpg]
[www.unikin.ac.cd/fac/fpsysed/index3574.php]
[www.unikin.ac.cd/fac/fpsysed/index7ea6.html]
[www.unikin.ac.cd/fac/fpsysed/index5d97.php]
[www.unikin.ac.cd/fac/fpsysed/index68fc.php]
[www.unikin.ac.cd/fac/fpsysed/index7210.php]
[www.unikin.ac.cd/fac/fpsysed/index5fb3.html]
[www.unikin.ac.cd/fac/fpsysed/index47a0.php]
[www.unikin.ac.cd/fac/fpsysed/index3b9f.php]
[www.unikin.ac.cd/fac/fpsysed/wp-content/uploads/2023/07/images-2-1.png]
[www.unikin.ac.cd/fac/fpsysed/wp-content/uploads/2023/07/images-2.png]
[www.unikin.ac.cd/fac/fpsysed/indexa407.php]
[www.unikin.ac.cd/fac/fpsysed/index8054.html]
[www.unikin.ac.cd/fac/fpsysed/index181e.php]
[www.unikin.ac.cd/fac/fpsysed/indexd1ff.php]
[www.unikin.ac.cd/fac/fpsysed/wp-content/uploads/2023/07/images-2-3.png]
[www.unikin.ac.cd/fac/fpsysed/index33f3.php]
[www.unikin.ac.cd/fac/fpsysed/index9787.html]
[www.unikin.ac.cd/fac/fpsysed/index0ccd.php]
[www.unikin.ac.cd/fac/fpsysed/indexff67.php]
[www.unikin.ac.cd/fac/fpsysed/wp-content/uploads/2023/12/Prof-Jaqueline.webp]
[www.unikin.ac.cd/fac/fpsysed/wp-content/uploads/2023/12/IMG-20230101-WA0071.webp]
[www.unikin.ac.cd/fac/fpsysed/wp-content/uploads/2023/12/prof-remo-oksite.webp]
[www.unikin.ac.cd/fac/fpsysed/wp-includes/js/dist/vendor/wp-polyfill-importmap.minef6d.js]
[www.unikin.ac.cd/fac/fpsysed/wp-includes/blocks/image/view.min0660.js]
[www.unikin.ac.cd/fac/fpsysed/wp-includes/js/dist/interactivity.min0660.js]
[www.unikin.ac.cd/fac/fpsysed/index4761.php]
[www.unikin.ac.cd/fac/fpsysed/indexae65.html]
[www.unikin.ac.cd/fac/fpsysed/index2d72.php]
[www.unikin.ac.cd/fac/fpsysed/index66ab.php]
[www.unikin.ac.cd/fac/fpsysed/indexf8bd.html]
[www.unikin.ac.cd/fac/fpsysed/index020e.php]
[www.unikin.ac.cd/fac/fpsysed/index8cd4.html]
[www.unikin.ac.cd/fac/fpsysed/index38e1.php]
[www.unikin.ac.cd/fac/fpsysed/index94a4.php]
[www.unikin.ac.cd/fac/fpsysed/index7341.php]
[www.unikin.ac.cd/fac/fpsysed/indexae74.html]
[www.unikin.ac.cd/fac/fpsysed/index73d5.php]
[www.unikin.ac.cd/fac/fpsysed/index9407.php]
[www.unikin.ac.cd/fac/fpsysed/index4094.php]
[www.unikin.ac.cd/fac/fpsysed/indexe839.html]
[www.unikin.ac.cd/fac/fpsysed/index86ff.php]
[www.unikin.ac.cd/fac/fpsysed/index3995.php]
[www.unikin.ac.cd/fac/fpsysed/index4889.php]
[www.unikin.ac.cd/fac/fpsysed/index8ed7.html]
[www.unikin.ac.cd/fac/fpsysed/index2000.php]
[www.unikin.ac.cd/fac/fpsysed/index640a.php]
[www.unikin.ac.cd/fac/fpsysed/wp-content/uploads/2023/08/WhatsApp-Image-2023-08-30-at-08.34.27.jpeg]
[www.unikin.ac.cd/fac/fpsysed/wp-content/uploads/2023/08/WhatsApp-Image-2023-08-30-at-08.34.27-1024x1024.jpeg]
[www.unikin.ac.cd/fac/fpsysed/bibliotheque-facultaire/bibliotheque-facultaire/index.html]
[www.unikin.ac.cd/fac/fpsysed/index4d2b.php]
[www.unikin.ac.cd/fac/fpsysed/indexeffd.html]
[www.unikin.ac.cd/fac/fpsysed/indexa1a8.php]
[www.unikin.ac.cd/fac/fpsysed/index84a1.php]
[www.unikin.ac.cd/fac/fpsysed/index17ef.php]
[www.unikin.ac.cd/fac/fpsysed/index21ab.php]
[www.unikin.ac.cd/fac/fpsysed/indexe793.php]
[www.unikin.ac.cd/fac/fpsysed/indexb31a.html]
[www.unikin.ac.cd/fac/fpsysed/wp-content/uploads/2023/08/Pa-200x125.jpg]
[www.unikin.ac.cd/fac/fpsysed/wp-content/uploads/2023/08/AA23-1024x85.png]
[www.unikin.ac.cd/fac/fpsysed/indexc9f9.html]
[www.unikin.ac.cd/fac/fpsysed/index6b42.html]
[www.unikin.ac.cd/fac/fpsysed/index3350.html]
[www.unikin.ac.cd/fac/fpsysed/index668b.html]
[www.unikin.ac.cd/fac/fpsysed/indexa17b.html]
[www.unikin.ac.cd/fac/fpsysed/index3714.html]
[www.unikin.ac.cd/fac/fpsysed/index11cb.html]
[www.unikin.ac.cd/fac/fpsysed/index2f4d.html]
[www.unikin.ac.cd/fac/fpsysed/indexfe27.html]
[www.unikin.ac.cd/fac/fpsysed/index05df.html]
[www.unikin.ac.cd/fac/fpsysed/indexe2d4.html]
[www.unikin.ac.cd/fac/fpsysed/indexbc4e.html]
[www.unikin.ac.cd/fac/fpsysed/index2f07.html]
[www.unikin.ac.cd/fac/fpsysed/index68e6.html]
[www.unikin.ac.cd/fac/fpsysed/index1a57.html]
[www.unikin.ac.cd/fac/fpsysed/indexc9fe.html]
[www.unikin.ac.cd/fac/fpsysed/index8090.html]
[www.unikin.ac.cd/fac/fpsysed/indexba53.html]
[www.unikin.ac.cd/fac/fpsysed/index181e.html]
[www.unikin.ac.cd/fac/fpsysed/index23db.html]
[www.unikin.ac.cd/fac/fpsysed/index46be.html]
[www.unikin.ac.cd/fac/fpsysed/index5f22.html]
[www.unikin.ac.cd/fac/fpsysed/indexf1ec.html]
[www.unikin.ac.cd/fac/fpsysed/indexc45e.html]
[www.unikin.ac.cd/fac/fpsysed/indexac17.html]
[www.unikin.ac.cd/fac/fpsysed/indexb86d.html]
[www.unikin.ac.cd/fac/fpsysed/index2735.html]
[www.unikin.ac.cd/fac/fpsysed/index86fa.html]
[www.unikin.ac.cd/fac/fpsysed/indexcff1.html]
[www.unikin.ac.cd/fac/fpsysed/indexd723.html]
[www.unikin.ac.cd/fac/fpsysed/index40d6.html]
[www.unikin.ac.cd/fac/fpsysed/index8a1f.html]
[www.unikin.ac.cd/fac/fpsysed/index4aac.html]
[www.unikin.ac.cd/fac/fpsysed/index4821.html]
[www.unikin.ac.cd/fac/fpsysed/index81ea.html]
[www.unikin.ac.cd/fac/fpsysed/indexaa1e.html]
[www.unikin.ac.cd/fac/fpsysed/index49ce.html]
[www.unikin.ac.cd/oipr/OIPR/chercheurs/2180/AMISI-KAPEPA]
[www.unikin.ac.cd/oipr/OIPR/chercheurs/2181/AMISI-KIMBAYU]
[www.unikin.ac.cd/oipr/OIPR/chercheurs/977/AUNGE-MUHIYA]
[www.unikin.ac.cd/oipr/OIPR/chercheurs/2191/BAGUMA-KALIMBA]
[www.unikin.ac.cd/oipr/OIPR/chercheurs/1194/BANGATA-BITHANYIMBUNZU]
[www.unikin.ac.cd/oipr/OIPR/chercheurs/1198/BELANI-MASAMBA]
[www.unikin.ac.cd/oipr/OIPR/chercheursd658]
[www.unikin.ac.cd/oipr/OIPR/chercheursf0ee]
[www.unikin.ac.cd/oipr/OIPR/chercheurs9c63]
[www.unikin.ac.cd/oipr/OIPR/chercheursf40b]
[www.unikin.ac.cd/oipr/OIPR/chercheurse858]
[www.unikin.ac.cd/oipr/OIPR/chercheurs1196]
[www.unikin.ac.cd/oipr/OIPR/chercheursa826]
[www.unikin.ac.cd/oipr/OIPR/chercheurs41ac]
[www.unikin.ac.cd/oipr/OIPR/chercheurseea8]
[www.unikin.ac.cd/oipr/OIPR/chercheurs184e]
[www.unikin.ac.cd/oipr/OIPR/chercheursc74f]
[www.unikin.ac.cd/oipr/OIPR/centres/6/centre-de-recherche-en-ressources-en-eau-du-bassin-du-congo]
[www.unikin.ac.cd/oipr/OIPR/centres/44/centre-international-de-recherche-agricolekopia]
[www.unikin.ac.cd/oipr/OIPR/centres/99/centre-de-recherche-en-ressources-en-eau-du-bassin-du-congo-crrebac]
[www.unikin.ac.cd/oipr/OIPR/centres/105/unite-de-recherche-en-elevage-et-en-nutrition-animale]
[www.unikin.ac.cd/oipr/OIPR/chercheurs/2750/AKOTO-ELIWO-MANDJALE-JEAN-PIERRE]
[www.unikin.ac.cd/oipr/OIPR/chercheurs/1179/ALI-KYAMASA]
[www.unikin.ac.cd/oipr/OIPR/chercheurs/2735/ALI-KYAMASA-WILLY]
[www.unikin.ac.cd/oipr/OIPR/chercheurs/2184/ASSANI-SENGI-BILENGE]
[www.unikin.ac.cd/oipr/OIPR/chercheurs/3762/AUSSE-BUANDJI-MICHEL]
[www.unikin.ac.cd/oipr/OIPR/chercheurs/978/BAENDE-BOGOTA-YOUYOU]
[www.unikin.ac.cd/oipr/OIPR/chercheurs/3176/BAENDE-BOFOTA-YOUYOU]
[www.unikin.ac.cd/oipr/OIPR/chercheurs/2192/BAHATI-KALINDYE]
[www.unikin.ac.cd/oipr/OIPR/chercheurs/59/BAKAFWA-KWASHIKONA-PLACIDE]
[www.unikin.ac.cd/oipr/OIPR/chercheurs/1019/BAKOKELA-IKOTE]
[www.unikin.ac.cd/oipr/OIPR/chercheursb655]
[www.unikin.ac.cd/oipr/OIPR/chercheurs748d]
[www.unikin.ac.cd/oipr/OIPR/chercheursa825]
[www.unikin.ac.cd/oipr/OIPR/chercheursf8bf]
[www.unikin.ac.cd/oipr/OIPR/chercheurscc2c]
[www.unikin.ac.cd/oipr/OIPR/chercheurs9cf8]
[www.unikin.ac.cd/oipr/OIPR/chercheurs638d]
[www.unikin.ac.cd/oipr/OIPR/chercheurs12c8]
[www.unikin.ac.cd/oipr/OIPR/chercheurs2348]
[www.unikin.ac.cd/oipr/OIPR/chercheurscdf3]
[www.unikin.ac.cd/oipr/OIPR/chercheursf1bf]
[www.unikin.ac.cd/oipr/OIPR/centres/49/gestion-de-la-politique-economique]
[www.unikin.ac.cd/fac/fssap/wp-content/themes/academica_pro/images/back-slider.png]
[www.unikin.ac.cd/fac/fssap/wp-content/themes/academica_pro/images/arrows.png]
[www.unikin.ac.cd/fac/fssap/wp-content/themes/academica_pro/images/menu.png]
[www.unikin.ac.cd/fac/fssap/wp-includes/fonts/dashicons7d4b.eot]
[www.unikin.ac.cd/fac/fssap/wp-includes/fonts/dashicons7d4b.ttf]
[www.unikin.ac.cd/fac/fssap/wp-content/plugins/social-icons-widget-by-wpzoom/assets/font/socicon7442.woff2]
[www.unikin.ac.cd/fac/fssap/wp-content/plugins/social-icons-widget-by-wpzoom/assets/font/academiconsa7b0.woff2]
[www.unikin.ac.cd/fac/fssap/wp-json/oembed/1.0/embedc1c8]
[www.unikin.ac.cd/fac/fssap/wp-json/oembed/1.0/embed587c]
[www.unikin.ac.cd/fac/fssap/wp-json/wp/v2/pages/10]
[www.unikin.ac.cd/fac/fssap/index64b4.html]
[www.unikin.ac.cd/fac/fssap]
[www.unikin.ac.cd/fac/fssap/wp-includes/js/comment-reply.min42a0.js]
[www.unikin.ac.cd/fac/fssap/wp-json/oembed/1.0/embedd01e]
[www.unikin.ac.cd/fac/fssap/wp-json/oembed/1.0/embed50df]
[www.unikin.ac.cd/fac/fssap/wp-json/wp/v2/pages/6]
[www.unikin.ac.cd/fac/fssap/index42dc.html]
[www.unikin.ac.cd/fac/fssap/category/nouvelles/feed/index.html]
[www.unikin.ac.cd/fac/fssap/wp-json/wp/v2/categories/2]
[www.unikin.ac.cd/fac/fssap/wp-content/uploads/2023/09/MASOEUR-7.jpg]
[www.unikin.ac.cd/fac/fssap/wp-content/uploads/2023/09/1-2.jpeg]
[www.unikin.ac.cd/fac/fssap/wp-content/uploads/2023/09/1.jpeg]
[www.unikin.ac.cd/fac/fssap/2023/09/17/visite-de-la-fssap-par-la-directrice-de-linstitut-francais-de-kinshasa-madame-francoise-balais/index.html]
[www.unikin.ac.cd/fac/fssap/2023/09/12/communique/index.html]
[www.unikin.ac.cd/fac/fssap/2023/09/11/activite-2/index.html]
[www.unikin.ac.cd/fac/fssap/2023/09/11/remise-des-brevets-par-le-doyen-de-la-faculte-aux-doctorants-des-spa/index.html]
[www.unikin.ac.cd/fac/fssap/wp-json/oembed/1.0/embed6417]
[www.unikin.ac.cd/fac/fssap/wp-json/oembed/1.0/embedeb46]
[www.unikin.ac.cd/fac/fssap/wp-json/wp/v2/pages/20]
[www.unikin.ac.cd/fac/fssap/index341b.html]
[www.unikin.ac.cd/fac/fssap/category/departements/feed/index.html]
[www.unikin.ac.cd/fac/fssap/wp-json/wp/v2/categories/3]
[www.unikin.ac.cd/fac/fssap/2025/10/09/defense-de-memoire-de-d-e-a-de-lassistant-christian-yenyi-odimula/feed/index.html]
[www.unikin.ac.cd/fac/fssap/wp-json/oembed/1.0/embed2717]
[www.unikin.ac.cd/fac/fssap/wp-json/oembed/1.0/embeda018]
[www.unikin.ac.cd/fac/fssap/wp-json/wp/v2/posts/304]
[www.unikin.ac.cd/fac/fssap/indexdd01.html]
[www.unikin.ac.cd/fac/fssap/author/john/index.html]
[www.unikin.ac.cd/fac/fssap/wp-content/uploads/2025/10/IMG-20251005-WA0034.jpg]
[www.unikin.ac.cd/fac/fssap/wp-content/uploads/2025/10/IMG-20251005-WA0036.jpg]
[www.unikin.ac.cd/fac/fssap/wp-content/uploads/2025/10/IMG-20251005-WA0042.jpg]
[www.unikin.ac.cd/fac/fssap/wp-content/uploads/2025/10/IMG-20251005-WA0030.jpg]
[www.unikin.ac.cd/fac/fssap/wp-content/uploads/2025/10/IMG-20251005-WA0029.jpg]
[www.unikin.ac.cd/fac/fssap/wp-content/uploads/2025/10/IMG-20251005-WA0041.jpg]
[www.unikin.ac.cd/fac/fssap/wp-content/uploads/2025/10/IMG-20251005-WA0024.jpg]
[www.unikin.ac.cd/fac/fssap/2025/09/17/defense-de-d-e-a-de-lassistant-arsene-mingashanga-mboyo/feed/index.html]
[www.unikin.ac.cd/fac/fssap/wp-json/oembed/1.0/embedcacc]
[www.unikin.ac.cd/fac/fssap/wp-json/oembed/1.0/embeda440]
[www.unikin.ac.cd/fac/fssap/wp-json/wp/v2/posts/283]
[www.unikin.ac.cd/fac/fssap/index30e3.html]
[www.unikin.ac.cd/fac/fssap/wp-content/uploads/2025/09/ARS-1.jpeg]
[www.unikin.ac.cd/fac/fssap/wp-content/uploads/2025/09/ARS-2.jpeg]
[www.unikin.ac.cd/fac/fssap/wp-content/uploads/2025/09/ARS-7.jpeg]
[www.unikin.ac.cd/fac/fssap/wp-content/uploads/2025/09/ARS-6.jpeg]
[www.unikin.ac.cd/fac/fssap/wp-content/uploads/2025/09/ARS-0.jpeg]
[www.unikin.ac.cd/fac/fssap/2024/12/04/communique-necrologique/feed/index.html]
[www.unikin.ac.cd/fac/fssap/wp-json/oembed/1.0/embed73a3]
[www.unikin.ac.cd/fac/fssap/wp-json/oembed/1.0/embed7084]
[www.unikin.ac.cd/fac/fssap/wp-json/wp/v2/posts/279]
[www.unikin.ac.cd/fac/fssap/index45c8.html]
[www.unikin.ac.cd/fac/fssap/2024/09/02/vernissage-de-louvrage-du-professeur-jose-mvuezolo-bazonzi/feed/index.html]
[www.unikin.ac.cd/fac/fssap/wp-json/oembed/1.0/embed8f78]
[www.unikin.ac.cd/fac/fssap/wp-json/oembed/1.0/embedd095]
[www.unikin.ac.cd/fac/fssap/wp-json/wp/v2/posts/258]
[www.unikin.ac.cd/fac/fssap/indexb773.html]
[www.unikin.ac.cd/fac/fssap/wp-content/uploads/2024/09/VLJ15.jpeg]
[www.unikin.ac.cd/fac/fssap/wp-content/uploads/2024/09/VLJ13.jpeg]
[www.unikin.ac.cd/fac/fssap/wp-content/uploads/2024/09/VLJ11.jpeg]
[www.unikin.ac.cd/fac/fssap/wp-content/uploads/2024/09/VLJ5.jpeg]
[www.unikin.ac.cd/fac/fssap/wp-content/uploads/2024/09/VLJ8.jpeg]
[www.unikin.ac.cd/fac/fssap/wp-content/uploads/2024/09/VLJ16.jpeg]
[www.unikin.ac.cd/fac/fssap/wp-content/uploads/2024/09/VLJ1.jpeg]
[www.unikin.ac.cd/fac/fssap/wp-content/uploads/2024/09/VLJ14.jpeg]
[www.unikin.ac.cd/fac/fssap/2024/08/29/seminaire-de-renforcement-des-capacites-sur-la-redaction-dun-article-scientifique-de-portee-internationale/feed/index.html]
[www.unikin.ac.cd/fac/fssap/wp-json/oembed/1.0/embedaf11]
[www.unikin.ac.cd/fac/fssap/wp-json/oembed/1.0/embed00db]
[www.unikin.ac.cd/fac/fssap/wp-json/wp/v2/posts/241]
[www.unikin.ac.cd/fac/fssap/index03e1.html]
[www.unikin.ac.cd/fac/fssap/wp-content/uploads/2024/08/RF10.jpeg]
[www.unikin.ac.cd/fac/fssap/wp-content/uploads/2024/08/RF2.jpeg]
[www.unikin.ac.cd/fac/fssap/wp-content/uploads/2024/08/RF14.jpeg]
[www.unikin.ac.cd/fac/fssap/wp-content/uploads/2024/08/RF5.jpeg]
[www.unikin.ac.cd/fac/fssap/wp-content/uploads/2024/08/RF11.jpeg]
[www.unikin.ac.cd/fac/fssap/wp-content/uploads/2024/08/RF0.jpeg]
[www.unikin.ac.cd/fac/fssap/wp-content/uploads/2024/08/RF1.jpeg]
[www.unikin.ac.cd/fac/fssap/wp-content/uploads/2024/08/RF12.jpeg]
[www.unikin.ac.cd/fac/fssap/2023/10/07/visite-du-dr-kambele-kavinga/feed/index.html]
[www.unikin.ac.cd/fac/fssap/wp-json/oembed/1.0/embed032e]
[www.unikin.ac.cd/fac/fssap/wp-json/oembed/1.0/embedeeb5]
[www.unikin.ac.cd/fac/fssap/wp-json/wp/v2/posts/135]
[www.unikin.ac.cd/fac/fssap/index86fa.html]
[www.unikin.ac.cd/fac/fssap/wp-content/uploads/2023/10/Dr-kambale-1.jpeg]
[www.unikin.ac.cd/fac/fssap/2023/09/28/defense-de-memoire-de-dea-de-la-chef-des-travaux-cesarine-bodi-yandi-voso/feed/index.html]
[www.unikin.ac.cd/fac/fssap/wp-json/oembed/1.0/embed3ad6]
[www.unikin.ac.cd/fac/fssap/wp-json/oembed/1.0/embed4287]
[www.unikin.ac.cd/fac/fssap/wp-json/wp/v2/posts/130]
[www.unikin.ac.cd/fac/fssap/index8b4e.html]
[www.unikin.ac.cd/fac/fssap/wp-content/uploads/2023/09/MASOEUR-3.jpg]
[www.unikin.ac.cd/fac/fssap/wp-content/uploads/2023/09/MASOEUR-4.jpg]
[www.unikin.ac.cd/fac/fssap/2023/09/25/visite-du-professeur-patrick-devligier-de-la-kuleuven/feed/index.html]
[www.unikin.ac.cd/fac/fssap/wp-json/oembed/1.0/embeddc5f]
[www.unikin.ac.cd/fac/fssap/wp-json/oembed/1.0/embed0d3f]
[www.unikin.ac.cd/fac/fssap/wp-json/wp/v2/posts/121]
[www.unikin.ac.cd/fac/fssap/indexe856.html]
[www.unikin.ac.cd/fac/fssap/wp-content/uploads/2023/09/2-1.jpeg]
[www.unikin.ac.cd/fac/fssap/wp-content/uploads/2023/09/3-1.jpeg]
[www.unikin.ac.cd/fac/fssap/2023/09/18/visite-du-doyen-de-la-fssap-de-luniversite-simon-kimbangu-ce-lundi-18-septembre-2023/feed/index.html]
[www.unikin.ac.cd/fac/fssap/wp-json/oembed/1.0/embed8215]
[www.unikin.ac.cd/fac/fssap/wp-json/oembed/1.0/embedb5a4]
[www.unikin.ac.cd/fac/fssap/wp-json/wp/v2/posts/115]
[www.unikin.ac.cd/fac/fssap/index0a10.html]
[www.unikin.ac.cd/fac/fssap/wp-content/uploads/2023/09/2.jpeg]
[www.unikin.ac.cd/fac/fssap/wp-json/oembed/1.0/embedede7]
[www.unikin.ac.cd/fac/fssap/wp-json/oembed/1.0/embed8a1a]
[www.unikin.ac.cd/fac/fssap/wp-json/wp/v2/posts/41]
[www.unikin.ac.cd/fac/fssap/indexcbb6.html]
[www.unikin.ac.cd/fac/fssap/author/fssap/index.html]
[www.unikin.ac.cd/fac/fssap/wp-json/oembed/1.0/embed3b36]
[www.unikin.ac.cd/fac/fssap/wp-json/oembed/1.0/embed1610]
[www.unikin.ac.cd/fac/fssap/wp-json/wp/v2/posts/39]
[www.unikin.ac.cd/fac/fssap/indexba52.html]
[www.unikin.ac.cd/fac/fssap/wp-json/oembed/1.0/embedefad]
[www.unikin.ac.cd/fac/fssap/wp-json/oembed/1.0/embed8887]
[www.unikin.ac.cd/fac/fssap/wp-json/wp/v2/posts/37]
[www.unikin.ac.cd/fac/fssap/index4837.html]
[www.unikin.ac.cd/fac/fssap/wp-json/oembed/1.0/embed26e1]
[www.unikin.ac.cd/fac/fssap/wp-json/oembed/1.0/embed7f22]
[www.unikin.ac.cd/fac/fssap/wp-json/wp/v2/posts/35]
[www.unikin.ac.cd/fac/fssap/index5c90.html]
[www.unikin.ac.cd/fac/fssap/wp-json/oembed/1.0/embed6928]
[www.unikin.ac.cd/fac/fssap/wp-json/oembed/1.0/embedffc4]
[www.unikin.ac.cd/fac/fssap/wp-json/wp/v2/posts/33]
[www.unikin.ac.cd/fac/fssap/indexdd23.html]
[www.unikin.ac.cd/musee/projet]
[www.unikin.ac.cd/musee/images/projets/restitutionWBI/WhatsApp Image 2026-01-18 at 11.35.32 AM.jpeg]
[www.unikin.ac.cd/musee/images/projets/restitutionWBI/WhatsApp Image 2026-01-18 at 11.35.33 AM.jpeg]
[www.unikin.ac.cd/musee/images/projets/restitutionWBI/WhatsApp Image 2026-01-18 at 11.35.33 AM2.jpeg]
[www.unikin.ac.cd/musee/images/projets/restitutionWBI/WhatsApp Image 2026-01-18 at 11.35.34 A2M.jpeg]
[www.unikin.ac.cd/musee/images/projets/restitutionWBI/WhatsApp Image 2026-01-18 at 11.35.34 AM.jpeg]
[www.unikin.ac.cd/musee/images/projets/restitutionWBI/WhatsApp Image 2026-01-18 at 11.35.35 2AM.jpeg]
[www.unikin.ac.cd/musee/images/projets/lacunes/DSC_0264.JPG]
[www.unikin.ac.cd/musee/images/projets/lacunes/DSC_0265.JPG]
[www.unikin.ac.cd/musee/images/projets/lacunes/DSC_0299.JPG]
[www.unikin.ac.cd/musee/images/projets/lacunes/DSC_0320.JPG]
[www.unikin.ac.cd/musee/images/projets/lacunes/DSC_0364.JPG]
[www.unikin.ac.cd/musee/leboss/gal/661c886800877IMG_20221017_144703_807.jpg]
[www.unikin.ac.cd/musee/leboss/gal/661c88723091dIMG_20221017_144709_583.jpg]
[www.unikin.ac.cd/musee/leboss/gal/661c8993c91e9IMG_20221017_145252_732.jpg]
[www.unikin.ac.cd/musee/leboss/gal/661c8a152406aIMG_20221017_145246_200.jpg]
[www.unikin.ac.cd/musee/leboss/gal/661c6bd36ecb5image_1_c.JPG]
[www.unikin.ac.cd/musee/leboss/gal/661c6c3052dc8image_1.JPG]
[www.unikin.ac.cd/musee/leboss/gal/661c7026bc826image_1_B.JPG]
[www.unikin.ac.cd/musee/leboss/gal/661c84dc24a6dimage_3_Aa.JPG]
[www.unikin.ac.cd/musee/leboss/gal/661c84ee56809image_3_.JPG]
[www.unikin.ac.cd/musee/leboss/gal/661c852835c1fimage_3_B.JPG]
[www.unikin.ac.cd/musee/leboss/gal/661c853c05aacimage_3_Ca.JPG]
[www.unikin.ac.cd/oipr/public/frontend/css/icons/font-awesome/webfonts/fa-brands-400.eot]
[www.unikin.ac.cd/oipr/public/frontend/css/icons/font-awesome/webfonts/fa-brands-400d41d.eot]
[www.unikin.ac.cd/oipr/public/frontend/css/icons/font-awesome/webfonts/fa-brands-400.woff2]
[www.unikin.ac.cd/oipr/public/frontend/css/icons/font-awesome/webfonts/fa-brands-400.woff]
[www.unikin.ac.cd/oipr/public/frontend/css/icons/font-awesome/webfonts/fa-brands-400.ttf]
[www.unikin.ac.cd/oipr/public/frontend/css/icons/font-awesome/webfonts/fa-brands-400.svg]
[www.unikin.ac.cd/oipr/public/frontend/css/icons/font-awesome/webfonts/fa-regular-400.eot]
[www.unikin.ac.cd/oipr/public/frontend/css/icons/font-awesome/webfonts/fa-regular-400d41d.eot]
[www.unikin.ac.cd/oipr/public/frontend/css/icons/font-awesome/webfonts/fa-regular-400.woff2]
[www.unikin.ac.cd/oipr/public/frontend/css/icons/font-awesome/webfonts/fa-regular-400.woff]
[www.unikin.ac.cd/oipr/public/frontend/css/icons/font-awesome/webfonts/fa-regular-400.ttf]
[www.unikin.ac.cd/oipr/public/frontend/css/icons/font-awesome/webfonts/fa-regular-400.svg]
[www.unikin.ac.cd/oipr/public/frontend/css/icons/font-awesome/webfonts/fa-solid-900.eot]
[www.unikin.ac.cd/oipr/public/frontend/css/icons/font-awesome/webfonts/fa-solid-900d41d.eot]
[www.unikin.ac.cd/oipr/public/frontend/css/icons/font-awesome/webfonts/fa-solid-900.woff2]
[www.unikin.ac.cd/oipr/public/frontend/css/icons/font-awesome/webfonts/fa-solid-900.woff]
[www.unikin.ac.cd/oipr/public/frontend/css/icons/font-awesome/webfonts/fa-solid-900.ttf]
[www.unikin.ac.cd/oipr/public/frontend/css/icons/font-awesome/webfonts/fa-solid-900.svg]
[www.unikin.ac.cd/oipr/public/frontend/css/icons/simple-line-icons/fonts/Simple-Line-Icons4c82.eot]
[www.unikin.ac.cd/oipr/public/frontend/css/icons/simple-line-icons/fonts/Simple-Line-Iconsd41d.eot]
[www.unikin.ac.cd/oipr/public/frontend/css/icons/simple-line-icons/fonts/Simple-Line-Icons4c82.ttf]
[www.unikin.ac.cd/oipr/public/frontend/css/icons/simple-line-icons/fonts/Simple-Line-Icons4c82.woff2]
[www.unikin.ac.cd/oipr/public/frontend/css/icons/simple-line-icons/fonts/Simple-Line-Icons4c82.woff]
[www.unikin.ac.cd/oipr/public/frontend/css/icons/simple-line-icons/fonts/Simple-Line-Icons4c82.svg]
[www.unikin.ac.cd/oipr/public/frontend/css/icons/weather-icons/fonts/weathericons-regular-webfont.eot]
[www.unikin.ac.cd/oipr/public/frontend/css/icons/linea-icons/fonts/linea-arrows-10.eot]
[www.unikin.ac.cd/oipr/public/frontend/css/icons/linea-icons/fonts/linea-arrows-10d41d.eot]
[www.unikin.ac.cd/oipr/public/frontend/css/icons/linea-icons/fonts/linea-arrows-10.woff]
[www.unikin.ac.cd/oipr/public/frontend/css/icons/linea-icons/fonts/linea-arrows-10.ttf]
[www.unikin.ac.cd/oipr/public/frontend/css/icons/linea-icons/fonts/linea-arrows-10.svg]
[www.unikin.ac.cd/oipr/public/frontend/css/icons/linea-icons/fonts/linea-basic-10.eot]
[www.unikin.ac.cd/oipr/public/frontend/css/icons/linea-icons/fonts/linea-basic-10d41d.eot]
[www.unikin.ac.cd/oipr/public/frontend/css/icons/linea-icons/fonts/linea-basic-10.woff]
[www.unikin.ac.cd/oipr/public/frontend/css/icons/linea-icons/fonts/linea-basic-10.ttf]
[www.unikin.ac.cd/oipr/public/frontend/css/icons/linea-icons/fonts/linea-basic-10.svg]
[www.unikin.ac.cd/oipr/public/frontend/css/icons/linea-icons/fonts/linea-basic-elaboration-10.eot]
[www.unikin.ac.cd/oipr/public/frontend/css/icons/linea-icons/fonts/linea-basic-elaboration-10d41d.eot]
[www.unikin.ac.cd/oipr/public/frontend/css/icons/linea-icons/fonts/linea-basic-elaboration-10.woff]
[www.unikin.ac.cd/oipr/public/frontend/css/icons/linea-icons/fonts/linea-basic-elaboration-10.ttf]
[www.unikin.ac.cd/oipr/public/frontend/css/icons/linea-icons/fonts/linea-basic-elaboration-10.svg]
[www.unikin.ac.cd/oipr/public/frontend/css/icons/linea-icons/fonts/linea-ecommerce-10.eot]
[www.unikin.ac.cd/oipr/public/frontend/css/icons/linea-icons/fonts/linea-ecommerce-10d41d.eot]
[www.unikin.ac.cd/oipr/public/frontend/css/icons/linea-icons/fonts/linea-ecommerce-10.woff]
[www.unikin.ac.cd/oipr/public/frontend/css/icons/linea-icons/fonts/linea-ecommerce-10.ttf]
[www.unikin.ac.cd/oipr/public/frontend/css/icons/linea-icons/fonts/linea-ecommerce-10.svg]
[www.unikin.ac.cd/oipr/public/frontend/css/icons/linea-icons/fonts/linea-music-10.eot]
[www.unikin.ac.cd/oipr/public/frontend/css/icons/linea-icons/fonts/linea-music-10d41d.eot]
[www.unikin.ac.cd/oipr/public/frontend/css/icons/linea-icons/fonts/linea-music-10.woff]
[www.unikin.ac.cd/oipr/public/frontend/css/icons/linea-icons/fonts/linea-music-10.ttf]
[www.unikin.ac.cd/oipr/public/frontend/css/icons/linea-icons/fonts/linea-music-10.svg]
[www.unikin.ac.cd/oipr/public/frontend/css/icons/linea-icons/fonts/linea-software-10.eot]
[www.unikin.ac.cd/oipr/public/frontend/css/icons/linea-icons/fonts/linea-software-10d41d.eot]
[www.unikin.ac.cd/oipr/public/frontend/css/icons/linea-icons/fonts/linea-software-10.woff]
[www.unikin.ac.cd/oipr/public/frontend/css/icons/linea-icons/fonts/linea-software-10.ttf]
[www.unikin.ac.cd/oipr/public/frontend/css/icons/linea-icons/fonts/linea-software-10.svg]
[www.unikin.ac.cd/oipr/public/frontend/css/icons/linea-icons/fonts/linea-weather-10.eot]
[www.unikin.ac.cd/oipr/public/frontend/css/icons/linea-icons/fonts/linea-weather-10d41d.eot]
[www.unikin.ac.cd/oipr/public/frontend/css/icons/linea-icons/fonts/linea-weather-10.woff]
[www.unikin.ac.cd/oipr/public/frontend/css/icons/linea-icons/fonts/linea-weather-10.ttf]
[www.unikin.ac.cd/oipr/public/frontend/css/icons/linea-icons/fonts/linea-weather-10.svg]
[www.unikin.ac.cd/oipr/public/frontend/css/icons/themify-icons/fonts/themify9f24.eot]
[www.unikin.ac.cd/oipr/public/frontend/css/icons/themify-icons/fonts/themifyd41d.eot]
[www.unikin.ac.cd/oipr/public/frontend/css/icons/themify-icons/fonts/themify.woff]
[www.unikin.ac.cd/oipr/public/frontend/css/icons/themify-icons/fonts/themify.ttf]
[www.unikin.ac.cd/oipr/public/frontend/css/icons/themify-icons/fonts/themify9f24.svg]
[www.unikin.ac.cd/oipr/public/frontend/css/icons/flag-icon-css/flags/ad.svg]
[www.unikin.ac.cd/oipr/public/frontend/css/icons/flag-icon-css/flags/ae.svg]
[www.unikin.ac.cd/oipr/public/frontend/css/icons/flag-icon-css/flags/af.svg]
[www.unikin.ac.cd/oipr/public/frontend/css/icons/flag-icon-css/flags/ag.svg]
[www.unikin.ac.cd/oipr/public/frontend/css/icons/flag-icon-css/flags/ai.svg]
[www.unikin.ac.cd/oipr/public/frontend/css/icons/flag-icon-css/flags/al.svg]
[www.unikin.ac.cd/oipr/public/frontend/css/icons/flag-icon-css/flags/am.svg]
[www.unikin.ac.cd/oipr/public/frontend/css/icons/flag-icon-css/flags/ao.svg]
[www.unikin.ac.cd/oipr/public/frontend/css/icons/flag-icon-css/flags/aq.svg]
[www.unikin.ac.cd/oipr/public/frontend/css/icons/flag-icon-css/flags/ar.svg]
[www.unikin.ac.cd/oipr/public/frontend/css/icons/flag-icon-css/flags/as.svg]
[www.unikin.ac.cd/oipr/public/frontend/css/icons/flag-icon-css/flags/at.svg]
[www.unikin.ac.cd/oipr/public/frontend/css/icons/flag-icon-css/flags/au.svg]
[www.unikin.ac.cd/oipr/public/frontend/css/icons/flag-icon-css/flags/aw.svg]
[www.unikin.ac.cd/oipr/public/frontend/css/icons/flag-icon-css/flags/ax.svg]
[www.unikin.ac.cd/oipr/public/frontend/css/icons/flag-icon-css/flags/az.svg]
[www.unikin.ac.cd/oipr/public/frontend/css/icons/flag-icon-css/flags/ba.svg]
[www.unikin.ac.cd/oipr/public/frontend/css/icons/flag-icon-css/flags/bb.svg]
[www.unikin.ac.cd/oipr/public/frontend/css/icons/flag-icon-css/flags/bd.svg]
[www.unikin.ac.cd/oipr/public/frontend/css/icons/flag-icon-css/flags/be.svg]
[www.unikin.ac.cd/oipr/public/frontend/css/icons/flag-icon-css/flags/bf.svg]
[www.unikin.ac.cd/oipr/public/frontend/css/icons/flag-icon-css/flags/bg.svg]
[www.unikin.ac.cd/oipr/public/frontend/css/icons/flag-icon-css/flags/bh.svg]
[www.unikin.ac.cd/oipr/public/frontend/css/icons/flag-icon-css/flags/bi.svg]
[www.unikin.ac.cd/oipr/public/frontend/css/icons/flag-icon-css/flags/bj.svg]
[www.unikin.ac.cd/oipr/public/frontend/css/icons/flag-icon-css/flags/bl.svg]
[www.unikin.ac.cd/oipr/public/frontend/css/icons/flag-icon-css/flags/bm.svg]
[www.unikin.ac.cd/oipr/public/frontend/css/icons/flag-icon-css/flags/bn.svg]
[www.unikin.ac.cd/oipr/public/frontend/css/icons/flag-icon-css/flags/bo.svg]
[www.unikin.ac.cd/oipr/public/frontend/css/icons/flag-icon-css/flags/bq.svg]
[www.unikin.ac.cd/oipr/public/frontend/css/icons/flag-icon-css/flags/br.svg]
[www.unikin.ac.cd/oipr/public/frontend/css/icons/flag-icon-css/flags/bs.svg]
[www.unikin.ac.cd/oipr/public/frontend/css/icons/flag-icon-css/flags/bt.svg]
[www.unikin.ac.cd/oipr/public/frontend/css/icons/flag-icon-css/flags/bv.svg]
[www.unikin.ac.cd/oipr/public/frontend/css/icons/flag-icon-css/flags/bw.svg]
[www.unikin.ac.cd/oipr/public/frontend/css/icons/flag-icon-css/flags/by.svg]
[www.unikin.ac.cd/oipr/public/frontend/css/icons/flag-icon-css/flags/bz.svg]
[www.unikin.ac.cd/oipr/public/frontend/css/icons/flag-icon-css/flags/ca.svg]
[www.unikin.ac.cd/oipr/public/frontend/css/icons/flag-icon-css/flags/cc.svg]
[www.unikin.ac.cd/oipr/public/frontend/css/icons/flag-icon-css/flags/cd.svg]
[www.unikin.ac.cd/oipr/public/frontend/css/icons/flag-icon-css/flags/cf.svg]
[www.unikin.ac.cd/oipr/public/frontend/css/icons/flag-icon-css/flags/cg.svg]
[www.unikin.ac.cd/oipr/public/frontend/css/icons/flag-icon-css/flags/ch.svg]
[www.unikin.ac.cd/oipr/public/frontend/css/icons/flag-icon-css/flags/ci.svg]
[www.unikin.ac.cd/oipr/public/frontend/css/icons/flag-icon-css/flags/ck.svg]
[www.unikin.ac.cd/oipr/public/frontend/css/icons/flag-icon-css/flags/cl.svg]
[www.unikin.ac.cd/oipr/public/frontend/css/icons/flag-icon-css/flags/cm.svg]
[www.unikin.ac.cd/oipr/public/frontend/css/icons/flag-icon-css/flags/cn.svg]
[www.unikin.ac.cd/oipr/public/frontend/css/icons/flag-icon-css/flags/co.svg]
[www.unikin.ac.cd/oipr/public/frontend/css/icons/flag-icon-css/flags/cr.svg]
[www.unikin.ac.cd/oipr/public/frontend/css/icons/flag-icon-css/flags/cu.svg]
[www.unikin.ac.cd/oipr/public/frontend/css/icons/flag-icon-css/flags/cv.svg]
[www.unikin.ac.cd/oipr/public/frontend/css/icons/flag-icon-css/flags/cw.svg]
[www.unikin.ac.cd/oipr/public/frontend/css/icons/flag-icon-css/flags/cx.svg]
[www.unikin.ac.cd/oipr/public/frontend/css/icons/flag-icon-css/flags/cy.svg]
[www.unikin.ac.cd/oipr/public/frontend/css/icons/flag-icon-css/flags/cz.svg]
[www.unikin.ac.cd/oipr/public/frontend/css/icons/flag-icon-css/flags/de.svg]
[www.unikin.ac.cd/oipr/public/frontend/css/icons/flag-icon-css/flags/dj.svg]
[www.unikin.ac.cd/oipr/public/frontend/css/icons/flag-icon-css/flags/dk.svg]
[www.unikin.ac.cd/oipr/public/frontend/css/icons/flag-icon-css/flags/dm.svg]
[www.unikin.ac.cd/oipr/public/frontend/css/icons/flag-icon-css/flags/do.svg]
[www.unikin.ac.cd/oipr/public/frontend/css/icons/flag-icon-css/flags/dz.svg]
[www.unikin.ac.cd/oipr/public/frontend/css/icons/flag-icon-css/flags/ec.svg]
[www.unikin.ac.cd/oipr/public/frontend/css/icons/flag-icon-css/flags/ee.svg]
[www.unikin.ac.cd/oipr/public/frontend/css/icons/flag-icon-css/flags/eg.svg]
[www.unikin.ac.cd/oipr/public/frontend/css/icons/flag-icon-css/flags/eh.svg]
[www.unikin.ac.cd/oipr/public/frontend/css/icons/flag-icon-css/flags/er.svg]
[www.unikin.ac.cd/oipr/public/frontend/css/icons/flag-icon-css/flags/es.svg]
[www.unikin.ac.cd/oipr/public/frontend/css/icons/flag-icon-css/flags/et.svg]
[www.unikin.ac.cd/oipr/public/frontend/css/icons/flag-icon-css/flags/fi.svg]
[www.unikin.ac.cd/oipr/public/frontend/css/icons/flag-icon-css/flags/fj.svg]
[www.unikin.ac.cd/oipr/public/frontend/css/icons/flag-icon-css/flags/fk.svg]
[www.unikin.ac.cd/oipr/public/frontend/css/icons/flag-icon-css/flags/fm.svg]
[www.unikin.ac.cd/oipr/public/frontend/css/icons/flag-icon-css/flags/fo.svg]
[www.unikin.ac.cd/oipr/public/frontend/css/icons/flag-icon-css/flags/fr.svg]
[www.unikin.ac.cd/oipr/public/frontend/css/icons/flag-icon-css/flags/ga.svg]
[www.unikin.ac.cd/oipr/public/frontend/css/icons/flag-icon-css/flags/gb.svg]
[www.unikin.ac.cd/oipr/public/frontend/css/icons/flag-icon-css/flags/gd.svg]
[www.unikin.ac.cd/oipr/public/frontend/css/icons/flag-icon-css/flags/ge.svg]
[www.unikin.ac.cd/oipr/public/frontend/css/icons/flag-icon-css/flags/gf.svg]
[www.unikin.ac.cd/oipr/public/frontend/css/icons/flag-icon-css/flags/gg.svg]
[www.unikin.ac.cd/oipr/public/frontend/css/icons/flag-icon-css/flags/gh.svg]
[www.unikin.ac.cd/oipr/public/frontend/css/icons/flag-icon-css/flags/gi.svg]
[www.unikin.ac.cd/oipr/public/frontend/css/icons/flag-icon-css/flags/gl.svg]
[www.unikin.ac.cd/oipr/public/frontend/css/icons/flag-icon-css/flags/gm.svg]
[www.unikin.ac.cd/oipr/public/frontend/css/icons/flag-icon-css/flags/gn.svg]
[www.unikin.ac.cd/oipr/public/frontend/css/icons/flag-icon-css/flags/gp.svg]
[www.unikin.ac.cd/oipr/public/frontend/css/icons/flag-icon-css/flags/gq.svg]
[www.unikin.ac.cd/oipr/public/frontend/css/icons/flag-icon-css/flags/gr.svg]
[www.unikin.ac.cd/oipr/public/frontend/css/icons/flag-icon-css/flags/gs.svg]
[www.unikin.ac.cd/oipr/public/frontend/css/icons/flag-icon-css/flags/gt.svg]
[www.unikin.ac.cd/oipr/public/frontend/css/icons/flag-icon-css/flags/gu.svg]
[www.unikin.ac.cd/oipr/public/frontend/css/icons/flag-icon-css/flags/gw.svg]
[www.unikin.ac.cd/oipr/public/frontend/css/icons/flag-icon-css/flags/gy.svg]
[www.unikin.ac.cd/oipr/public/frontend/css/icons/flag-icon-css/flags/hk.svg]
[www.unikin.ac.cd/oipr/public/frontend/css/icons/flag-icon-css/flags/hm.svg]
[www.unikin.ac.cd/oipr/public/frontend/css/icons/flag-icon-css/flags/hn.svg]
[www.unikin.ac.cd/oipr/public/frontend/css/icons/flag-icon-css/flags/hr.svg]
[www.unikin.ac.cd/oipr/public/frontend/css/icons/flag-icon-css/flags/ht.svg]
[www.unikin.ac.cd/oipr/public/frontend/css/icons/flag-icon-css/flags/hu.svg]
[www.unikin.ac.cd/oipr/public/frontend/css/icons/flag-icon-css/flags/id.svg]
[www.unikin.ac.cd/oipr/public/frontend/css/icons/flag-icon-css/flags/ie.svg]
[www.unikin.ac.cd/oipr/public/frontend/css/icons/flag-icon-css/flags/il.svg]
[www.unikin.ac.cd/oipr/public/frontend/css/icons/flag-icon-css/flags/im.svg]
[www.unikin.ac.cd/oipr/public/frontend/css/icons/flag-icon-css/flags/in.svg]
[www.unikin.ac.cd/oipr/public/frontend/css/icons/flag-icon-css/flags/io.svg]
[www.unikin.ac.cd/oipr/public/frontend/css/icons/flag-icon-css/flags/iq.svg]
[www.unikin.ac.cd/oipr/public/frontend/css/icons/flag-icon-css/flags/ir.svg]
[www.unikin.ac.cd/oipr/public/frontend/css/icons/flag-icon-css/flags/is.svg]
[www.unikin.ac.cd/oipr/public/frontend/css/icons/flag-icon-css/flags/it.svg]
[www.unikin.ac.cd/oipr/public/frontend/css/icons/flag-icon-css/flags/je.svg]
[www.unikin.ac.cd/oipr/public/frontend/css/icons/flag-icon-css/flags/jm.svg]
[www.unikin.ac.cd/oipr/public/frontend/css/icons/flag-icon-css/flags/jo.svg]
[www.unikin.ac.cd/oipr/public/frontend/css/icons/flag-icon-css/flags/jp.svg]
[www.unikin.ac.cd/oipr/public/frontend/css/icons/flag-icon-css/flags/ke.svg]
[www.unikin.ac.cd/oipr/public/frontend/css/icons/flag-icon-css/flags/kg.svg]
[www.unikin.ac.cd/oipr/public/frontend/css/icons/flag-icon-css/flags/kh.svg]
[www.unikin.ac.cd/oipr/public/frontend/css/icons/flag-icon-css/flags/ki.svg]
[www.unikin.ac.cd/oipr/public/frontend/css/icons/flag-icon-css/flags/km.svg]
[www.unikin.ac.cd/oipr/public/frontend/css/icons/flag-icon-css/flags/kn.svg]
[www.unikin.ac.cd/oipr/public/frontend/css/icons/flag-icon-css/flags/kp.svg]
[www.unikin.ac.cd/oipr/public/frontend/css/icons/flag-icon-css/flags/kr.svg]
[www.unikin.ac.cd/oipr/public/frontend/css/icons/flag-icon-css/flags/kw.svg]
[www.unikin.ac.cd/oipr/public/frontend/css/icons/flag-icon-css/flags/ky.svg]
[www.unikin.ac.cd/oipr/public/frontend/css/icons/flag-icon-css/flags/kz.svg]
[www.unikin.ac.cd/oipr/public/frontend/css/icons/flag-icon-css/flags/la.svg]
[www.unikin.ac.cd/oipr/public/frontend/css/icons/flag-icon-css/flags/lb.svg]
[www.unikin.ac.cd/oipr/public/frontend/css/icons/flag-icon-css/flags/lc.svg]
[www.unikin.ac.cd/oipr/public/frontend/css/icons/flag-icon-css/flags/li.svg]
[www.unikin.ac.cd/oipr/public/frontend/css/icons/flag-icon-css/flags/lk.svg]
[www.unikin.ac.cd/oipr/public/frontend/css/icons/flag-icon-css/flags/lr.svg]
[www.unikin.ac.cd/oipr/public/frontend/css/icons/flag-icon-css/flags/ls.svg]
[www.unikin.ac.cd/oipr/public/frontend/css/icons/flag-icon-css/flags/lt.svg]
[www.unikin.ac.cd/oipr/public/frontend/css/icons/flag-icon-css/flags/lu.svg]
[www.unikin.ac.cd/oipr/public/frontend/css/icons/flag-icon-css/flags/lv.svg]
[www.unikin.ac.cd/oipr/public/frontend/css/icons/flag-icon-css/flags/ly.svg]
[www.unikin.ac.cd/oipr/public/frontend/css/icons/flag-icon-css/flags/ma.svg]
[www.unikin.ac.cd/oipr/public/frontend/css/icons/flag-icon-css/flags/mc.svg]
[www.unikin.ac.cd/oipr/public/frontend/css/icons/flag-icon-css/flags/md.svg]
[www.unikin.ac.cd/oipr/public/frontend/css/icons/flag-icon-css/flags/me.svg]
[www.unikin.ac.cd/oipr/public/frontend/css/icons/flag-icon-css/flags/mf.svg]
[www.unikin.ac.cd/oipr/public/frontend/css/icons/flag-icon-css/flags/mg.svg]
[www.unikin.ac.cd/oipr/public/frontend/css/icons/flag-icon-css/flags/mh.svg]
[www.unikin.ac.cd/oipr/public/frontend/css/icons/flag-icon-css/flags/mk.svg]
[www.unikin.ac.cd/oipr/public/frontend/css/icons/flag-icon-css/flags/ml.svg]
[www.unikin.ac.cd/oipr/public/frontend/css/icons/flag-icon-css/flags/mm.svg]
[www.unikin.ac.cd/oipr/public/frontend/css/icons/flag-icon-css/flags/mn.svg]
[www.unikin.ac.cd/oipr/public/frontend/css/icons/flag-icon-css/flags/mo.svg]
[www.unikin.ac.cd/oipr/public/frontend/css/icons/flag-icon-css/flags/mp.svg]
[www.unikin.ac.cd/oipr/public/frontend/css/icons/flag-icon-css/flags/mq.svg]
[www.unikin.ac.cd/oipr/public/frontend/css/icons/flag-icon-css/flags/mr.svg]
[www.unikin.ac.cd/oipr/public/frontend/css/icons/flag-icon-css/flags/ms.svg]
[www.unikin.ac.cd/oipr/public/frontend/css/icons/flag-icon-css/flags/mt.svg]
[www.unikin.ac.cd/oipr/public/frontend/css/icons/flag-icon-css/flags/mu.svg]
[www.unikin.ac.cd/oipr/public/frontend/css/icons/flag-icon-css/flags/mv.svg]
[www.unikin.ac.cd/oipr/public/frontend/css/icons/flag-icon-css/flags/mw.svg]
[www.unikin.ac.cd/oipr/public/frontend/css/icons/flag-icon-css/flags/mx.svg]
[www.unikin.ac.cd/oipr/public/frontend/css/icons/flag-icon-css/flags/my.svg]
[www.unikin.ac.cd/oipr/public/frontend/css/icons/flag-icon-css/flags/mz.svg]
[www.unikin.ac.cd/oipr/public/frontend/css/icons/flag-icon-css/flags/na.svg]
[www.unikin.ac.cd/oipr/public/frontend/css/icons/flag-icon-css/flags/nc.svg]
[www.unikin.ac.cd/oipr/public/frontend/css/icons/flag-icon-css/flags/ne.svg]
[www.unikin.ac.cd/oipr/public/frontend/css/icons/flag-icon-css/flags/nf.svg]
[www.unikin.ac.cd/oipr/public/frontend/css/icons/flag-icon-css/flags/ng.svg]
[www.unikin.ac.cd/oipr/public/frontend/css/icons/flag-icon-css/flags/ni.svg]
[www.unikin.ac.cd/oipr/public/frontend/css/icons/flag-icon-css/flags/nl.svg]
[www.unikin.ac.cd/oipr/public/frontend/css/icons/flag-icon-css/flags/no.svg]
[www.unikin.ac.cd/oipr/public/frontend/css/icons/flag-icon-css/flags/np.svg]
[www.unikin.ac.cd/oipr/public/frontend/css/icons/flag-icon-css/flags/nr.svg]
[www.unikin.ac.cd/oipr/public/frontend/css/icons/flag-icon-css/flags/nu.svg]
[www.unikin.ac.cd/oipr/public/frontend/css/icons/flag-icon-css/flags/nz.svg]
[www.unikin.ac.cd/oipr/public/frontend/css/icons/flag-icon-css/flags/om.svg]
[www.unikin.ac.cd/oipr/public/frontend/css/icons/flag-icon-css/flags/pa.svg]
[www.unikin.ac.cd/oipr/public/frontend/css/icons/flag-icon-css/flags/pe.svg]
[www.unikin.ac.cd/oipr/public/frontend/css/icons/flag-icon-css/flags/pf.svg]
[www.unikin.ac.cd/oipr/public/frontend/css/icons/flag-icon-css/flags/pg.svg]
[www.unikin.ac.cd/oipr/public/frontend/css/icons/flag-icon-css/flags/ph.svg]
[www.unikin.ac.cd/oipr/public/frontend/css/icons/flag-icon-css/flags/pk.svg]
[www.unikin.ac.cd/oipr/public/frontend/css/icons/flag-icon-css/flags/pl.svg]
[www.unikin.ac.cd/oipr/public/frontend/css/icons/flag-icon-css/flags/pm.svg]
[www.unikin.ac.cd/oipr/public/frontend/css/icons/flag-icon-css/flags/pn.svg]
[www.unikin.ac.cd/oipr/public/frontend/css/icons/flag-icon-css/flags/pr.svg]
[www.unikin.ac.cd/oipr/public/frontend/css/icons/flag-icon-css/flags/ps.svg]
[www.unikin.ac.cd/oipr/public/frontend/css/icons/flag-icon-css/flags/pt.svg]
[www.unikin.ac.cd/oipr/public/frontend/css/icons/flag-icon-css/flags/pw.svg]
[www.unikin.ac.cd/oipr/public/frontend/css/icons/flag-icon-css/flags/py.svg]
[www.unikin.ac.cd/oipr/public/frontend/css/icons/flag-icon-css/flags/qa.svg]
[www.unikin.ac.cd/oipr/public/frontend/css/icons/flag-icon-css/flags/re.svg]
[www.unikin.ac.cd/oipr/public/frontend/css/icons/flag-icon-css/flags/ro.svg]
[www.unikin.ac.cd/oipr/public/frontend/css/icons/flag-icon-css/flags/rs.svg]
[www.unikin.ac.cd/oipr/public/frontend/css/icons/flag-icon-css/flags/ru.svg]
[www.unikin.ac.cd/oipr/public/frontend/css/icons/flag-icon-css/flags/rw.svg]
[www.unikin.ac.cd/oipr/public/frontend/css/icons/flag-icon-css/flags/sa.svg]
[www.unikin.ac.cd/oipr/public/frontend/css/icons/flag-icon-css/flags/sb.svg]
[www.unikin.ac.cd/oipr/public/frontend/css/icons/flag-icon-css/flags/sc.svg]
[www.unikin.ac.cd/oipr/public/frontend/css/icons/flag-icon-css/flags/sd.svg]
[www.unikin.ac.cd/oipr/public/frontend/css/icons/flag-icon-css/flags/se.svg]
[www.unikin.ac.cd/oipr/public/frontend/css/icons/flag-icon-css/flags/sg.svg]
[www.unikin.ac.cd/oipr/public/frontend/css/icons/flag-icon-css/flags/sh.svg]
[www.unikin.ac.cd/oipr/public/frontend/css/icons/flag-icon-css/flags/si.svg]
[www.unikin.ac.cd/oipr/public/frontend/css/icons/flag-icon-css/flags/sj.svg]
[www.unikin.ac.cd/oipr/public/frontend/css/icons/flag-icon-css/flags/sk.svg]
[www.unikin.ac.cd/oipr/public/frontend/css/icons/flag-icon-css/flags/sl.svg]
[www.unikin.ac.cd/oipr/public/frontend/css/icons/flag-icon-css/flags/sm.svg]
[www.unikin.ac.cd/oipr/public/frontend/css/icons/flag-icon-css/flags/sn.svg]
[www.unikin.ac.cd/oipr/public/frontend/css/icons/flag-icon-css/flags/so.svg]
[www.unikin.ac.cd/oipr/public/frontend/css/icons/flag-icon-css/flags/sr.svg]
[www.unikin.ac.cd/oipr/public/frontend/css/icons/flag-icon-css/flags/ss.svg]
[www.unikin.ac.cd/oipr/public/frontend/css/icons/flag-icon-css/flags/st.svg]
[www.unikin.ac.cd/oipr/public/frontend/css/icons/flag-icon-css/flags/sv.svg]
[www.unikin.ac.cd/oipr/public/frontend/css/icons/flag-icon-css/flags/sx.svg]
[www.unikin.ac.cd/oipr/public/frontend/css/icons/flag-icon-css/flags/sy.svg]
[www.unikin.ac.cd/oipr/public/frontend/css/icons/flag-icon-css/flags/sz.svg]
[www.unikin.ac.cd/oipr/public/frontend/css/icons/flag-icon-css/flags/tc.svg]
[www.unikin.ac.cd/oipr/public/frontend/css/icons/flag-icon-css/flags/td.svg]
[www.unikin.ac.cd/oipr/public/frontend/css/icons/flag-icon-css/flags/tf.svg]
[www.unikin.ac.cd/oipr/public/frontend/css/icons/flag-icon-css/flags/tg.svg]
[www.unikin.ac.cd/oipr/public/frontend/css/icons/flag-icon-css/flags/th.svg]
[www.unikin.ac.cd/oipr/public/frontend/css/icons/flag-icon-css/flags/tj.svg]
[www.unikin.ac.cd/oipr/public/frontend/css/icons/flag-icon-css/flags/tk.svg]
[www.unikin.ac.cd/oipr/public/frontend/css/icons/flag-icon-css/flags/tl.svg]
[www.unikin.ac.cd/oipr/public/frontend/css/icons/flag-icon-css/flags/tm.svg]
[www.unikin.ac.cd/oipr/public/frontend/css/icons/flag-icon-css/flags/tn.svg]
[www.unikin.ac.cd/oipr/public/frontend/css/icons/flag-icon-css/flags/to.svg]
[www.unikin.ac.cd/oipr/public/frontend/css/icons/flag-icon-css/flags/tr.svg]
[www.unikin.ac.cd/oipr/public/frontend/css/icons/flag-icon-css/flags/tt.svg]
[www.unikin.ac.cd/oipr/public/frontend/css/icons/flag-icon-css/flags/tv.svg]
[www.unikin.ac.cd/oipr/public/frontend/css/icons/flag-icon-css/flags/tw.svg]
[www.unikin.ac.cd/oipr/public/frontend/css/icons/flag-icon-css/flags/tz.svg]
[www.unikin.ac.cd/oipr/public/frontend/css/icons/flag-icon-css/flags/ua.svg]
[www.unikin.ac.cd/oipr/public/frontend/css/icons/flag-icon-css/flags/ug.svg]
[www.unikin.ac.cd/oipr/public/frontend/css/icons/flag-icon-css/flags/um.svg]
[www.unikin.ac.cd/oipr/public/frontend/css/icons/flag-icon-css/flags/us.svg]
[www.unikin.ac.cd/oipr/public/frontend/css/icons/flag-icon-css/flags/uy.svg]
[www.unikin.ac.cd/oipr/public/frontend/css/icons/flag-icon-css/flags/uz.svg]
[www.unikin.ac.cd/oipr/public/frontend/css/icons/flag-icon-css/flags/va.svg]
[www.unikin.ac.cd/oipr/public/frontend/css/icons/flag-icon-css/flags/vc.svg]
[www.unikin.ac.cd/oipr/public/frontend/css/icons/flag-icon-css/flags/ve.svg]
[www.unikin.ac.cd/oipr/public/frontend/css/icons/flag-icon-css/flags/vg.svg]
[www.unikin.ac.cd/oipr/public/frontend/css/icons/flag-icon-css/flags/vi.svg]
[www.unikin.ac.cd/oipr/public/frontend/css/icons/flag-icon-css/flags/vn.svg]
[www.unikin.ac.cd/oipr/public/frontend/css/icons/flag-icon-css/flags/vu.svg]
[www.unikin.ac.cd/oipr/public/frontend/css/icons/flag-icon-css/flags/wf.svg]
[www.unikin.ac.cd/oipr/public/frontend/css/icons/flag-icon-css/flags/ws.svg]
[www.unikin.ac.cd/oipr/public/frontend/css/icons/flag-icon-css/flags/ye.svg]
[www.unikin.ac.cd/oipr/public/frontend/css/icons/flag-icon-css/flags/yt.svg]
[www.unikin.ac.cd/oipr/public/frontend/css/icons/flag-icon-css/flags/za.svg]
[www.unikin.ac.cd/oipr/public/frontend/css/icons/flag-icon-css/flags/zm.svg]
[www.unikin.ac.cd/oipr/public/frontend/css/icons/flag-icon-css/flags/zw.svg]
[www.unikin.ac.cd/oipr/public/frontend/css/icons/material-design-iconic-font/fonts/materialdesignicons-webfontdc99.eot]
[www.unikin.ac.cd/oipr/public/frontend/css/icons/material-design-iconic-font/fonts/materialdesignicons-webfontd41d.eot]
[www.unikin.ac.cd/oipr/public/frontend/css/icons/material-design-iconic-font/fonts/materialdesignicons-webfontdc99.woff2]
[www.unikin.ac.cd/oipr/public/frontend/css/icons/material-design-iconic-font/fonts/materialdesignicons-webfontdc99.woff]
[www.unikin.ac.cd/oipr/public/frontend/css/icons/material-design-iconic-font/fonts/materialdesignicons-webfontdc99.ttf]
[www.unikin.ac.cd/oipr/public/frontend/css/icons/material-design-iconic-font/fonts/materialdesignicons-webfontdc99.svg]
[www.unikin.ac.cd/oipr/public/backend/css/icons/font-awesome/css/fontawesome-all.css]
[www.unikin.ac.cd/oipr/public/backend/css/icons/simple-line-icons/css/simple-line-icons.css]
[www.unikin.ac.cd/oipr/public/backend/css/icons/weather-icons/css/weather-icons.min.css]
[www.unikin.ac.cd/oipr/public/backend/css/icons/linea-icons/linea.css]
[www.unikin.ac.cd/oipr/public/backend/css/icons/themify-icons/themify-icons.css]
[www.unikin.ac.cd/oipr/public/backend/css/icons/flag-icon-css/flag-icon.min.css]
[www.unikin.ac.cd/oipr/public/backend/css/icons/material-design-iconic-font/css/materialdesignicons.min.css]
[www.unikin.ac.cd/oipr/public/backend/css/spinners.css]
[www.unikin.ac.cd/oipr/public/backend/css/animate.css]
[www.unikin.ac.cd/oipr/public/backend/assets/images/favicon.png]
[www.unikin.ac.cd/oipr/OIPR/publications2838]
[www.unikin.ac.cd/oipr/OIPR/publications/346/LUNIVERSALISME-JURID]
[www.unikin.ac.cd/oipr/OIPR/publications/139/TRANSFORMATION-DU-BO]
[www.unikin.ac.cd/oipr/OIPR/chercheurs/2630/ABOZA-ABOZA]
[www.unikin.ac.cd/oipr/OIPR/chercheurs/2177/ABOZO-ABOZO]
[www.unikin.ac.cd/oipr/OIPR/chercheurs/2637/ABULU-BISIMUA-JOEL]
[www.unikin.ac.cd/oipr/OIPR/chercheurs/2638/ADHULE-NYADRIA-JOEL]
[www.unikin.ac.cd/oipr/OIPR/chercheurs/1173/AFILI-POKHO-GODEFROID]
[www.unikin.ac.cd/oipr/OIPR/chercheurs/2639/AFUMBALE-TSHUPA]
[www.unikin.ac.cd/oipr/OIPR/chercheurs/974/AHUKA-MUNDEKE]
[www.unikin.ac.cd/oipr/OIPR/chercheurs/2640/AHUMBILA-BOZO-PATRICK]
[www.unikin.ac.cd/oipr/OIPR/chercheurs/1174/AKAKATSHI-OSSAKO]
[www.unikin.ac.cd/oipr/OIPR/chercheurs/2641/AKESA-LUBUTUKU-EVARISTE]
[www.unikin.ac.cd/oipr/OIPR/chercheurs2679]
[www.unikin.ac.cd/oipr/OIPR/chercheurs/307/AKETI-LOUKIA]
[www.unikin.ac.cd/oipr/OIPR/chercheurs/2714/AKETI-PAIZANOS-LOUKIA]
[www.unikin.ac.cd/oipr/OIPR/chercheurs/2716/AKILIMALI-ZALAGILE-PIERRE]
[www.unikin.ac.cd/oipr/OIPR/chercheurs/1175/AKOLBAR-ASWAKA]
[www.unikin.ac.cd/oipr/OIPR/chercheurs/2642/AKUNDA-OKITOKONDA-BENJAMIN]
[www.unikin.ac.cd/oipr/OIPR/chercheurs/2178/AKWAMBA-ESONGO]
[www.unikin.ac.cd/oipr/OIPR/chercheurs/1176/ALBINI-LOMAMI]
[www.unikin.ac.cd/oipr/OIPR/chercheurs/1177/ALENGE-NADONYE]
[www.unikin.ac.cd/oipr/OIPR/chercheurs/1178/ALI-FEZA]
[www.unikin.ac.cd/oipr/OIPR/chercheurs/1016/ALI-EKANGU]
[www.unikin.ac.cd/oipr/OIPR/chercheurs/2179/ALIFWA-BORIVE]
[www.unikin.ac.cd/oipr/OIPR/chercheurs/2980/ALIFWA-BORIVE-TRIPHONETTE]
[www.unikin.ac.cd/oipr/OIPR/chercheurs/2240/ALONI-YVES]
[www.unikin.ac.cd/oipr/OIPR/chercheurs/1180/ALONI-LWENGILADIO]
[www.unikin.ac.cd/oipr/OIPR/chercheurs/57/ALONI-KOMANDA-JULES]
[www.unikin.ac.cd/oipr/OIPR/chercheurs/975/AMISI-HERADY]
[www.unikin.ac.cd/oipr/OIPR/chercheurs/1183/AMISI-MANTINTI]
[www.unikin.ac.cd/oipr/OIPR/chercheurs/1182/AMISI-BIBONGE]
[www.unikin.ac.cd/oipr/OIPR/chercheurs/3424/ANDJWANDJU-MANYANGA-APOLLINAIRE]
[www.unikin.ac.cd/oipr/OIPR/chercheurs/2736/ANGELESI-BAYENGA]
[www.unikin.ac.cd/oipr/OIPR/chercheurs/1184/ANGELESI-BIRAWO]
[www.unikin.ac.cd/oipr/OIPR/chercheurs/3802/ANOTHANE-INAKAYI-ISABELLE]
[www.unikin.ac.cd/oipr/OIPR/chercheurs/1411/ANYUME-KOKOLE]
[www.unikin.ac.cd/oipr/OIPR/chercheurs/2737/ANZOLA-KIBAMBA]
[www.unikin.ac.cd/oipr/OIPR/chercheurs/2182/ASAMBOA-SHOTSHA]
[www.unikin.ac.cd/oipr/OIPR/chercheurs/1185/ASSANI-KIMWANGA]
[www.unikin.ac.cd/oipr/OIPR/chercheurs/2183/ASSANI-EMILE-BIN-IBRAHIM]
[www.unikin.ac.cd/oipr/OIPR/chercheurs/1186/ATIBU-KAZINGUVU-EMMANUEL]
[www.unikin.ac.cd/oipr/public/uploads/users_images/thumbnails/1718554215.jpg]
[www.unikin.ac.cd/oipr/OIPR/chercheurs/976/ATSHWEL-OKEL-MUNTUNGI-GODE]
[www.unikin.ac.cd/oipr/OIPR/chercheurs/2185/ATUNDEZI-GAHUMA]
[www.unikin.ac.cd/oipr/OIPR/chercheurs/2186/AWAZI-MAMBO-CHRISTOBALL]
[www.unikin.ac.cd/oipr/public/uploads/users_images/thumbnails/1716208579.jpg]
[www.unikin.ac.cd/oipr/OIPR/chercheurs/2187/AZANGIDI-MAPWAMA]
[www.unikin.ac.cd/oipr/OIPR/chercheurs/2188/BABAKA-LELO]
[www.unikin.ac.cd/oipr/OIPR/chercheurs/344/BABONGISILA-KUZINGANA-MARIE-PHILOMENE]
[www.unikin.ac.cd/oipr/OIPR/chercheurs/1187/BADIBANGA-NKUMBU]
[www.unikin.ac.cd/oipr/OIPR/chercheurs/2189/BADJELA-DENGBA]
[www.unikin.ac.cd/oipr/OIPR/chercheurs/1017/BADOA-BISYABO]
[www.unikin.ac.cd/oipr/OIPR/chercheurs/979/BAENDE-EKUNGOLA]
[www.unikin.ac.cd/oipr/OIPR/chercheurs/2956/BAFWA-META-SALEM]
[www.unikin.ac.cd/oipr/OIPR/chercheurs/2190/BAGULA-OLAME]
[www.unikin.ac.cd/oipr/OIPR/chercheurs/1188/BAHARANYI-NACIYIMBA-SERAPHIN]
[www.unikin.ac.cd/oipr/OIPR/chercheurs/2193/BAHATI-MUJINIA]
[www.unikin.ac.cd/oipr/OIPR/chercheurs/2194/BAHELABY-MUGBO]
[www.unikin.ac.cd/oipr/OIPR/chercheurs/1189/BAKABIKA-NTETI]
[www.unikin.ac.cd/oipr/OIPR/chercheurs1c8b]
[www.unikin.ac.cd/oipr/OIPR/chercheurs/2643/BAKAJIKA-NTUMBA]
[www.unikin.ac.cd/oipr/OIPR/chercheurs/2644/BAKAKENGA-BAKAKENGA-FRANCK]
[www.unikin.ac.cd/oipr/OIPR/chercheurs/2646/BAKANA-MATSUELA-LUCIE]
[www.unikin.ac.cd/oipr/OIPR/chercheurs/195/BAKANA-BA-MFIEDI-JEROME]
[www.unikin.ac.cd/oipr/OIPR/chercheurs/2647/BAKASA-IFANIA-YVES]
[www.unikin.ac.cd/oipr/OIPR/chercheurs/2648/BAKATUBIA-MUFURA-CHRISTIAN]
[www.unikin.ac.cd/oipr/OIPR/chercheurs/1018/BAKEBA-KIMPWENI-NDUNGI]
[www.unikin.ac.cd/oipr/OIPR/chercheurs/2650/BAKEMO-BOMBILE-EDDY]
[www.unikin.ac.cd/oipr/OIPR/chercheursce37]
[www.unikin.ac.cd/oipr/OIPR/chercheurs/2652/BAKOMBA-SARAH-BENIE]
[www.unikin.ac.cd/oipr/OIPR/chercheurs/345/BAKUA-LUFU-BADIBANGA]
[www.unikin.ac.cd/oipr/OIPR/chercheurs/171/BALABALA-KASONGO-MICHEL]
[www.unikin.ac.cd/oipr/OIPR/chercheurs/1190/BALAGA-MUNYARUKA]
[www.unikin.ac.cd/oipr/OIPR/chercheurs/62/BALANDA-MIKUIN-LELIEL]
[www.unikin.ac.cd/oipr/OIPR/chercheurs/1191/BALAYULU-MAKILA]
[www.unikin.ac.cd/oipr/OIPR/chercheurs/2653/BALEKELAYI-BALEKELAYI-JACQUES]
[www.unikin.ac.cd/oipr/OIPR/chercheurs/2654/BALENDA-KIUKA-HARMONIE]
[www.unikin.ac.cd/oipr/OIPR/chercheurs/2655/BALETA-NDONGALA-JORDAN]
[www.unikin.ac.cd/oipr/OIPR/chercheurs8c93]
[www.unikin.ac.cd/oipr/OIPR/chercheurs/2075/ZANGISI-MOPELE]
[www.unikin.ac.cd/oipr/OIPR/chercheurs/305/ZEGBE-ZEGS-FIDELE]
[www.unikin.ac.cd/oipr/OIPR/chercheurs/916/ZIAKWAU-BUNA-EUGENE]
[www.unikin.ac.cd/oipr/OIPR/chercheurs/917/ZIMANGO-NGAMA-ROMAIN]
[www.unikin.ac.cd/oipr/OIPR/chercheurs/2617/ZINGA-YALA]
[www.unikin.ac.cd/oipr/OIPR/chercheurs/175/ZINGA-ILUNGA-BERTHE]
[www.unikin.ac.cd/oipr/OIPR/chercheurs/1169/ZINGA-VUVU-CHANTAL]
[www.unikin.ac.cd/oipr/OIPR/chercheurs/2799/ZINIO-MABANZA-JULIA]
[www.unikin.ac.cd/oipr/OIPR/chercheurs/2798/ZOKERE-BONGOSEPE-TINA]
[www.unikin.ac.cd/oipr/OIPR/chercheurs/2797/ZOLA-MATUVANGA]
[www.unikin.ac.cd/oipr/OIPR/chercheurs0c4d]
[www.unikin.ac.cd/oipr/OIPR/chercheursfb41]
[www.unikin.ac.cd/oipr/OIPR/chercheurs9ce7]
[www.unikin.ac.cd/oipr/OIPR/chercheurs6883]
[www.unikin.ac.cd/oipr/OIPR/chercheurs4321]
[www.unikin.ac.cd/oipr/OIPR/chercheurs1648]
[www.unikin.ac.cd/oipr/OIPR/chercheurs448f]
[www.unikin.ac.cd/oipr/OIPR/chercheurs9a17]
[www.unikin.ac.cd/oipr/OIPR/chercheurs/2796/ZONO-BIVE-BIVE]
[www.unikin.ac.cd/oipr/public/uploads/users_images/thumbnails/1722264210.jpg]
[www.unikin.ac.cd/oipr/OIPR/chercheurs/918/ZUKA-MANIANIA-BAUDOUIN]
[www.unikin.ac.cd/oipr/public/uploads/users_images/thumbnails/1759314209.jpg]
[www.unikin.ac.cd/oipr/OIPR/publicationsb61c]
[www.unikin.ac.cd/oipr/OIPR/publications8a54]
[www.unikin.ac.cd/oipr/OIPR/publications729b]
[www.unikin.ac.cd/oipr/OIPR/publications5b20]
[www.unikin.ac.cd/oipr/OIPR/publications3fde]
[www.unikin.ac.cd/oipr/OIPR/publicationsafc7]
[www.unikin.ac.cd/oipr/OIPR/publications2393]
[www.unikin.ac.cd/oipr/OIPR/publications6129]
[www.unikin.ac.cd/oipr/OIPR/publicationsee11]
[www.unikin.ac.cd/oipr/OIPR/publications2c40]
[www.unikin.ac.cd/oipr/OIPR/publications1bcd]
[www.unikin.ac.cd/oipr/OIPR/publications/1691/IMPLEMENTATION-OF-A-]
[www.unikin.ac.cd/oipr/OIPR/chercheurs/1295/MAKANZU-IMWANGANA-FILS]
[www.unikin.ac.cd/oipr/public/uploads/users_images/thumbnails/1738910676.jpg]
[www.unikin.ac.cd/oipr/OIPR/publications/1690/STABILISATION-OF-URB]
[www.unikin.ac.cd/oipr/OIPR/publications/1689/FROM-PAPER-TO-PROOF-]
[www.unikin.ac.cd/oipr/OIPR/publicationsc398]
[www.unikin.ac.cd/oipr/OIPR/publicationsee5d]
[www.unikin.ac.cd/oipr/OIPR/publicationsda21]
[www.unikin.ac.cd/oipr/OIPR/publicationsfb27]
[www.unikin.ac.cd/oipr/OIPR/publications9bfe]
[www.unikin.ac.cd/oipr/OIPR/publications8c43]
[www.unikin.ac.cd/oipr/OIPR/publications2e3f]
[www.unikin.ac.cd/oipr/OIPR/publicationsb017]
[www.unikin.ac.cd/oipr/OIPR/publicationsc76b]
[www.unikin.ac.cd/oipr/OIPR/publications1bbf]
[www.unikin.ac.cd/oipr/OIPR/publications7dda]
[www.unikin.ac.cd/oipr/OIPR/publications3f9d]
[www.unikin.ac.cd/oipr/OIPR/publications2060]
[www.unikin.ac.cd/oipr/OIPR/publicationse43a]
[www.unikin.ac.cd/oipr/OIPR/publications7528]
[www.unikin.ac.cd/oipr/OIPR/publicationse3e8]
[www.unikin.ac.cd/oipr/OIPR/publicationse213]
[www.unikin.ac.cd/oipr/OIPR/publicationsdc51]
[www.unikin.ac.cd/oipr/OIPR/publications4378]
[www.unikin.ac.cd/oipr/OIPR/publications9b15]
[www.unikin.ac.cd/oipr/OIPR/publications84cc]
[www.unikin.ac.cd/oipr/OIPR/publications64ef]
[www.unikin.ac.cd/oipr/OIPR/publications/1652/GRAND-INGA-THE-PROMI]
[www.unikin.ac.cd/oipr/OIPR/chercheurs/809/OLAMBA-KALONDA-PAUL]
[www.unikin.ac.cd/oipr/public/storage/publications/1759940854.pdf]
[www.unikin.ac.cd/oipr/OIPR/publications/1381/PHYSICOCHEMICAL-CHAR]
[www.unikin.ac.cd/oipr/OIPR/chercheurs/47/KAYEMBE-SUNGULA-JEAN]
[www.unikin.ac.cd/oipr/public/uploads/users_images/thumbnails/1759946893.jpg]
[www.unikin.ac.cd/oipr/public/storage/publications/1759940851.pdf]
[www.unikin.ac.cd/oipr/OIPR/publications/1380/PHYSICOCHEMICAL-CHAR]
[www.unikin.ac.cd/oipr/OIPR/publications/1373/THE-POLYCYCLIC-RECOR]
[www.unikin.ac.cd/oipr/OIPR/chercheurs/3779/MAKUTU-KUMAKELE-DOUXDOUX]
[www.unikin.ac.cd/oipr/public/uploads/users_images/thumbnails/1759331345.jpg]
[www.unikin.ac.cd/oipr/OIPR/publications/1311/TRAITS-DE-PERSONNALI]
[www.unikin.ac.cd/oipr/OIPR/chercheurs/811/OZOWA-LATEM-JOSUE]
[www.unikin.ac.cd/oipr/OIPR/publications/1285/THE-CONGUBANGI-PROJE]
[www.unikin.ac.cd/oipr/public/storage/publications/1750401733.pdf]
[www.unikin.ac.cd/oipr/OIPR/publications/1271/ESTIMATION-DES-DEBIT]
[www.unikin.ac.cd/oipr/OIPR/publications/1436/LA-GUERRE-A-LEST-DE-]
[www.unikin.ac.cd/oipr/OIPR/chercheurs/689/MBATA-BETUKUMESU-ANDRE]
[www.unikin.ac.cd/oipr/public/uploads/users_images/thumbnails/1666188016.jpg]
[www.unikin.ac.cd/oipr/OIPR/publications59d4]
[www.unikin.ac.cd/oipr/OIPR/publications44e7]
[www.unikin.ac.cd/oipr/OIPR/publicationsf63b]
[www.unikin.ac.cd/oipr/OIPR/publicationsc0c1]
[www.unikin.ac.cd/oipr/OIPR/publications0417]
[www.unikin.ac.cd/oipr/OIPR/publicationse396]
[www.unikin.ac.cd/oipr/OIPR/publications90b5]
[www.unikin.ac.cd/oipr/OIPR/publications438a]
[www.unikin.ac.cd/oipr/OIPR/publications5221]
[www.unikin.ac.cd/oipr/OIPR/publicationsbe40]
[www.unikin.ac.cd/oipr/OIPR/publicationsdbe6]
[www.unikin.ac.cd/oipr/OIPR/publicationsaaf1]
[www.unikin.ac.cd/oipr/OIPR/publications2679]
[www.unikin.ac.cd/oipr/OIPR/publications/1688/URBAN-GULLIES-AND-TH]
[www.unikin.ac.cd/oipr/OIPR/publications/1686/SERVIR-LETAT-SANS-Y-]
[www.unikin.ac.cd/oipr/OIPR/chercheurs/2879/TAWELO-WA-TAWELO-FLORY]
[www.unikin.ac.cd/oipr/public/uploads/users_images/thumbnails/1757623416.jpg]
[www.unikin.ac.cd/oipr/public/storage/publications/1777926486.pdf]
[www.unikin.ac.cd/oipr/OIPR/publications/1684/LES-ANGLES-MORTS-DE-]
[www.unikin.ac.cd/oipr/public/storage/publications/1777926323.pdf]
[www.unikin.ac.cd/oipr/OIPR/publications/1683/LA-CRIMINOLOGIE-A-LE]
[www.unikin.ac.cd/oipr/public/storage/publications/1777926066.pdf]
[www.unikin.ac.cd/oipr/OIPR/publications/1682/LA-FABRIQUE-DE-LA-DE]
[www.unikin.ac.cd/oipr/public/storage/publications/1777201891.pdf]
[www.unikin.ac.cd/oipr/OIPR/publications/1658/INACTIVATION-PHOTOCA]
[www.unikin.ac.cd/oipr/OIPR/chercheurs/750/MUSWEMA-LUNGUYA-JEREMIE]
[www.unikin.ac.cd/oipr/public/uploads/users_images/thumbnails/1742915709.jpg]
[www.unikin.ac.cd/oipr/OIPR/publications/1657/LES-LACS-TUMBA-ET-MA]
[www.unikin.ac.cd/oipr/public/storage/publications/1776962464.pdf]
[www.unikin.ac.cd/oipr/OIPR/publications/1656/MBOM-MBAKA-GEORGES-G]
[www.unikin.ac.cd/oipr/OIPR/publications/1655/EVALUATION-OF-THE-PO]
[www.unikin.ac.cd/oipr/OIPR/chercheurs/589/LOPOSSO-NKUMU-MATTHIEU-MARC]
[www.unikin.ac.cd/oipr/public/uploads/users_images/thumbnails/1722754994.jpg]
[www.unikin.ac.cd/oipr/OIPR/chercheurs/1464/KASEREKA-KABUNGA-SELAIN]
[www.unikin.ac.cd/oipr/public/uploads/users_images/thumbnails/1694871016.jpg]
[www.unikin.ac.cd/oipr/public/storage/publications/1776161051.pdf]
[www.unikin.ac.cd/oipr/OIPR/publications/1653/A-TRANSFORMER-BASED-]
[www.unikin.ac.cd/oipr/public/storage/publications/1775560154.pdf]
[www.unikin.ac.cd/oipr/OIPR/publications/1651/ANALYSE-SOCIO-INSTIT]
[www.unikin.ac.cd/oipr/public/storage/publications/1775560057.pdf]
[www.unikin.ac.cd/oipr/OIPR/publications/1650/REGULATION-ROUTIERE-]
[www.unikin.ac.cd/oipr/public/storage/publications/1775559957.pdf]
[www.unikin.ac.cd/oipr/OIPR/publications/1649/LECC-FACE-A-LIMPASSE]
[www.unikin.ac.cd/oipr/public/storage/publications/1775417885.pdf]
[www.unikin.ac.cd/oipr/OIPR/publications/1648/LA-CONSTRUCTION-SOCI]
[www.unikin.ac.cd/oipr/public/storage/publications/1775417155.pdf]
[www.unikin.ac.cd/oipr/OIPR/publications/1647/LASYMETRIE-DE-LA-REA]
[www.unikin.ac.cd/oipr/OIPR/publications/1646/UN-PRETRE-UN-MINISTR]
[www.unikin.ac.cd/oipr/OIPR/chercheurs/241/KAUMBA-LUFUNDA-PRINCE]
[www.unikin.ac.cd/oipr/OIPR/publications/1641/CHALLENGES-IN-THE-MA]
[www.unikin.ac.cd/oipr/public/storage/publications/1774094603.pdf]
[www.unikin.ac.cd/oipr/OIPR/publications/1636/THE-GAP-BETWEEN-RISK]
[www.unikin.ac.cd/oipr/public/storage/publications/1774094460.pdf]
[www.unikin.ac.cd/oipr/OIPR/publications/1635/CAPTURING-THE-INFORM]
[www.unikin.ac.cd/oipr/public/storage/publications/1774094294.pdf]
[www.unikin.ac.cd/oipr/OIPR/publications/1634/BEYOND-THE-CELL-EVAL]
[www.unikin.ac.cd/oipr/public/storage/publications/1774085826.pdf]
[www.unikin.ac.cd/oipr/OIPR/publications/1633/BETWEEN-LEGAL-NORMS-]
[www.unikin.ac.cd/oipr/OIPR/publications/1631/CAPTURING-THE-INFORM]
[www.unikin.ac.cd/oipr/public/storage/publications/1772724596.pdf]
[www.unikin.ac.cd/oipr/OIPR/publications/1630/HYDROZONE-LIGATED-VA]
[www.unikin.ac.cd/oipr/OIPR/chercheurs/3734/NDEGE-SIMISI-CLOVIS]
[www.unikin.ac.cd/oipr/public/uploads/users_images/thumbnails/1734456703.jpg]
[www.unikin.ac.cd/oipr/public/storage/publications/1772157973.pdf]
[www.unikin.ac.cd/oipr/OIPR/publications/1577/FROM-IOT-TO-AIOT-EVO]
[www.unikin.ac.cd/oipr/public/storage/publications/1771667234.pdf]
[www.unikin.ac.cd/oipr/OIPR/publications/1567/CARTOGRAPHIE-DE-LA-V]
[www.unikin.ac.cd/oipr/public/storage/publications/1770897767.pdf]
[www.unikin.ac.cd/oipr/OIPR/publications/1559/MORPHOMETRIC-AND-HYD]
[www.unikin.ac.cd/oipr/OIPR/chercheurs/3799/NLANDU-WA-NDELA-PATRICK]
[www.unikin.ac.cd/oipr/public/uploads/users_images/thumbnails/1770896789.jpg]
[www.unikin.ac.cd/oipr/public/storage/publications/1770897463.pdf]
[www.unikin.ac.cd/oipr/OIPR/publications/1558/DEVELOPMENT-AND-ANTI]
[www.unikin.ac.cd/oipr/public/storage/publications/1769439533.pdf]
[www.unikin.ac.cd/oipr/OIPR/publications/1544/LITERATURE-REVIEW-ON]
[www.unikin.ac.cd/oipr/OIPR/chercheurs/877/SIFA-KWA-MUNGU-DANIEL-BIENVENU]
[www.unikin.ac.cd/oipr/public/uploads/users_images/thumbnails/1716065610.jpg]
[www.unikin.ac.cd/oipr/public/storage/publications/1773067565.pdf]
[www.unikin.ac.cd/oipr/OIPR/publications/1512/FLOOD-MODELING-IN-BO]
[www.unikin.ac.cd/oipr/public/storage/publications/1777203657.pdf]
[www.unikin.ac.cd/oipr/OIPR/publications/1659/COMPARATIVE-STUDY-OF]
[www.unikin.ac.cd/oipr/public/storage/publications/1774793481.pdf]
[www.unikin.ac.cd/oipr/OIPR/publications/1642/OPTIMIZED-BIODIESEL-]
[www.unikin.ac.cd/oipr/OIPR/chercheurs/3207/MUABU-KAYEYE-ARSENE]
[www.unikin.ac.cd/oipr/public/uploads/users_images/thumbnails/1774777631.jpg]
[www.unikin.ac.cd/oipr/public/storage/publications/1769692419.pdf]
[www.unikin.ac.cd/oipr/OIPR/publications/1553/CHANVRE-CULTURE-ET-D]
[www.unikin.ac.cd/oipr/OIPR/chercheurs/3798/NZAMPUNGU-IMBOLE-JOEL]
[www.unikin.ac.cd/oipr/public/uploads/users_images/thumbnails/1769690441.jpg]
[www.unikin.ac.cd/oipr/public/storage/publications/1769692265.pdf]
[www.unikin.ac.cd/oipr/OIPR/publications/1552/LE-MOUVEMENT-RIEN-SA]
[www.unikin.ac.cd/oipr/public/storage/publications/1769692085.pdf]
[www.unikin.ac.cd/oipr/OIPR/publications/1551/LE-VECU-DES-ENFANTS-]
[www.unikin.ac.cd/oipr/public/storage/publications/1769691919.pdf]
[www.unikin.ac.cd/oipr/OIPR/publications/1550/ECONOMIE-INFORMELLE-]
[www.unikin.ac.cd/oipr/public/storage/publications/1769691715.pdf]
[www.unikin.ac.cd/oipr/OIPR/publications/1549/LIMAGE-TERNIE-DUN-PA]
[www.unikin.ac.cd/oipr/public/storage/publications/1769690919.pdf]
[www.unikin.ac.cd/oipr/OIPR/publications/1546/GOUVERNANCE-MIGRATOI]
[www.unikin.ac.cd/oipr/OIPR/publications/1543/MOBILITES-DE-LA-DEBR]
[www.unikin.ac.cd/oipr/OIPR/chercheurs/1324/MBALANDA-LAWUNDA-WILLY]
[www.unikin.ac.cd/oipr/OIPR/publications/1542/IMPACT-DE-LA-CULTURE]
[www.unikin.ac.cd/oipr/OIPR/chercheurs/1609/KATIKA-MANDALA-ACHILLE]
[www.unikin.ac.cd/oipr/public/uploads/users_images/thumbnails/1744813271.png]
[www.unikin.ac.cd/oipr/OIPR/publications/1541/IDIOCOSMOGNOSIES-SOC]
[www.unikin.ac.cd/oipr/OIPR/publications/1539/APPORT-DU-MICROCREDI]
[www.unikin.ac.cd/oipr/public/storage/publications/1767871186.pdf]
[www.unikin.ac.cd/oipr/OIPR/publications/1513/DETERMINANTS-OF-THE-]
[www.unikin.ac.cd/oipr/OIPR/chercheurs/3500/KALUME-SHIKAYI-JEAN]
[www.unikin.ac.cd/oipr/public/uploads/users_images/thumbnails/1767872369.jpg]
[www.unikin.ac.cd/oipr/public/storage/publications/1767838941.pdf]
[www.unikin.ac.cd/oipr/OIPR/publications/1511/CURRENT-PREVALENCE-A]
[www.unikin.ac.cd/oipr/OIPR/chercheurs/887/TSALA-DIMBUENE-ZACHARIE]
[www.unikin.ac.cd/oipr/public/uploads/users_images/thumbnails/1748872405.png]
[www.unikin.ac.cd/oipr/public/storage/publications/1767838628.pdf]
[www.unikin.ac.cd/oipr/OIPR/publications/1510/MODELLING-WOMENS-EDU]
[www.unikin.ac.cd/oipr/public/storage/publications/1767714108.pdf]
[www.unikin.ac.cd/oipr/OIPR/publications/1509/CAUSAL-MACHINE-LEARN]
[www.unikin.ac.cd/oipr/OIPR/chercheurs/2934/NZAZI-NGABILA-BOAZ]
[www.unikin.ac.cd/oipr/public/uploads/users_images/thumbnails/1760014017.jpg]
[www.unikin.ac.cd/oipr/public/storage/publications/1767713574.pdf]
[www.unikin.ac.cd/oipr/OIPR/publications/1508/LEVERAGING-MACHINE-L]
[www.unikin.ac.cd/oipr/public/storage/publications/1767705963.pdf]
[www.unikin.ac.cd/oipr/OIPR/publications/1507/ARTIFICIAL-INTELLIGE]
[www.unikin.ac.cd/oipr/OIPR/publications1c8b]
[www.unikin.ac.cd/oipr/OIPR/publicationsce37]
[www.unikin.ac.cd/oipr/OIPR/publications/1312/MENTAL-HEALTH-OF-TEK]
[www.unikin.ac.cd/oipr/OIPR/publications/1320/PSYCHOPATHOLOGICAL-A]
[www.unikin.ac.cd/oipr/public/storage/publications/1757625107.pdf]
[www.unikin.ac.cd/oipr/OIPR/publications/1321/LES-FORETS-DE-LA-RD-]
[www.unikin.ac.cd/oipr/OIPR/publications928a]
[www.unikin.ac.cd/oipr/public/storage/publications/1758715530.pdf]
[www.unikin.ac.cd/oipr/OIPR/publications/1324/RESPONSABILITE-SOCIE]
[www.unikin.ac.cd/oipr/OIPR/chercheurs/2988/KAPAY-KASUWA-PRINCE]
[www.unikin.ac.cd/oipr/public/storage/publications/1758718105.pdf]
[www.unikin.ac.cd/oipr/OIPR/publications/1325/IDENTIFICATION-DES-F]
[www.unikin.ac.cd/oipr/OIPR/publications/1329/CHOIX-OPTIMAL-DU-FOU]
[www.unikin.ac.cd/oipr/OIPR/chercheurs/536/KASONGO-DJUNGA-ALPHONSE-DBA-PHD]
[www.unikin.ac.cd/oipr/public/uploads/users_images/thumbnails/1725025075.jpg]
[www.unikin.ac.cd/oipr/OIPR/publications/1330/TIC-REFORME-DES-PROG]
[www.unikin.ac.cd/oipr/public/storage/publications/1759319044.pdf]
[www.unikin.ac.cd/oipr/OIPR/publications/1341/APPLICATION-OF-FFT-T]
[www.unikin.ac.cd/oipr/OIPR/chercheurs/3187/MOSINGALETE-LUMBU-JUDITH]
[www.unikin.ac.cd/oipr/public/uploads/users_images/thumbnails/1759314577.jpg]
[www.unikin.ac.cd/oipr/OIPR/publications/1343/GEOMETRIE-DIFFERENTI]
[www.unikin.ac.cd/oipr/OIPR/chercheurs/442/DIANGITUKULU-NDIMBA-SAMUEL]
[www.unikin.ac.cd/oipr/public/uploads/users_images/thumbnails/1759313879.jpg]
[www.unikin.ac.cd/oipr/OIPR/publications/1344/NEW-APPOACH-TABULAR-]
[www.unikin.ac.cd/oipr/OIPR/publications8c93]
[www.unikin.ac.cd/oipr/OIPR/publications/60/PRISE-EN-CHARGE-DES-]
[www.unikin.ac.cd/oipr/OIPR/chercheurs/41/SENGEYI-MUSHENGEZI-AMANI]
[www.unikin.ac.cd/oipr/OIPR/publications/1084/CHALLENGES-FOR-DEVEL]
[www.unikin.ac.cd/oipr/public/storage/publications/1728651354.pdf]
[www.unikin.ac.cd/oipr/OIPR/publications/860/EVALUATION-DE-LEXPOS]
[www.unikin.ac.cd/oipr/OIPR/chercheurs/3035/MAZOBA-KPANYA-TACITE]
[www.unikin.ac.cd/oipr/public/uploads/users_images/thumbnails/1728649840.jpg]
[www.unikin.ac.cd/oipr/OIPR/publications/606/SIGMA-HOLE-BONDING-A]
[www.unikin.ac.cd/oipr/OIPR/chercheurs/1713/LUNDEMBA-SINGA-ALBERT]
[www.unikin.ac.cd/oipr/public/uploads/users_images/thumbnails/1721222359.png]
[www.unikin.ac.cd/oipr/OIPR/publications/863/VISUAL-ABILITIES-OF-]
[www.unikin.ac.cd/oipr/OIPR/publications/864/ARTHROPLASTY-PRACTIC]
[www.unikin.ac.cd/oipr/OIPR/publications/865/CT-SCAN-EVALUATION-O]
[www.unikin.ac.cd/oipr/public/storage/publications/1728656224.pdf]
[www.unikin.ac.cd/oipr/OIPR/publications/866/BIPOLAR-TRANSURETHRA]
[www.unikin.ac.cd/oipr/public/storage/publications/1728656500.pdf]
[www.unikin.ac.cd/oipr/OIPR/publications/868/CT-PROFILE-OF-BARE-J]
[www.unikin.ac.cd/oipr/public/storage/publications/1728656592.pdf]
[www.unikin.ac.cd/oipr/OIPR/publications/869/ACUTE-APPENDICITIS-I]
[www.unikin.ac.cd/oipr/OIPR/publications7835]
[www.unikin.ac.cd/oipr/OIPR/publicationse0ec]
[www.unikin.ac.cd/oipr/OIPR/publicationsf9f0]
[www.unikin.ac.cd/oipr/OIPR/publicationsf8cb]
[www.unikin.ac.cd/oipr/OIPR/publicationsf9a9]
[www.unikin.ac.cd/oipr/OIPR/publications0c91]
[www.unikin.ac.cd/oipr/OIPR/publicationsf165]
[www.unikin.ac.cd/oipr/OIPR/publications1941]
[www.unikin.ac.cd/oipr/OIPR/publications/1406/JUSTICA-PENAL-REPRES]
[www.unikin.ac.cd/oipr/OIPR/publications/918/ETUDE-DIMENSIONNELLE]
[www.unikin.ac.cd/oipr/OIPR/chercheurs/583/LIASSA-NKOY-LUTAKA-MATTHIEU]
[www.unikin.ac.cd/oipr/OIPR/publications/698/KINSHASA-DISPARITES-]
[www.unikin.ac.cd/oipr/OIPR/chercheurs/477/HOLENU-MANGENDA-HOLY]
[www.unikin.ac.cd/oipr/public/uploads/users_images/thumbnails/1723015878.jpg]
[www.unikin.ac.cd/oipr/OIPR/publications/969/EXCLUSIVE-BREASTFEED]
[www.unikin.ac.cd/oipr/OIPR/chercheurs/313/LAPIKA-DIMOMFU-BRUNO]
[www.unikin.ac.cd/oipr/OIPR/publicationsfd0a]
[www.unikin.ac.cd/oipr/OIPR/publicationsb132]
[www.unikin.ac.cd/oipr/OIPR/publicationsae80]
[www.unikin.ac.cd/oipr/OIPR/publicationsac09]
[www.unikin.ac.cd/oipr/OIPR/publications60a4]
[www.unikin.ac.cd/oipr/OIPR/publications0069]
[www.unikin.ac.cd/oipr/OIPR/publicationse1be]
[www.unikin.ac.cd/oipr/OIPR/publications8f24]
[www.unikin.ac.cd/oipr/OIPR/publications513a]
[www.unikin.ac.cd/oipr/OIPR/publications77cd]
[www.unikin.ac.cd/oipr/OIPR/publications7376]
[www.unikin.ac.cd/oipr/OIPR/publications/1483/PENSER-LE-POLITIQUE-]
[www.unikin.ac.cd/oipr/OIPR/chercheurs/74/KINANGA-MASALA-JEAN-CHRIST]
[www.unikin.ac.cd/oipr/public/uploads/users_images/thumbnails/1737671806.jpg]
[www.unikin.ac.cd/oipr/OIPR/publications/1433/LIMPLEMENTATION-DE-L]
[www.unikin.ac.cd/oipr/OIPR/chercheurs/1338/MINGASHANG-IVON]
[www.unikin.ac.cd/oipr/OIPR/publications/1404/GOUVERNANCE-DE-LA-SE]
[www.unikin.ac.cd/oipr/OIPR/chercheurs/1251/KAZEKELE-MBELE-ERIC]
[www.unikin.ac.cd/oipr/OIPR/publications/1374/LITTERATURE-ET-POLIT]
[www.unikin.ac.cd/oipr/OIPR/chercheurs/152/NSONSA-VINDA-JEAN]
[www.unikin.ac.cd/oipr/OIPR/publications/1283/ELEMENTS-DE-GEOMETRI]
[www.unikin.ac.cd/oipr/OIPR/publications/1266/HISTOIRE-REPENSEE-DE]
[www.unikin.ac.cd/oipr/OIPR/chercheurs/281/TAZI-KIZEY-TIEN-A-BE-MAHATMA-JULIEN]
[www.unikin.ac.cd/oipr/public/uploads/users_images/thumbnails/1709825601.jpg]
[www.unikin.ac.cd/oipr/OIPR/publications/1265/SCIENCE-DES-NOUVELLE]
[www.unikin.ac.cd/oipr/OIPR/publicationsf684]
[www.unikin.ac.cd/oipr/OIPR/publications2677]
[www.unikin.ac.cd/oipr/OIPR/publications549f]
[www.unikin.ac.cd/oipr/OIPR/publications38ec]
[www.unikin.ac.cd/oipr/OIPR/publications9414]
[www.unikin.ac.cd/oipr/OIPR/publicationsd982]
[www.unikin.ac.cd/oipr/OIPR/publications60bc]
[www.unikin.ac.cd/oipr/OIPR/publicationsf0cf]
[www.unikin.ac.cd/oipr/OIPR/publications8b85]
[www.unikin.ac.cd/oipr/OIPR/publicationsd0f5]
[www.unikin.ac.cd/oipr/OIPR/publications2085]
[www.unikin.ac.cd/oipr/OIPR/publications/1442/DEMOCRATIC-REPUBLIC-]
[www.unikin.ac.cd/oipr/OIPR/chercheurs/2748/OLEMANU-LOHALO-GEORGES]
[www.unikin.ac.cd/oipr/OIPR/publications/1282/THE-EARLY-BANTU-EXPA]
[www.unikin.ac.cd/oipr/OIPR/chercheurs/1357/MUNDEKE-OTOMS-EBOK-LEON]
[www.unikin.ac.cd/oipr/OIPR/publications/1275/ENGAGEMENT-MOBILISAT]
[www.unikin.ac.cd/oipr/OIPR/publications/1262/SURVEY-AND-EXCAVATIO]
[www.unikin.ac.cd/oipr/OIPR/publications/1261/SURVEY-AND-EXCAVATIO]
[www.unikin.ac.cd/oipr/OIPR/publications/1260/EXCAVATIONS-AT-MASHI]
[www.unikin.ac.cd/oipr/OIPR/publications/1259/THE-POTTERY-OF-THE-K]
[www.unikin.ac.cd/oipr/OIPR/publications/1258/A-LONGUE-DUREE-SOCIO]
[www.unikin.ac.cd/oipr/OIPR/publications/1257/SURVEY-AND-EXCAVATIO]
[www.unikin.ac.cd/oipr/OIPR/publicationsb84f]
[www.unikin.ac.cd/oipr/OIPR/publications6676]
[www.unikin.ac.cd/oipr/OIPR/publications4dd8]
[www.unikin.ac.cd/oipr/OIPR/publications7494]
[www.unikin.ac.cd/oipr/OIPR/publicationsc8fe]
[www.unikin.ac.cd/oipr/OIPR/publications5ddf]
[www.unikin.ac.cd/oipr/OIPR/publications4911]
[www.unikin.ac.cd/oipr/OIPR/publications58fc]
[www.unikin.ac.cd/oipr/OIPR/publications5bb4]
[www.unikin.ac.cd/oipr/OIPR/publications70e1]
[www.unikin.ac.cd/oipr/OIPR/publications3b7e]
[www.unikin.ac.cd/oipr/OIPR/publications2015]
[www.unikin.ac.cd/oipr/OIPR/publications8e33]
[www.unikin.ac.cd/oipr/OIPR/publications6fbc]
[www.unikin.ac.cd/oipr/OIPR/publications/1441/LEXCELLENCE-ET-LA-RI]
[www.unikin.ac.cd/oipr/OIPR/publicationsdea7]
[www.unikin.ac.cd/oipr/OIPR/publications/1403/CRIMINALITE-KINSAHAS]
[www.unikin.ac.cd/oipr/OIPR/publications/1178/JACQUES-EMINA-LES-VR]
[www.unikin.ac.cd/oipr/OIPR/publications/1177/EN-RDC-DEPUIS-1960-L]
[www.unikin.ac.cd/oipr/OIPR/publications/506/RIVALITES-MONDIALES-]
[www.unikin.ac.cd/oipr/OIPR/chercheurs/725/MUKOKO-SAMBA-DANIEL]
[www.unikin.ac.cd/oipr/public/uploads/users_images/thumbnails/1666194623.jpg]
[www.unikin.ac.cd/oipr/OIPR/publications/324/DEPRECIATION-DU-FRAN]
[www.unikin.ac.cd/oipr/OIPR/publications/1303/UNE-RELECTURE-DE-LAR]
[www.unikin.ac.cd/oipr/OIPR/publications/645/MUTATIONS-SOCIALES-E]
[www.unikin.ac.cd/oipr/OIPR/chercheurs/1370/NDAYA-TSHITEKU-JULIE]
[www.unikin.ac.cd/oipr/public/uploads/users_images/thumbnails/1722370853.jpg]
[www.unikin.ac.cd/oipr/public/storage/publications/1722424256.pdf]
[www.unikin.ac.cd/oipr/OIPR/publications/643/LEREN-VAN-AFRIKAANSE]
[www.unikin.ac.cd/oipr/OIPR/publications/642/LASIE-DANS-LA-PLACE-]
[www.unikin.ac.cd/oipr/OIPR/publications05ed]
[www.unikin.ac.cd/oipr/OIPR/centres/15/institut-de-recherches-historiques-du-temp-present]
[www.unikin.ac.cd/oipr/OIPR/centres/54/centre-detudes-linguistiques-et-litteraires-aime-cesaire]
[www.unikin.ac.cd/oipr/OIPR/centres/61/centre-de-recherche-en-epistemologie-des-sciences-humaines]
[www.unikin.ac.cd/oipr/OIPR/centres/62/groupe-interdisciplinaire-de-travail-en-analyse-de-discours]
[www.unikin.ac.cd/oipr/OIPR/centres/63/centre-international-de-recherche-et-de-documentation-sur-les-traditions-et-les-langues-africaines]
[www.unikin.ac.cd/oipr/OIPR/centres/93/centro-de-lingua-portugues-camoes]
[www.unikin.ac.cd/oipr/OIPR/centres2679]
[www.unikin.ac.cd/oipr/OIPR/centres/10/institut-national-de-recherche-biomedicale]
[www.unikin.ac.cd/oipr/OIPR/centres/13/centre-de-cardiologie]
[www.unikin.ac.cd/oipr/OIPR/centres/25/the-kinshasa-mahidol-oxford-research-unit]
[www.unikin.ac.cd/oipr/OIPR/centres/26/centre-de-recherche-et-detudes-sur-les-maladies-emergentes-et-reemergentes]
[www.unikin.ac.cd/oipr/OIPR/centres/57/centre-de-recherche-antivenin]
[www.unikin.ac.cd/oipr/OIPR/centres/64/centre-de-connaissances-en-sante-en-rd-congo]
[www.unikin.ac.cd/oipr/OIPR/centres/65/centre-interdisciplinaire-de-bioethique-pour-lafrique-francophone]
[www.unikin.ac.cd/oipr/OIPR/centres/66/centre-de-genetique-humaine]
[www.unikin.ac.cd/oipr/OIPR/centres/102/service-de-pneumologieallergologie-et-maladies-infectieuses]
[www.unikin.ac.cd/oipr/OIPR/centres/67/centre-de-recherche-production-et-sante-animale]
[www.unikin.ac.cd/oipr/OIPR/centres/69/centre-detudes-et-de-depistage-des-maladies-emergentes-et-zoonotiques]
[www.unikin.ac.cd/oipr/OIPR/centres/36/laboratoire-de-mesures-electriques-et-instrumentation]
[www.unikin.ac.cd/oipr/OIPR/centres/37/laboratoire-des-machines-outils-et-de-metrologie]
[www.unikin.ac.cd/oipr/OIPR/centres/38/laboratoire-des-moteurs-combustibles]
[www.unikin.ac.cd/oipr/OIPR/centres/39/laboratoire-de-cinematique-et-dynamiques-des-machines]
[www.unikin.ac.cd/oipr/OIPR/centres/40/laboratoire-des-sciences-des-materiaux]
[www.unikin.ac.cd/oipr/OIPR/centres/70/laboratoire-de-thermique]
[www.unikin.ac.cd/oipr/OIPR/centres/71/laboratoire-de-cao]
[www.unikin.ac.cd/oipr/OIPR/centres/72/laboratoire-de-chimie]
[www.unikin.ac.cd/oipr/OIPR/centres/73/laboratoire-de-physique]
[www.unikin.ac.cd/oipr/OIPR/centres/94/laboratoire-dintelligence-artificielle-big-data-analytics-et-systemes-telematiques]
[www.unikin.ac.cd/oipr/OIPR/centres/97/laboratoire-de-mecanique-et-dacoustique]
[www.unikin.ac.cd/oipr/OIPR/centres/1/laboratoire-de-psychosociologie-et-du-comportement-organisationnel-la-psyco]
[www.unikin.ac.cd/oipr/OIPR/centres/18/centre-detudes-et-de-recherche-parapsychologique]
[www.unikin.ac.cd/oipr/OIPR/centres/41/unite-de-soins-et-de-recherches-en-psychologie-infanto-juvenile]
[www.unikin.ac.cd/oipr/OIPR/centres/74/laboratoire-de-numerique-et-des-technologies-de-linformation-et-de-la-communication-pour-lenseignement]
[www.unikin.ac.cd/oipr/OIPR/centres/106/centre-international-de-recherche-en-psychologie-africaine-cirpsa]
[www.unikin.ac.cd/oipr/OIPR/centres/107/centre-de-recherche-en-leadership-entrepreneuriat-et-management-urlem]
[www.unikin.ac.cd/oipr/OIPR/centres/108/chaire-de-psychologie-scolaire-et-de-leducation-cpsed]
[www.unikin.ac.cd/oipr/OIPR/centres/109/chaire-de-recherche-et-expertise-en-entrepreneuriat-cree]
[www.unikin.ac.cd/oipr/OIPR/centres/9/centre-regional-detudes-nucleaire-de-kinshasa]
[www.unikin.ac.cd/oipr/OIPR/centres/42/centre-de-recherche-en-informatique-appliquee-cria]
[www.unikin.ac.cd/oipr/OIPR/centres/43/laboratoire-de-chimie-organique-physique-et-alimentaire]
[www.unikin.ac.cd/oipr/OIPR/centres/51/centre-regional-detudes-nucleaires-de-kinshasa]
[www.unikin.ac.cd/oipr/OIPR/centres/52/laboratoire-des-substances-naturelles-et-chimie-medicinale]
[www.unikin.ac.cd/oipr/OIPR/centres/75/laboratoire-de-chimie-analytique-et-toxicologie-environnementale]
[www.unikin.ac.cd/oipr/OIPR/centres/76/laboratoire-danalyses-et-synthese-organique]
[www.unikin.ac.cd/oipr/OIPR/centres/77/laboratoire-de-chimie-organique-et-energetique]
[www.unikin.ac.cd/oipr/OIPR/centres/78/laboratoire-danalyses-chimiques-chimie-des-substances-naturelles-et-des-maladies-tropicales]
[www.unikin.ac.cd/oipr/OIPR/centres/79/laboratoire-de-microscopie]
[www.unikin.ac.cd/oipr/OIPR/centres/80/laboratoire-de-biochimie]
[www.unikin.ac.cd/oipr/OIPR/centres/81/laboratoire-de-microbiologie-appliquee-aux-ressources-biologiques-et-naturelles]
[www.unikin.ac.cd/oipr/OIPR/centres/101/laboratoire-des-substances-naturelles-et-chimie-medicinale-laschimed]
[www.unikin.ac.cd/oipr/OIPR/centres/17/laboratoire-danalyses-de-medicaments-et-daliments]
[www.unikin.ac.cd/oipr/OIPR/centres/45/laboratoire-de-toxicologie]
[www.unikin.ac.cd/oipr/OIPR/centres/46/laboratoire-de-pharmacie-galenique]
[www.unikin.ac.cd/oipr/OIPR/centres/83/unite-de-pharmacologie-clinique-et-pharmacovigilance]
[www.unikin.ac.cd/oipr/OIPR/centres/84/unite-de-recherche-biochimie-medicale-et-nutritionnelle]
[www.unikin.ac.cd/oipr/OIPR/centres/85/centre-detudes-des-substances-naturelles-dorigine-vegetale]
[www.unikin.ac.cd/oipr/OIPR/centres/86/laboratoire-informatique-et-microscopie]
[www.unikin.ac.cd/oipr/OIPR/centres/87/laboratoire-danalyse-et-de-controle-des-medicaments-et-des-denrees-alimentaires]
[www.unikin.ac.cd/oipr/OIPR/centres/88/laboratoire-de-biochimie-et-hematologie-unite-de-recherche-biochimie-medicale-et-nutritionnelle]
[www.unikin.ac.cd/oipr/OIPR/centres/91/centre-de-recherche-en-pharmacologie-clinique-antoine-kaba]
[www.unikin.ac.cd/oipr/OIPR/centres/104/laboratoire-de-toxicologie-de-luniversite-de-kinshasa]
[www.unikin.ac.cd/oipr/OIPR/centres/111/centre-detudes-des-substances-naturelles-dorigine-vegetales-cesnov]
[www.unikin.ac.cd/oipr/OIPR/centres/112/laboratoire-de-recherche-bio-organique-larebiorg-en-sigle]
[www.unikin.ac.cd/oipr/OIPR/centres/113/laboratoire-de-pharmacie-galenique]
[www.unikin.ac.cd/oipr/OIPR/centres/114/laboratoire-de-toxicologie]
[www.unikin.ac.cd/oipr/OIPR/centres/115/laboratoire-de-microbiologie-experimentale-et-pharmaceutique]
[www.unikin.ac.cd/oipr/OIPR/centres/116/laboratoire-danalyse-et-de-controle-des-medicaments-et-des-denrees-alimentaires-lacomeda]
[www.unikin.ac.cd/oipr/OIPR/centres/117/laboratoire-de-biochimie-et-hematologie]
[www.unikin.ac.cd/oipr/OIPR/centres/118/laboratoire-dinformatique-et-de-microscopie]
[www.unikin.ac.cd/oipr/OIPR/centres/119/laboratoire-de-pharmacognosie]
[www.unikin.ac.cd/oipr/OIPR/centres/120/unite-de-recherche-biologique-medicale-et-nutritionnelle]
[www.unikin.ac.cd/oipr/OIPR/centres/121/laboratoire-de-chimie-organique]
[www.unikin.ac.cd/oipr/OIPR/centres/122/centre-universitaire-de-recherche-et-surveillance-de-la-resistance-aux-antimicrobienscurs-ram]
[www.unikin.ac.cd/oipr/OIPR/centres/123/centre-de-recherche-specialise-sur-les-essais-cliniques]
[www.unikin.ac.cd/oipr/OIPR/centres/124/centre-nationale-de-pharmacovigilance-unite-de-pharmacologie-clinique-et-pharmacovigilanceupc-pv]
[www.unikin.ac.cd/oipr/OIPR/centres/7/observatoire-de-la-gouvernance]
[www.unikin.ac.cd/oipr/OIPR/centres/8/laboratoire-decologie-politique]
[www.unikin.ac.cd/oipr/OIPR/centres/14/centre-interdisciplinaire-detudes-et-de-documentations-politiques]
[www.unikin.ac.cd/oipr/OIPR/centres/20/centre-detudes-politiques]
[www.unikin.ac.cd/oipr/OIPR/centres/47/groupe-de-recherche-sur-les-etudes-strategiques-sur-lafrique]
[www.unikin.ac.cd/oipr/OIPR/centres/48/chaire-de-dynamiques-sociales]
[www.unikin.ac.cd/oipr/OIPR/centres/53/centre-de-recherche-et-detudes-strategiques-sur-le-congo]
[www.unikin.ac.cd/oipr/OIPR/centres/55/rescongo]
[www.unikin.ac.cd/oipr/OIPR/centres/56/centre-detudes-et-de-documentation-sur-lafrique-centrale]
[www.unikin.ac.cd/oipr/OIPR/centres/89/centre-de-coordination-des-recherches-et-de-documentation-en-sciences-sociales-desservant-lafrique-sub-saharienne]
[www.unikin.ac.cd/oipr/OIPR/centres/98/institut-pour-la-democratie-et-le-leadership-politique]
[www.unikin.ac.cd/oipr/OIPR/centres/100/observatoire-de-la-gouvernance-og]
[www.unikin.ac.cd/oipr/OIPR/centres/110/chaire-de-dynamique-social-cds]
[www.unikin.ac.cd/oipr/OIPR/apprenants/12/KIKUNI-SAIDO-BILLY]
[www.unikin.ac.cd/oipr/OIPR/apprenants/14/MUSWASWA-MUSWASWA-ARSENE]
[www.unikin.ac.cd/oipr/OIPR/apprenants/15/MBUDI-DIAMBA-SHAMS]
[www.unikin.ac.cd/oipr/OIPR/apprenants/16/KAMBU-MABIALA]
[www.unikin.ac.cd/oipr/OIPR/apprenants/17/MATONDI-BOSO-CESAR]
[www.unikin.ac.cd/oipr/OIPR/apprenants/18/KIKUNGA-KASENGE-YVON]
[www.unikin.ac.cd/oipr/OIPR/apprenants/19/MATALATALA-KAMAY]
[www.unikin.ac.cd/oipr/OIPR/apprenants/20/KAYEMBE-TSHISWAKA-TCHEICK]
[www.unikin.ac.cd/oipr/public/uploads/users_images/1761825642.jpg]
[www.unikin.ac.cd/oipr/OIPR/apprenants/21/MAYEBISI-MAY-INFO]
[www.unikin.ac.cd/oipr/OIPR/apprenants/22/BASOSILA-BOLAMBA-NARCISSE]
[www.unikin.ac.cd/oipr/OIPR/apprenants2679]
[www.unikin.ac.cd/oipr/OIPR/apprenants/23/KIBUNGU-HODIA-BENJAMIN]
[www.unikin.ac.cd/oipr/OIPR/apprenants/24/KAUMBU-TSHITE-ANTOINE]
[www.unikin.ac.cd/oipr/OIPR/apprenants/25/NGOYI-LUMAMI-HENOCK]
[www.unikin.ac.cd/oipr/OIPR/apprenants/26/MAKENESHI-MAMU-ALAIN]
[www.unikin.ac.cd/oipr/OIPR/apprenants/27/BANDABA-NGABO-ANDRE-JOSE]
[www.unikin.ac.cd/oipr/OIPR/apprenants/28/BANDU-MPUTU]
[www.unikin.ac.cd/oipr/OIPR/apprenants/29/BIGOHE-NZIGIRE-GLODIE]
[www.unikin.ac.cd/oipr/OIPR/apprenants/30/BINDU-MUSAMBALI]
[www.unikin.ac.cd/oipr/OIPR/apprenants/31/BIO-NGBATO-DIEU-MERCI]
[www.unikin.ac.cd/oipr/OIPR/apprenants/32/BOKELU-BWELUMBE-GEORGES-MARIUS]
[www.unikin.ac.cd/oipr/OIPR/apprenants/33/KABEYA-LOBO-RICHARD]
[www.unikin.ac.cd/oipr/OIPR/apprenants/34/KABONGO-KALONJI-JEAN]
[www.unikin.ac.cd/oipr/OIPR/apprenants/35/KANKA-MADIMBA-EMERY]
[www.unikin.ac.cd/oipr/OIPR/apprenants/36/KATSHI-LOKALE-LOUIS]
[www.unikin.ac.cd/oipr/OIPR/apprenants/37/KEDIANGOLO-AYOKA-BLAISE-JOVANI]
[www.unikin.ac.cd/oipr/OIPR/apprenants/38/KITAMBALA-EPI-TIMOTHEE]
[www.unikin.ac.cd/oipr/OIPR/theses/1585]
[www.unikin.ac.cd/oipr/OIPR/theses/1614]
[www.unikin.ac.cd/oipr/OIPR/theses/1617]
[www.unikin.ac.cd/oipr/OIPR/theses/1616]
[www.unikin.ac.cd/oipr/OIPR/theses/1613]
[www.unikin.ac.cd/oipr/OIPR/theses/1609]
[www.unikin.ac.cd/oipr/OIPR/theses/1608]
[www.unikin.ac.cd/oipr/OIPR/theses/1605]
[www.unikin.ac.cd/oipr/OIPR/theses/1603]
[www.unikin.ac.cd/oipr/OIPR/theses/1598]
[www.unikin.ac.cd/oipr/OIPR/theses2679]
[www.unikin.ac.cd/oipr/OIPR/theses/1588]
[www.unikin.ac.cd/oipr/OIPR/theses/1591]
[www.unikin.ac.cd/oipr/OIPR/theses/1593]
[www.unikin.ac.cd/oipr/OIPR/theses/1594]
[www.unikin.ac.cd/oipr/OIPR/theses/1596]
[www.unikin.ac.cd/oipr/OIPR/theses/1597]
[www.unikin.ac.cd/oipr/OIPR/theses/1601]
[www.unikin.ac.cd/oipr/OIPR/theses/1619]
[www.unikin.ac.cd/oipr/OIPR/theses/1580]
[www.unikin.ac.cd/oipr/OIPR/theses/1477]
[www.unikin.ac.cd/oipr/OIPR/theses/1478]
[www.unikin.ac.cd/oipr/OIPR/theses/1479]
[www.unikin.ac.cd/oipr/OIPR/theses/1480]
[www.unikin.ac.cd/oipr/OIPR/theses/1481]
[www.unikin.ac.cd/oipr/OIPR/theses/1482]
[www.unikin.ac.cd/oipr/OIPR/theses/1525]
[www.unikin.ac.cd/oipr/OIPR/theses/1560]
[www.unikin.ac.cd/oipr/OIPR/theses/1561]
[www.unikin.ac.cd/oipr/OIPR/theses/1517]
[www.unikin.ac.cd/oipr/OIPR/theses/1518]
[www.unikin.ac.cd/oipr/OIPR/theses/1519]
[www.unikin.ac.cd/oipr/OIPR/theses/1520]
[www.unikin.ac.cd/oipr/OIPR/theses/1521]
[www.unikin.ac.cd/oipr/OIPR/theses/1524]
[www.unikin.ac.cd/oipr/OIPR/theses/1483]
[www.unikin.ac.cd/oipr/OIPR/theses/1505]
[www.unikin.ac.cd/oipr/OIPR/theses/1484]
[www.unikin.ac.cd/oipr/OIPR/theses/1486]
[www.unikin.ac.cd/oipr/OIPR/theses/1506]
[www.unikin.ac.cd/oipr/OIPR/theses/1507]
[www.unikin.ac.cd/oipr/OIPR/theses/1509]
[www.unikin.ac.cd/oipr/OIPR/theses/1513]
[www.unikin.ac.cd/oipr/OIPR/theses/1423]
[www.unikin.ac.cd/oipr/OIPR/theses/1424]
[www.unikin.ac.cd/oipr/OIPR/theses/1426]
[www.unikin.ac.cd/oipr/OIPR/theses/1428]
[www.unikin.ac.cd/oipr/OIPR/theses/1430]
[www.unikin.ac.cd/oipr/OIPR/theses/1433]
[www.unikin.ac.cd/oipr/OIPR/theses/1436]
[www.unikin.ac.cd/oipr/OIPR/theses/1437]
[www.unikin.ac.cd/oipr/OIPR/theses/1439]
[www.unikin.ac.cd/oipr/OIPR/theses/1440]
[www.unikin.ac.cd/oipr/OIPR/theses/1425]
[www.unikin.ac.cd/oipr/OIPR/theses/1427]
[www.unikin.ac.cd/oipr/OIPR/theses/1429]
[www.unikin.ac.cd/oipr/OIPR/theses/1435]
[www.unikin.ac.cd/oipr/OIPR/theses/1438]
[www.unikin.ac.cd/oipr/OIPR/theses/1474]
[www.unikin.ac.cd/oipr/OIPR/theses/1431]
[www.unikin.ac.cd/oipr/OIPR/theses/1462]
[www.unikin.ac.cd/oipr/OIPR/theses/1463]
[www.unikin.ac.cd/oipr/OIPR/theses/1464]
[www.unikin.ac.cd/oipr/OIPR/theses/1465]
[www.unikin.ac.cd/oipr/OIPR/theses/1466]
[www.unikin.ac.cd/oipr/OIPR/theses1c8b]
[www.unikin.ac.cd/oipr/OIPR/theses/1468]
[www.unikin.ac.cd/oipr/OIPR/theses/1469]
[www.unikin.ac.cd/oipr/OIPR/theses/1472]
[www.unikin.ac.cd/oipr/OIPR/theses/1473]
[www.unikin.ac.cd/oipr/OIPR/theses/1557]
[www.unikin.ac.cd/oipr/OIPR/theses/1449]
[www.unikin.ac.cd/oipr/OIPR/theses/1454]
[www.unikin.ac.cd/oipr/OIPR/theses/1455]
[www.unikin.ac.cd/oipr/OIPR/theses/1456]
[www.unikin.ac.cd/oipr/OIPR/thesesce37]
[www.unikin.ac.cd/oipr/OIPR/theses/1457]
[www.unikin.ac.cd/oipr/OIPR/theses/1459]
[www.unikin.ac.cd/oipr/OIPR/theses/1460]
[www.unikin.ac.cd/oipr/OIPR/theses/1461]
[www.unikin.ac.cd/oipr/OIPR/theses/1493]
[www.unikin.ac.cd/oipr/OIPR/theses/1555]
[www.unikin.ac.cd/oipr/OIPR/theses/1556]
[www.unikin.ac.cd/oipr/OIPR/theses/1415]
[www.unikin.ac.cd/oipr/OIPR/theses/1417]
[www.unikin.ac.cd/oipr/OIPR/theses/1418]
[www.unikin.ac.cd/oipr/OIPR/theses8c93]
[www.unikin.ac.cd/oipr/OIPR/theses/5]
[www.unikin.ac.cd/oipr/OIPR/theses/799]
[www.unikin.ac.cd/oipr/OIPR/theses/551]
[www.unikin.ac.cd/oipr/OIPR/theses/3]
[www.unikin.ac.cd/oipr/OIPR/theses/335]
[www.unikin.ac.cd/oipr/OIPR/theses/247]
[www.unikin.ac.cd/oipr/OIPR/theses/798]
[www.unikin.ac.cd/oipr/OIPR/theses/527]
[www.unikin.ac.cd/oipr/OIPR/theses/6]
[www.unikin.ac.cd/oipr/OIPR/theses/2]
[www.unikin.ac.cd/oipr/OIPR/theses4fbf]
[www.unikin.ac.cd/oipr/OIPR/thesesbcc5]
[www.unikin.ac.cd/oipr/OIPR/thesesdde8]
[www.unikin.ac.cd/oipr/OIPR/theses2d1e]
[www.unikin.ac.cd/oipr/OIPR/thesesbb55]
[www.unikin.ac.cd/oipr/OIPR/theses6386]
[www.unikin.ac.cd/oipr/OIPR/theses7a72]
[www.unikin.ac.cd/oipr/OIPR/thesesfb9c]
[www.unikin.ac.cd/oipr/OIPR/theses/10]
[www.unikin.ac.cd/oipr/OIPR/theses/528]
[www.unikin.ac.cd/oipr/OIPR/theses/525]
[www.unikin.ac.cd/oipr/OIPR/theses/797]
[www.unikin.ac.cd/oipr/OIPR/theses/530]
[www.unikin.ac.cd/oipr/OIPR/theses/529]
[www.unikin.ac.cd/oipr/OIPR/theses/526]
[www.unikin.ac.cd/oipr/OIPR/chercheurs/2618/BOKOLOMBE-BATULI-Y-SAM]
[www.unikin.ac.cd/oipr/OIPR/chercheurs/1501/FOFOLO-KUTWAYENDA-NEPHTALIE]
[www.unikin.ac.cd/oipr/OIPR/chercheurs/2743/ILUNGA-WA-ILUNGA-LECHE]
[www.unikin.ac.cd/oipr/OIPR/chercheurs/1538/KABINDA-BUKASA]
[www.unikin.ac.cd/oipr/OIPR/chercheursff24]
[www.unikin.ac.cd/oipr/OIPR/chercheurs961c]
[www.unikin.ac.cd/oipr/OIPR/chercheurs91a2]
[www.unikin.ac.cd/oipr/OIPR/chercheursa0f3]
[www.unikin.ac.cd/oipr/OIPR/chercheurs4d8c]
[www.unikin.ac.cd/oipr/OIPR/chercheurs/1489/DUKI-MPANZU-ARTHUR]
[www.unikin.ac.cd/oipr/OIPR/chercheurs/2972/ELENGA-BOLUMBU-ENTANGA-GAIUS]
[www.unikin.ac.cd/oipr/OIPR/chercheurs176c]
[www.unikin.ac.cd/oipr/OIPR/chercheursd16f]
[www.unikin.ac.cd/oipr/OIPR/chercheurs8f2a]
[www.unikin.ac.cd/oipr/OIPR/chercheurs1a76]
[www.unikin.ac.cd/oipr/OIPR/chercheurs/348/BAVUIDI-BODIA]
[www.unikin.ac.cd/oipr/OIPR/chercheurs/982/BELEPE-BOPE-MABINTCH]
[www.unikin.ac.cd/oipr/OIPR/chercheurs/1227/BOKE-NKOSO-BWITEY-MATHIEU]
[www.unikin.ac.cd/oipr/OIPR/chercheurs/1399/BOPE-NYIM-A-NKWEM-MATHIEU]
[www.unikin.ac.cd/oipr/OIPR/chercheurs/357/CISHALA-MAPENDO-JOSEPHINE]
[www.unikin.ac.cd/oipr/OIPR/chercheurs/463/EKOLO-ADIAKA-JOHN]
[www.unikin.ac.cd/oipr/OIPR/chercheurs32a5]
[www.unikin.ac.cd/oipr/OIPR/chercheurs6ca4]
[www.unikin.ac.cd/oipr/OIPR/chercheurs8bdd]
[www.unikin.ac.cd/oipr/OIPR/chercheurs04e9]
[www.unikin.ac.cd/oipr/OIPR/chercheurs/1105/ITEKU-BEKOMO-JOSEPH]
[www.unikin.ac.cd/oipr/public/uploads/users_images/thumbnails/1708424671.jpg]
[www.unikin.ac.cd/oipr/OIPR/chercheurs/491/KABAMBA-BALUDIKAY-BLAISE]
[www.unikin.ac.cd/oipr/public/uploads/users_images/thumbnails/1720195639.jpg]
[www.unikin.ac.cd/oipr/OIPR/chercheurs09bb]
[www.unikin.ac.cd/oipr/OIPR/chercheurs2a53]
[www.unikin.ac.cd/oipr/OIPR/chercheurs17c8]
[www.unikin.ac.cd/oipr/OIPR/chercheurs46fb]
[www.unikin.ac.cd/oipr/OIPR/chercheurs/2583/BOKOLOMBE-BOMPONDO-TARA-APANDA-GODEFROID]
[www.unikin.ac.cd/oipr/OIPR/chercheurs/1100/IBULA-TSHATSHILA]
[www.unikin.ac.cd/oipr/OIPR/chercheurs7b7c]
[www.unikin.ac.cd/oipr/OIPR/chercheursca36]
[www.unikin.ac.cd/oipr/OIPR/chercheurs3575]
[www.unikin.ac.cd/oipr/OIPR/chercheursdf54]
[www.unikin.ac.cd/oipr/OIPR/chercheursd994]
[www.unikin.ac.cd/oipr/OIPR/chercheurs9106]
[www.unikin.ac.cd/oipr/OIPR/chercheurs754d]
[www.unikin.ac.cd/oipr/OIPR/chercheurs51bf]
[www.unikin.ac.cd/oipr/OIPR/chercheurs684a]
[www.unikin.ac.cd/oipr/OIPR/chercheurs274f]
[www.unikin.ac.cd/oipr/OIPR/chercheursdc10]
[www.unikin.ac.cd/oipr/OIPR/chercheurs1222]
[www.unikin.ac.cd/oipr/OIPR/chercheurs8398]
[www.unikin.ac.cd/oipr/OIPR/axes2679]
[www.unikin.ac.cd/oipr/OIPR/chercheursdf48]
[www.unikin.ac.cd/oipr/OIPR/chercheursb2af]
[www.unikin.ac.cd/oipr/OIPR/chercheursbc97]
[www.unikin.ac.cd/oipr/OIPR/chercheurs197f]
[www.unikin.ac.cd/oipr/OIPR/chercheurs2168]
[www.unikin.ac.cd/oipr/OIPR/chercheurs3743]
[www.unikin.ac.cd/oipr/OIPR/chercheursd46d]
[www.unikin.ac.cd/oipr/OIPR/chercheursa413]
[www.unikin.ac.cd/oipr/OIPR/chercheurs3b4d]
[www.unikin.ac.cd/oipr/OIPR/chercheursbb50]
[www.unikin.ac.cd/oipr/OIPR/chercheurs1df8]
[www.unikin.ac.cd/oipr/OIPR/chercheurs9092]
[www.unikin.ac.cd/oipr/OIPR/chercheurs9f7e]
[www.unikin.ac.cd/oipr/OIPR/chercheursd971]
[www.unikin.ac.cd/oipr/OIPR/chercheursf7d8]
[www.unikin.ac.cd/oipr/OIPR/chercheurs22dd]
[www.unikin.ac.cd/oipr/OIPR/chercheurs15d9]
[www.unikin.ac.cd/oipr/OIPR/chercheurs660d]
[www.unikin.ac.cd/oipr/OIPR/chercheursf0de]
[www.unikin.ac.cd/oipr/OIPR/chercheurse50c]
[www.unikin.ac.cd/oipr/public/uploads/users_images/1712233773.jpg]
[www.unikin.ac.cd/oipr/OIPR/publications/1256/SURVEY-AND-EXCAVATIO]
[www.unikin.ac.cd/oipr/OIPR/publications/1255/SURVEY-AND-EXCAVATIO]
[www.unikin.ac.cd/oipr/OIPR/publications/1254/AN-NEW-ARCHAEOLOGY-O]
[www.unikin.ac.cd/oipr/OIPR/publications/1253/TOWARDS-AN-ORAL-HIST]
[www.unikin.ac.cd/oipr/OIPR/publications/1135/AN-ARCHAEOLOGIE-OF-T]
[www.unikin.ac.cd/oipr/OIPR/publications/985/15-KA-OLD-EVIDENCE-O]
[www.unikin.ac.cd/oipr/OIPR/publications/1011/LE-PROJET-BANTUFIRST]
[www.unikin.ac.cd/oipr/OIPR/publications/830/KASONGO-TONGONI-A-NI]
[www.unikin.ac.cd/oipr/OIPR/publications/526/SLAVERY-LEGACY-IN-CO]
[www.unikin.ac.cd/oipr/OIPR/publications/451/THE-BEGINNING-OF-THE]
[www.unikin.ac.cd/oipr/OIPR/publications/319/THE-GENETIC-LEGACY-O]
[www.unikin.ac.cd/oipr/OIPR/publications/1270/THE-GENETIC-LEGACY-O]
[www.unikin.ac.cd/oipr/OIPR/publicationsef28]
[www.unikin.ac.cd/oipr/OIPR/publications/453/THE-BANTUFIRST-PROJE]
[www.unikin.ac.cd/oipr/OIPR/publications/450/PREHISTOIRE-DE-LAFRI]
[www.unikin.ac.cd/oipr/OIPR/publications/452/THE-BANTUFIRST-PROJE]
[www.unikin.ac.cd/oipr/OIPR/publications/166/LE-PROJET-BANTUFIRST]
[www.unikin.ac.cd/oipr/OIPR/publications/197/PREMIERES-PROSPECTIO]
[www.unikin.ac.cd/oipr/OIPR/publications/90/ANALYSE-CRITIQUE-DU-]
[www.unikin.ac.cd/oipr/OIPR/publications/72/LE-PROJET-BANTUFIRST]
[www.unikin.ac.cd/oipr/OIPR/publications/71/HISTORY-ARCHAEOLOGY-]
[www.unikin.ac.cd/oipr/OIPR/publications/70/LIDENTITE-DES-PAMZOA]
[www.unikin.ac.cd/oipr/OIPR/publications/455/KITALA-WARE-A-NEW-EA]
[www.unikin.ac.cd/oipr/OIPR/publications/454/LE-PROJET-BANTUFIRST]
[www.unikin.ac.cd/oipr/OIPR/publications/472/QUELLE-ETAIT-LA-FRON]
[www.unikin.ac.cd/oipr/OIPR/publications/457/THE-EASTERN-BORDER-O]
[www.unikin.ac.cd/oipr/OIPR/publications/456/LES-PROVINCES-SEPTEN]
[www.unikin.ac.cd/oipr/OIPR/publications/473/NOUVEAUX-REGARDS-SUR]
[www.unikin.ac.cd/oipr/OIPR/publications/1156/TEXTURES-OF-POWER-IN]
[www.unikin.ac.cd/oipr/OIPR/publications/325/LA-GOUVERNANCE-AU-QU]
[www.unikin.ac.cd/oipr/OIPR/publications/301/LA-VAMPIRISATION-DE-]
[www.unikin.ac.cd/oipr/OIPR/publications/243/NEXUS-CLIMAT-EAU-MIG]
[www.unikin.ac.cd/oipr/OIPR/publications/203/LACTION-PUBLIQUE-EN-]
[www.unikin.ac.cd/oipr/OIPR/publications/202/LA-TERRE-ET-LES-RESS]
[www.unikin.ac.cd/oipr/public/uploads/users_images/1764186191.jpg]
[www.unikin.ac.cd/oipr/public/storage/publications/1761994552.pdf]
[www.unikin.ac.cd/oipr/OIPR/publications/1412/GOUVERNANCE-MIGRATOI]
[www.unikin.ac.cd/oipr/public/storage/publications/1761651797.pdf]
[www.unikin.ac.cd/oipr/OIPR/publications/1405/TIC-REFORME-DES-PROG]
[www.unikin.ac.cd/oipr/OIPR/publications/1409/SECURITE-URBAINE-ET-]
[www.unikin.ac.cd/oipr/public/storage/publications/1761667866.pdf]
[www.unikin.ac.cd/oipr/OIPR/publications/1408/GUIDE-DE-BONNES-PRAT]
[www.unikin.ac.cd/oipr/OIPR/publications/1301/UNE-RETROSPECTIVE-DE]
[www.unikin.ac.cd/oipr/OIPR/publications/1302/RAPPORT-DE-LA-PRE-ET]
[www.unikin.ac.cd/oipr/OIPR/publications/1675/LA-JUSTICE-PENALE-EN]
[www.unikin.ac.cd/oipr/OIPR/publications/1304/PUZZLE-DE-SORTIES-DE]
[www.unikin.ac.cd/oipr/OIPR/publications/1464/THE-ROLE-OF-TERTIARY]
[www.unikin.ac.cd/oipr/OIPR/publications/1413/LES-DEFIS-DE-LA-MISE]
[www.unikin.ac.cd/oipr/OIPR/publications/1681/VIOLENCE-URBAINE-ET-]
[www.unikin.ac.cd/oipr/OIPR/publications/1468/16-LA-JUSTICIA-PENAL]
[www.unikin.ac.cd/oipr/OIPR/publications/1467/LA-REFORMA-DEL-SISTE]
[www.unikin.ac.cd/oipr/OIPR/publications/1466/HOMMAGES-AU-PROFESSE]
[www.unikin.ac.cd/oipr/OIPR/publications/1474/LA-REFORME-DU-SYSTEM]
[www.unikin.ac.cd/oipr/OIPR/publications/1473/MODERNITE-INSECURISE]
[www.unikin.ac.cd/oipr/OIPR/publications/1471/LA-RECHERCHE-EN-CRIM]
[www.unikin.ac.cd/oipr/OIPR/publications/1470/18-UNE-FEMME-UNE-MER]
[www.unikin.ac.cd/oipr/OIPR/publications/1469/LA-RECHERCHE-EN-CRIM]
[www.unikin.ac.cd/oipr/OIPR/publications/1676/LA-GESTION-DES-PROBL]
[www.unikin.ac.cd/oipr/OIPR/publications/1476/LE-CONTROLE-POLICIER]
[www.unikin.ac.cd/oipr/OIPR/publications/1680/LE-DROIT-PENAL-PARTI]
[www.unikin.ac.cd/oipr/OIPR/publications/1679/CAHIERS-DES-CHARGES-]
[www.unikin.ac.cd/oipr/OIPR/publications/1678/REFORME-DU-CODE-PENA]
[www.unikin.ac.cd/oipr/OIPR/publications/1677/LETAT-DES-LIEUX-ET-I]
[www.unikin.ac.cd/oipr/OIPR/publications/1517/LETHNOGRAPHIE-DES-IN]
[www.unikin.ac.cd/oipr/OIPR/publications/1482/LETHNOGRAPHIE-DES-IN]
[www.unikin.ac.cd/oipr/OIPR/publications/1481/FAMILLE-DROIT-ET-SOC]
[www.unikin.ac.cd/oipr/OIPR/publications/1519/THE-APPLICATION-OF-T]
[www.unikin.ac.cd/oipr/OIPR/publications/1518/PARTICIPATION-DES-AC]
[www.unikin.ac.cd/oipr/OIPR/publications/1522/LES-AMBIGUITES-DE-LA]
[www.unikin.ac.cd/oipr/OIPR/publications/1521/LE-CONTROLE-POLICIER]
[www.unikin.ac.cd/oipr/OIPR/publications/1525/DROITS-ET-OBLIGATION]
[www.unikin.ac.cd/oipr/OIPR/publications/1524/VIE-PRIVEE-ET-VIE-PR]
[www.unikin.ac.cd/oipr/OIPR/publications/1523/LETAT-ET-LA-LOI-PENA]
[www.unikin.ac.cd/oipr/OIPR/publications/1527/LA-LEGISLATION-SUR-L]
[www.unikin.ac.cd/oipr/OIPR/publications/1526/ARRETS-EN-DROIT-DU-T]
[www.unikin.ac.cd/oipr/OIPR/publications/1528/LA-JUSTICE-RETRIBUTI]
[www.unikin.ac.cd/oipr/OIPR/publications/1534/LENROLEMENT-DES-ENFA]
[www.unikin.ac.cd/oipr/OIPR/publications/1530/LA-PROTECTION-DES-DR]
[www.unikin.ac.cd/oipr/OIPR/publications/1529/49-LE-MINISTERE-DE-L]
[www.unikin.ac.cd/oipr/OIPR/publications/1535/LE-DECRET-DU-6-DECEM]
[www.unikin.ac.cd/oipr/OIPR/publications/1532/LEGALS-ASPECTS-OF-DO]
[www.unikin.ac.cd/oipr/OIPR/publications/1536/LA-PEINE-DE-MORT-EN-]
[www.unikin.ac.cd/oipr/OIPR/publications/1533/LES-ARRETS-EN-MATIER]
[www.unikin.ac.cd/oipr/OIPR/publications/1537/QUELQUES-SPECIFICITE]
[www.unikin.ac.cd/oipr/OIPR/publications/1531/LES-ARRETS-EN-MATIER]
[www.unikin.ac.cd/oipr/OIPR/publications/1520/LAPPLICATION-DE-LA-C]
[www.unikin.ac.cd/oipr/OIPR/publications/1472/20-LA-JUSTICE-PENALE]
[www.unikin.ac.cd/oipr/public/uploads/gallery/1765524561.jpg]
[www.unikin.ac.cd/oipr/OIPR/publications/7/REPRESENTATION-ESTUD]
[www.unikin.ac.cd/oipr/OIPR/publications/9/STRESS-PERCU-ET-PERS]
[www.unikin.ac.cd/oipr/OIPR/publications/8/FORMES-DE-SOUTIEN-ET]
[www.unikin.ac.cd/oipr/OIPR/publications/10/LES-EFFETS-DU-SOUTIE]
[www.unikin.ac.cd/oipr/OIPR/publications/15/SOUTIEN-ORGANISATION]
[www.unikin.ac.cd/oipr/OIPR/publications/12/EDUCATION-A-LA-CITOY]
[www.unikin.ac.cd/oipr/OIPR/publications/11/PAUVRETE-LABORIEUSE-]
[www.unikin.ac.cd/oipr/OIPR/publications/13/CULTURE-ORGANISATION]
[www.unikin.ac.cd/oipr/OIPR/publications/513/FORMES-DE-SOUTIEN-ET]
[www.unikin.ac.cd/oipr/OIPR/publications/286/IMPACT-DES-FORMES-DE]
[www.unikin.ac.cd/oipr/OIPR/publications0182]
[www.unikin.ac.cd/oipr/OIPR/publications/520/ESSAI-DIDENTIFICATIO]
[www.unikin.ac.cd/oipr/OIPR/publications/519/EDUCATION-A-LA-CITOY]
[www.unikin.ac.cd/oipr/OIPR/publications/518/LA-REUSSITE-AUX-EXAM]
[www.unikin.ac.cd/oipr/OIPR/publications/516/GUIDE-PEDAGOGIQUE-PO]
[www.unikin.ac.cd/oipr/OIPR/publications/514/MANUEL-DINITIATION-E]
[www.unikin.ac.cd/oipr/OIPR/publications/517/RECHERCHES-EN-MANAGE]
[www.unikin.ac.cd/oipr/OIPR/publications/521/ESSAI-DIDENTIFICATIO]
[www.unikin.ac.cd/oipr/OIPR/publications/522/ATTITUDES-DES-FEMMES]
[www.unikin.ac.cd/oipr/OIPR/publications/515/GUIDE-PRATIQUE-DU-FO]
[www.unikin.ac.cd/oipr/OIPR/publications/984/OPTIMIZATION-OF-THE-]
[www.unikin.ac.cd/oipr/OIPR/publications/601/REMOVAL-OF-AFLATOXIN]
[www.unikin.ac.cd/oipr/OIPR/publications/356/MOTOR-CONTROL-AND-CO]
[www.unikin.ac.cd/oipr/OIPR/publications/572/COMPARATIVE-STUDY-OF]
[www.unikin.ac.cd/oipr/OIPR/publications/570/ANALYSIS-OF-TASTE-OF]
[www.unikin.ac.cd/oipr/OIPR/publications/574/EVALUTATION-DE-LA-TE]
[www.unikin.ac.cd/oipr/OIPR/publications/573/CONTROL-OF-AFLATOXIN]
[www.unikin.ac.cd/oipr/OIPR/publications/575/LOWER-SULFURTRANSFER]
[www.unikin.ac.cd/oipr/OIPR/publications/578/COMPARATIVE-CHEMICAL]
[www.unikin.ac.cd/oipr/OIPR/publications/576/DETERMINATION-DE-LA-]
[www.unikin.ac.cd/oipr/OIPR/publications/579/IMPROVEMENT-OF-THE-T]
[www.unikin.ac.cd/oipr/OIPR/publications/582/CONTRIBUTION-A-LIDEN]
[www.unikin.ac.cd/oipr/OIPR/publications/580/ROLE-DE-LA-FEMME-DAN]
[www.unikin.ac.cd/oipr/OIPR/publications/355/LES-MOISISSURES-TOXI]
[www.unikin.ac.cd/oipr/OIPR/publications/353/ROLE-DES-MICROORGANI]
[www.unikin.ac.cd/oipr/OIPR/publications/354/LIMPORTANCE-DES-MOIS]
[www.unikin.ac.cd/oipr/OIPR/chercheurs/1332/MEMVANGA-BONDO-PATRICK]
[www.unikin.ac.cd/oipr/OIPR/chercheurs/2310/KAYEMBE-NTUMBA-HARRY-CESAR]
[www.unikin.ac.cd/oipr/OIPR/chercheurs/943/SHOMBA-KINYAMBA-SYLVAIN]
[www.unikin.ac.cd/oipr/public/uploads/users_images/thumbnails/1720513587.jpg]
[www.unikin.ac.cd/oipr/OIPR/chercheurs/792/NTIRUMENYERWA-MIHIGO-BLAISE]
[www.unikin.ac.cd/oipr/OIPR/chercheurs/754/MUTWALE-KAPEPULA-PAULIN]
[www.unikin.ac.cd/oipr/public/uploads/users_images/thumbnails/1722876875.png]
[www.unikin.ac.cd/oipr/OIPR/projets2679]
[www.unikin.ac.cd/oipr/OIPR/chercheurs/782/NKANGA-ISALOMBOTO-CHRISTIAN]
[www.unikin.ac.cd/oipr/public/uploads/users_images/thumbnails/1722518373.jpg]
[www.unikin.ac.cd/oipr/OIPR/chercheurs/1971/NZINGA-LUZOLO-ANDY-MULLER]
[www.unikin.ac.cd/oipr/OIPR/chercheurs/2691/BEYA-KESHI-ROBIN]
[www.unikin.ac.cd/oipr/OIPR/chercheurs/11/KAMATE-KIRAULI-DAMIEN]
[www.unikin.ac.cd/oipr/OIPR/chercheurs/44/MBANZULU-PITA-NSONIZAU-DAMIEN]
[www.unikin.ac.cd/oipr/OIPR/chercheurs/20/NTSAMBI-EBA-GLENNIE]
[www.unikin.ac.cd/oipr/OIPR/chercheurs/42/WOLOMBY-MOLONDO-JEAN-JOSE]
[www.unikin.ac.cd/oipr/OIPR/chercheurs/9/NTAMABYALIRO-NSENGI-YUMVA-PIERRE-MICHEL]
[www.unikin.ac.cd/oipr/public/uploads/users_images/thumbnails/1722264114.jpg]
[www.unikin.ac.cd/oipr/OIPR/chercheurs/4/NSEKA-KIFUANI-NATHALIE]
[www.unikin.ac.cd/oipr/OIPR/chercheurs/8/MUAMBA-KABENGELE-ROGER-WILLY]
[www.unikin.ac.cd/oipr/OIPR/projets1c8b]
[www.unikin.ac.cd/oipr/OIPR/projetsce37]
[www.unikin.ac.cd/oipr/OIPR/chercheurs/12/YOBI-MALEKITA-DOUDOU]
[www.unikin.ac.cd/oipr/OIPR/chercheurs/1/MUDOGO-NZANZU-CELESTIN]
[www.unikin.ac.cd/oipr/OIPR/chercheurs/15/KISUBI-MPIENE-ZA-TABEZI-PRINCE-MICHEL]
[www.unikin.ac.cd/oipr/OIPR/chercheurs/16/MBALA-BATUMANA-EVARISTE]
[www.unikin.ac.cd/oipr/OIPR/chercheurs/17/MADEE-BAYAA-REMY]
[www.unikin.ac.cd/oipr/OIPR/chercheurs/19/KAZADI-TSHIPANDA-VALENTIN]
[www.unikin.ac.cd/oipr/OIPR/chercheurs/45/MBOLOKO-MATA-JUNIOR]
[www.unikin.ac.cd/oipr/OIPR/chercheurs/806/NZUNDU-NZALA-LEMBA-JULES-EMINENCE]
[www.unikin.ac.cd/oipr/OIPR/chercheurs/2576/SEKELE-MAROB-PATRICK]
[www.unikin.ac.cd/oipr/OIPR/chercheurs55e3]
[www.unikin.ac.cd/oipr/OIPR/chercheursd009]
[www.unikin.ac.cd/oipr/OIPR/chercheursbdd2]
[www.unikin.ac.cd/oipr/OIPR/chercheurs747c]
[www.unikin.ac.cd/oipr/OIPR/chercheurs6833]
[www.unikin.ac.cd/oipr/OIPR/chercheurs82c3]
[www.unikin.ac.cd/oipr/OIPR/chercheurseb96]
[www.unikin.ac.cd/oipr/OIPR/chercheurscb42]
[www.unikin.ac.cd/oipr/OIPR/chercheurs5a85]
[www.unikin.ac.cd/oipr/OIPR/chercheurse1fb]
[www.unikin.ac.cd/oipr/OIPR/chercheurs8e05]
[www.unikin.ac.cd/oipr/OIPR/chercheurs/2196/BAMOSE-NDUNGI]
[www.unikin.ac.cd/oipr/OIPR/chercheurs/2197/BANYONGI-MANYOLE]
[www.unikin.ac.cd/oipr/OIPR/chercheurs55f8]
[www.unikin.ac.cd/oipr/OIPR/chercheursd3ae]
[www.unikin.ac.cd/oipr/OIPR/chercheurs53cc]
[www.unikin.ac.cd/oipr/OIPR/chercheurs38e8]
[www.unikin.ac.cd/oipr/OIPR/chercheursb92c]
[www.unikin.ac.cd/oipr/OIPR/chercheurs0889]
[www.unikin.ac.cd/oipr/OIPR/chercheursb20b]
[www.unikin.ac.cd/oipr/OIPR/chercheurseff1]
[www.unikin.ac.cd/oipr/OIPR/chercheurs1159]
[www.unikin.ac.cd/oipr/OIPR/chercheursc0fa]
[www.unikin.ac.cd/oipr/OIPR/chercheursc2fc]
[www.unikin.ac.cd/oipr/OIPR/chercheurs1e72]
[www.unikin.ac.cd/oipr/OIPR/chercheursfcfe]
[www.unikin.ac.cd/oipr/OIPR/chercheursb8ef]
[www.unikin.ac.cd/oipr/OIPR/chercheurs0842]
[www.unikin.ac.cd/oipr/OIPR/chercheurs27f2]
[www.unikin.ac.cd/oipr/OIPR/chercheurs87d8]
[www.unikin.ac.cd/oipr/OIPR/chercheursd831]
[www.unikin.ac.cd/oipr/OIPR/chercheursf86e]
[www.unikin.ac.cd/oipr/OIPR/chercheurs9735]
[www.unikin.ac.cd/oipr/OIPR/chercheurs3a35]
[www.unikin.ac.cd/oipr/OIPR/chercheurs51da]
[www.unikin.ac.cd/oipr/OIPR/centres1e72]
[www.unikin.ac.cd/oipr/OIPR/chercheurs/2963/DUNGU-KIMBENGA-BAPTISTE]
[www.unikin.ac.cd/oipr/OIPR/chercheurs/205/ILAKA-NZASHILUMENGU]
[www.unikin.ac.cd/oipr/OIPR/chercheurs/3489/KALALA-MBUYI-CHRISTIAN]
[www.unikin.ac.cd/oipr/OIPR/chercheurs/2282/KALONJI-MBOMBO-FREDDY]
[www.unikin.ac.cd/oipr/OIPR/chercheurs/3396/KAMWANGA-MABIKA-JOELLE]
[www.unikin.ac.cd/oipr/OIPR/chercheurs/2296/KANDU-LELO-ASSEKUKA-CLEMENT]
[www.unikin.ac.cd/oipr/public/uploads/users_images/thumbnails/1720623227.jpg]
[www.unikin.ac.cd/oipr/OIPR/chercheurs/544/KAZADI-KAWAYA-ERIC]
[www.unikin.ac.cd/oipr/OIPR/chercheurs9804]
[www.unikin.ac.cd/oipr/OIPR/chercheursf5c6]
[www.unikin.ac.cd/oipr/OIPR/chercheurs08d2]
[www.unikin.ac.cd/oipr/OIPR/chercheurs/2664/BANGAMA-KABONGO-AUGUSTIN]
[www.unikin.ac.cd/oipr/OIPR/chercheurs/2206/BEMBEKA-KIESSE]
[www.unikin.ac.cd/oipr/OIPR/chercheurs/2684/BENGE-KADE-ALTESSE]
[www.unikin.ac.cd/oipr/OIPR/chercheurs/2695/BIDUAYA-NGALAMULUME]
[www.unikin.ac.cd/oipr/OIPR/chercheurs/2211/BIGOHE-NZANA-RWABAKA]
[www.unikin.ac.cd/oipr/OIPR/chercheurs/2699/BIKAYI-TSHIANI-NEHEMIE]
[www.unikin.ac.cd/oipr/OIPR/chercheurs/2755/BISENTO-NGAFA]
[www.unikin.ac.cd/oipr/OIPR/chercheurs/2754/BISHOP-KEPA-YOLANDE]
[www.unikin.ac.cd/oipr/OIPR/chercheurs156e]
[www.unikin.ac.cd/oipr/OIPR/chercheurs4a2b]
[www.unikin.ac.cd/oipr/OIPR/chercheursf860]
[www.unikin.ac.cd/oipr/OIPR/chercheurs82a1]
[www.unikin.ac.cd/oipr/OIPR/chercheurs78c6]
[www.unikin.ac.cd/oipr/OIPR/chercheurs09a9]
[www.unikin.ac.cd/oipr/OIPR/chercheursf3bc]
[www.unikin.ac.cd/oipr/OIPR/chercheursf77d]
[www.unikin.ac.cd/oipr/OIPR/chercheurs409d]
[www.unikin.ac.cd/oipr/OIPR/chercheurs6ae3]
[www.unikin.ac.cd/oipr/OIPR/chercheurs/2195/BALUME-KAHUNGA]
[www.unikin.ac.cd/oipr/OIPR/chercheurs/2672/BAPOLISI-AMBIKA]
[www.unikin.ac.cd/oipr/OIPR/chercheurs/1202/BENDEBENDE-MUNGOMBA]
[www.unikin.ac.cd/oipr/OIPR/chercheurs/983/BEYA-KAMBA-JEAN-MARIE]
[www.unikin.ac.cd/oipr/OIPR/chercheurs/178/BILANDA-NDELE]
[www.unikin.ac.cd/oipr/OIPR/chercheurs/2704/BILIKI-MPENDA-ARNOLD]
[www.unikin.ac.cd/oipr/OIPR/chercheurs7e9e]
[www.unikin.ac.cd/oipr/OIPR/chercheurs9a2f]
[www.unikin.ac.cd/oipr/OIPR/chercheurs5218]
[www.unikin.ac.cd/oipr/OIPR/chercheurs1e78]
[www.unikin.ac.cd/oipr/OIPR/chercheurs388c]
[www.unikin.ac.cd/oipr/OIPR/chercheurs1094]
[www.unikin.ac.cd/oipr/OIPR/chercheurs5080]
[www.unikin.ac.cd/oipr/OIPR/chercheursb9fe]
[www.unikin.ac.cd/oipr/OIPR/chercheurs520e]
[www.unikin.ac.cd/oipr/OIPR/chercheurs73d1]
[www.unikin.ac.cd/oipr/OIPR/chercheursceeb]
[www.unikin.ac.cd/oipr/OIPR/centres7e9e]
[www.unikin.ac.cd/oipr/OIPR/chercheurs2546]
[www.unikin.ac.cd/oipr/OIPR/chercheursad48]
[www.unikin.ac.cd/oipr/OIPR/chercheurs5e03]
[www.unikin.ac.cd/oipr/OIPR/chercheursfc9b]
[www.unikin.ac.cd/oipr/OIPR/chercheursfe8c]
[www.unikin.ac.cd/oipr/OIPR/chercheurs51ec]
[www.unikin.ac.cd/oipr/OIPR/chercheurs1279]
[www.unikin.ac.cd/oipr/OIPR/chercheurse02a]
[www.unikin.ac.cd/oipr/OIPR/chercheurs3168]
[www.unikin.ac.cd/oipr/OIPR/chercheurs6796]
[www.unikin.ac.cd/oipr/OIPR/chercheurs613d]
[www.unikin.ac.cd/oipr/OIPR/chercheursf5a8]
[www.unikin.ac.cd/oipr/OIPR/chercheursac0a]
[www.unikin.ac.cd/oipr/OIPR/chercheurs95a2]
[www.unikin.ac.cd/oipr/OIPR/chercheurs9f03]
[www.unikin.ac.cd/oipr/OIPR/chercheurs7bf7]
[www.unikin.ac.cd/oipr/OIPR/chercheurs0435]
[www.unikin.ac.cd/oipr/OIPR/chercheurs5377]
[www.unikin.ac.cd/oipr/OIPR/chercheurs91f4]
[www.unikin.ac.cd/oipr/OIPR/chercheursc56f]
[www.unikin.ac.cd/oipr/OIPR/chercheurs8cf8]
[www.unikin.ac.cd/oipr/OIPR/chercheurs52b6]
[www.unikin.ac.cd/oipr/OIPR/centresf5a8]
[www.unikin.ac.cd/oipr/OIPR/chercheurs/346/BAMBI-NYANGUILE]
[www.unikin.ac.cd/oipr/OIPR/chercheurs/2204/BAYEBILA-MENANZAMBI-TRESOR]
[www.unikin.ac.cd/oipr/OIPR/chercheurs/1022/BIEBIE-SONGO-MILETE]
[www.unikin.ac.cd/oipr/OIPR/chercheurs/2231/BUYA-BANZENGA-ARISTOTE]
[www.unikin.ac.cd/oipr/OIPR/chercheurs/1000/CIMANGA-KANYANGA]
[www.unikin.ac.cd/oipr/OIPR/chercheurs/2234/CIZA-HAMULI-PATIENT]
[www.unikin.ac.cd/oipr/OIPR/chercheurs/3718/DHIMBE-BUJO-GLORIA]
[www.unikin.ac.cd/oipr/OIPR/chercheurs/3719/DISASHI-TSHIMPANGILA]
[www.unikin.ac.cd/oipr/OIPR/chercheurs/2256/ILANGALA-BOOKA-ANGE]
[www.unikin.ac.cd/oipr/public/uploads/users_images/thumbnails/1722942372.jpg]
[www.unikin.ac.cd/oipr/OIPR/chercheurs31d3]
[www.unikin.ac.cd/oipr/OIPR/chercheursb62a]
[www.unikin.ac.cd/oipr/OIPR/chercheursa8fc]
[www.unikin.ac.cd/oipr/OIPR/chercheurs10d4]
[www.unikin.ac.cd/oipr/OIPR/chercheurs79b4]
[www.unikin.ac.cd/oipr/OIPR/chercheursff02]
[www.unikin.ac.cd/oipr/OIPR/chercheurs18be]
[www.unikin.ac.cd/oipr/OIPR/chercheursccdd]
[www.unikin.ac.cd/oipr/OIPR/chercheurs98a1]
[www.unikin.ac.cd/oipr/OIPR/chercheurs2239]
[www.unikin.ac.cd/oipr/OIPR/chercheursa36a]
[www.unikin.ac.cd/oipr/OIPR/centres31d3]
[www.unikin.ac.cd/oipr/OIPR/centresb62a]
[www.unikin.ac.cd/oipr/OIPR/chercheurs3c36]
[www.unikin.ac.cd/oipr/OIPR/chercheurs120e]
[www.unikin.ac.cd/oipr/OIPR/chercheursfea9]
[www.unikin.ac.cd/oipr/OIPR/chercheursc2c2]
[www.unikin.ac.cd/oipr/OIPR/chercheursf9cb]
[www.unikin.ac.cd/oipr/OIPR/chercheurs4c6b]
[www.unikin.ac.cd/oipr/OIPR/chercheurs8594]
[www.unikin.ac.cd/oipr/OIPR/chercheurs27c4]
[www.unikin.ac.cd/oipr/OIPR/chercheurs0578]
[www.unikin.ac.cd/oipr/OIPR/chercheurs486f]
[www.unikin.ac.cd/oipr/OIPR/chercheurs18e0]
[www.unikin.ac.cd/oipr/OIPR/centres3c36]
[www.unikin.ac.cd/oipr/OIPR/chercheurs/3789/BILE-BOPILI]
[www.unikin.ac.cd/oipr/OIPR/chercheurs/2773/CHABO-BYAENE-ALAIN]
[www.unikin.ac.cd/oipr/OIPR/chercheurs/2787/DISIDI-YAKINI-PATRICK]
[www.unikin.ac.cd/oipr/OIPR/chercheurs/3324/EKOFO-INGANYA-EDIZ]
[www.unikin.ac.cd/oipr/OIPR/chercheurs/3343/FAYETA-NSINGI-BLEUVY-JUSTICE]
[www.unikin.ac.cd/oipr/OIPR/chercheurs/3788/FAYETA-NGINGI-JUSTICE]
[www.unikin.ac.cd/oipr/OIPR/chercheurs/3792/KANDONGO-MAKI-GA-DIDIER]
[www.unikin.ac.cd/oipr/OIPR/chercheurs/3624/KAVUKA-MARDOCHEE]
[www.unikin.ac.cd/oipr/OIPR/chercheurs/3785/KAYEMBE-MWIMBI-DAVID]
[www.unikin.ac.cd/oipr/public/uploads/users_images/thumbnails/1763390331.jpg]
[www.unikin.ac.cd/oipr/OIPR/chercheurs/3639/KILESA-NKANGA-DORCAS]
[www.unikin.ac.cd/oipr/OIPR/chercheurs7fd3]
[www.unikin.ac.cd/oipr/OIPR/chercheurs3ce6]
[www.unikin.ac.cd/oipr/OIPR/chercheursd593]
[www.unikin.ac.cd/oipr/OIPR/centres53a0]
[www.unikin.ac.cd/oipr/OIPR/centresccfc]
[www.unikin.ac.cd/oipr/public/uploads/users_images/1746648197.jpg]
[www.unikin.ac.cd/oipr/OIPR/publications/1152/IMPACT-OF-COVID-19-O]
[www.unikin.ac.cd/oipr/OIPR/publications/1151/GLOBAL-TRENDS-IN-CD4]
[www.unikin.ac.cd/oipr/OIPR/publications/1150/BARRIERS-AND-FACILIT]
[www.unikin.ac.cd/oipr/public/storage/publications/1725378598.pdf]
[www.unikin.ac.cd/oipr/OIPR/publications/799/ASSOCIATION-OF-COMPR]
[www.unikin.ac.cd/oipr/public/storage/publications/1725377565.pdf]
[www.unikin.ac.cd/oipr/OIPR/publications/798/BREASTFEEDING-PRACTI]
[www.unikin.ac.cd/oipr/public/storage/publications/1725377001.pdf]
[www.unikin.ac.cd/oipr/OIPR/publications/797/USING-INTERVENTION-M]
[www.unikin.ac.cd/oipr/OIPR/publications/800/CHILDHOOD-IMMUNIZATI]
[www.unikin.ac.cd/oipr/OIPR/publications/812/THE-APPLICATION-OF-I]
[www.unikin.ac.cd/oipr/OIPR/publications/811/EPIDEMIOLOGICAL-CLIN]
[www.unikin.ac.cd/oipr/public/storage/publications/1725386882.pdf]
[www.unikin.ac.cd/oipr/OIPR/publications/804/ASSESSING-ROUTINE-HE]
[www.unikin.ac.cd/oipr/public/storage/publications/1725386136.pdf]
[www.unikin.ac.cd/oipr/OIPR/publications/803/BARRIERS-AND-FACILIT]
[www.unikin.ac.cd/oipr/public/storage/publications/1725385541.pdf]
[www.unikin.ac.cd/oipr/OIPR/publications/802/COMMON-BREASTFEEDING]
[www.unikin.ac.cd/oipr/OIPR/publications/801/HIV-DISCLOSURE-AND-D]
[www.unikin.ac.cd/oipr/public/storage/publications/1725537151.pdf]
[www.unikin.ac.cd/oipr/OIPR/publications/814/DETERMINANTS-OF-CANN]
[www.unikin.ac.cd/oipr/public/storage/publications/1725536405.pdf]
[www.unikin.ac.cd/oipr/OIPR/publications/813/EVALUATION-DE-LA-PRI]
[www.unikin.ac.cd/oipr/public/storage/publications/1725387274.pdf]
[www.unikin.ac.cd/oipr/OIPR/publications/805/ASSESSING-READINESS-]
[www.unikin.ac.cd/oipr/OIPR/publications/816/MALARIA-TEST-POSITIV]
[www.unikin.ac.cd/oipr/public/storage/publications/1725537792.pdf]
[www.unikin.ac.cd/oipr/OIPR/publications/815/LEVEL-OF-COMMUNITY-P]
[www.unikin.ac.cd/oipr/public/storage/publications/1725387948.pdf]
[www.unikin.ac.cd/oipr/OIPR/publications/806/EVALUATION-OF-THE-IN]
[www.unikin.ac.cd/oipr/public/storage/publications/1725389749.pdf]
[www.unikin.ac.cd/oipr/OIPR/publications/808/EPIDEMIOLOGY-OF-CIRC]
[www.unikin.ac.cd/oipr/public/storage/publications/1725388946.pdf]
[www.unikin.ac.cd/oipr/OIPR/publications/807/THE-NATIONAL-AND-PRO]
[www.unikin.ac.cd/oipr/public/storage/publications/1725390174.pdf]
[www.unikin.ac.cd/oipr/OIPR/publications/809/EFFECTS-OF-UNCONDITI]
[www.unikin.ac.cd/oipr/public/storage/publications/1725545178.pdf]
[www.unikin.ac.cd/oipr/OIPR/publications/826/CRITICAL-READING-OF-]
[www.unikin.ac.cd/oipr/public/storage/publications/1725539424.pdf]
[www.unikin.ac.cd/oipr/OIPR/publications/817/MOLECULAR-ANALYSIS-O]
[www.unikin.ac.cd/oipr/OIPR/publications/818/EFFECT-OF-THE-BABY-F]
[www.unikin.ac.cd/oipr/public/storage/publications/1725390611.pdf]
[www.unikin.ac.cd/oipr/OIPR/publications/810/PREDICTORS-OF-DISCON]
[www.unikin.ac.cd/oipr/public/storage/publications/1725540696.pdf]
[www.unikin.ac.cd/oipr/OIPR/publications/819/ROLE-DU-STRESS-LIE-A]
[www.unikin.ac.cd/oipr/OIPR/publications/822/LE-NEUROTOXOPLASMOSE]
[www.unikin.ac.cd/oipr/OIPR/publications/821/PROBLEMATIQUE-DE-LA-]
[www.unikin.ac.cd/oipr/OIPR/publications/820/LA-SEROTHERAPIE-ANTI]
[www.unikin.ac.cd/oipr/OIPR/publications/825/PROFIL-CLINIQUE-ET-I]
[www.unikin.ac.cd/oipr/OIPR/publications/824/SARCOME-DE-KAPOSI-GE]
[www.unikin.ac.cd/oipr/OIPR/publications/823/LINTERET-DE-LUTILISA]
[www.unikin.ac.cd/oipr/OIPR/publications/348/EXTRACTION-DES-ACTIO]
[www.unikin.ac.cd/oipr/public/uploads/users_images/1721566930.jpg]
[www.unikin.ac.cd/oipr/public/storage/publications/1760715229.pdf]
[www.unikin.ac.cd/oipr/OIPR/publications/1401/FACTORS-ASSOCIATED-W]
[www.unikin.ac.cd/oipr/public/storage/publications/1746065632.pdf]
[www.unikin.ac.cd/oipr/OIPR/publications/1148/FACTORS-ASSOCIATED-W]
[www.unikin.ac.cd/oipr/public/storage/publications/1721120777.pdf]
[www.unikin.ac.cd/oipr/OIPR/publications/589/BLOOD-PRESSURE-TO-HE]
[www.unikin.ac.cd/oipr/OIPR/publications/990/ANALYSIS-OF-BLOOD-PR]
[www.unikin.ac.cd/oipr/OIPR/publications/989/ATHEROSCLEROTIC-CARD]
[www.unikin.ac.cd/oipr/OIPR/publications/1105/OCCUPATION-DU-SOL-DA]
[www.unikin.ac.cd/oipr/OIPR/chercheurs/1207/gisbha@yahoo.fr]
[www.unikin.ac.cd/oipr/public/storage/publications/1721117374.pdf]
[www.unikin.ac.cd/oipr/OIPR/publications/588/CORRELATES-OF-ERECTI]
[www.unikin.ac.cd/oipr/OIPR/publications/563/ETHNOBOTANY-OF-FOOD-]
[www.unikin.ac.cd/oipr/OIPR/publications/561/EVALUATION-DE-LA-DYN]
[www.unikin.ac.cd/oipr/public/storage/publications/1720639382.pdf]
[www.unikin.ac.cd/oipr/OIPR/publications/560/REPRESENTATIONS-SOCI]
[www.unikin.ac.cd/oipr/OIPR/publications/562/SOCIO-ECONOMIC-VALUE]
[www.unikin.ac.cd/oipr/OIPR/publications/290/ADOPTION-DES-VARIETE]
[www.unikin.ac.cd/oipr/OIPR/publications/230/PRODUCTION-ANTI-ECOL]
[www.unikin.ac.cd/oipr/OIPR/publications/234/DEVELOPMENT-OF-ARBOR]
[www.unikin.ac.cd/oipr/OIPR/publications/231/ETHNOBOTANICAL-STUDY]
[www.unikin.ac.cd/oipr/OIPR/publications/233/DEVELOPPEMENT-DE-LAR]
[www.unikin.ac.cd/oipr/OIPR/publications/227/USE-OF-COLLECTIVE-EX]
[www.unikin.ac.cd/oipr/OIPR/publications/236/INNOVATIVE-AGRICULTU]
[www.unikin.ac.cd/oipr/OIPR/publications/235/CARACTERISATION-DES-]
[www.unikin.ac.cd/oipr/OIPR/publications/228/TYPOLOGIE-DES-EXPLOI]
[www.unikin.ac.cd/oipr/OIPR/publications/221/GESTION-DES-RESSOURC]
[www.unikin.ac.cd/oipr/OIPR/publications/218/CONTRIBUTION-OF-THE-]
[www.unikin.ac.cd/oipr/OIPR/publications/140/EVALUATION-DU-VOLUME]
[www.unikin.ac.cd/oipr/OIPR/publications/223/ANALYSE-DE-LA-FILIER]
[www.unikin.ac.cd/oipr/OIPR/publications/222/VARIATION-PHENOTYPIQ]
[www.unikin.ac.cd/oipr/OIPR/publications/220/IMPACT-DES-ACTIVITES]
[www.unikin.ac.cd/oipr/OIPR/publications/219/LES-ESPACES-VERTS-EN]
[www.unikin.ac.cd/oipr/OIPR/publications/216/LES-STATUTS-MORPHOLO]
[www.unikin.ac.cd/oipr/OIPR/publications/215/LA-BIODIVERSITE-DES-]
[www.unikin.ac.cd/oipr/OIPR/publications/213/LA-VEGETATION-ARBORE]
[www.unikin.ac.cd/oipr/OIPR/publications/237/MAINTIEN-DE-LEQUILIB]
[www.unikin.ac.cd/oipr/OIPR/publications/214/NURSERY-SUBSTRATES-A]
[www.unikin.ac.cd/oipr/OIPR/publications/210/LANALYSE-COMPARATIVE]
[www.unikin.ac.cd/oipr/OIPR/publications/291/ANALYSE-SOCIOECONOMI]
[www.unikin.ac.cd/oipr/OIPR/publications/238/ANALYSE-DE-LA-CHAINE]
[www.unikin.ac.cd/oipr/OIPR/publications/289/CONTRIBUTION-DE-LAGR]
[www.unikin.ac.cd/oipr/OIPR/publications/239/SMALLHOLDER-AGROFORE]
[www.unikin.ac.cd/oipr/OIPR/publications/211/PERI-URBAN-DYNAMICS-]
[www.unikin.ac.cd/oipr/OIPR/publications/295/ANALYSE-DE-LA-COMMER]
[www.unikin.ac.cd/oipr/OIPR/publications/283/RAPPORT-DE-LA-RENCON]
[www.unikin.ac.cd/oipr/OIPR/publications/282/RAPPORT-DE-LA-RENCON]
[www.unikin.ac.cd/oipr/OIPR/publications/224/AGROFORESTRY-AND-TRE]
[www.unikin.ac.cd/oipr/OIPR/publications/207/DETERMINANTS-OF-CONS]
[www.unikin.ac.cd/oipr/OIPR/publications/294/ANALYSE-DE-LA-CHAINE]
[www.unikin.ac.cd/oipr/OIPR/publications/288/VALUE-CHAIN-ANALYSIS]
[www.unikin.ac.cd/oipr/OIPR/publications/285/INVENTAIRE-DES-PRODU]
[www.unikin.ac.cd/oipr/OIPR/publications/293/VALORISATION-DES-PRO]
[www.unikin.ac.cd/oipr/OIPR/publications/287/RAPPORT-DE-LATELIER-]
[www.unikin.ac.cd/oipr/OIPR/publications/226/LE-SAVOIR-FAIRE-LOCA]
[www.unikin.ac.cd/oipr/OIPR/publications/225/LE-SAVOIR-FAIRE-LOCA]
[www.unikin.ac.cd/oipr/OIPR/publications/284/EVALUATION-OF-NON-LI]
[www.unikin.ac.cd/oipr/OIPR/publications/229/ETUDE-DES-DETERMINAN]
[www.unikin.ac.cd/oipr/OIPR/publications/209/VALORISATION-DES-PRO]
[www.unikin.ac.cd/oipr/OIPR/publications/208/ETUDE-DE-LEXPLOITATI]
[www.unikin.ac.cd/oipr/OIPR/publications/232/ZONES-PERIURBAINES-R]
[www.unikin.ac.cd/oipr/OIPR/publications/212/REPUBLIQUE-DEMOCRATI]
[www.unikin.ac.cd/oipr/OIPR/publications/292/CONTRIBUTION-A-LETUD]
[www.unikin.ac.cd/oipr/public/storage/publications/1764951462.pdf]
[www.unikin.ac.cd/oipr/OIPR/publications/1437/HIGH-PREVALENCE-OF-D]
[www.unikin.ac.cd/oipr/OIPR/chercheurs/418/BOBE-ALIFI-LETA-PAUL]
[www.unikin.ac.cd/oipr/OIPR/chercheurs/997/BUKWELI-KYEMBA-JOSEPH-DESIRE]
[www.unikin.ac.cd/oipr/public/uploads/users_images/thumbnails/1730217788.jpg]
[www.unikin.ac.cd/oipr/OIPR/chercheurs/359/DUAGANI-MASIKA-YVONNE]
[www.unikin.ac.cd/oipr/OIPR/chercheursdd46]
[www.unikin.ac.cd/oipr/OIPR/chercheurs/3032/GBOLO-ZOAWE-BENJAMIN]
[www.unikin.ac.cd/oipr/public/uploads/users_images/thumbnails/1723470728.jpg]
[www.unikin.ac.cd/oipr/OIPR/chercheurs/1509/HUTU-KABAMBA-BIN-KAYOKA-VICTOR]
[www.unikin.ac.cd/oipr/public/uploads/users_images/thumbnails/1722518315.jpg]
[www.unikin.ac.cd/oipr/OIPR/chercheurs/35/ILUNGA-MUNYANG]
[www.unikin.ac.cd/oipr/OIPR/chercheurs/493/KABAMBA-MUTANGILAYI-MARTIN]
[www.unikin.ac.cd/oipr/public/uploads/users_images/thumbnails/1721219621.jpg]
[www.unikin.ac.cd/oipr/OIPR/chercheurs/10/KADINEKENE-KAPUKU-JOSEPH]
[www.unikin.ac.cd/oipr/OIPR/chercheurs/507/KAHINDO-MUYAYALO-PATRICK]
[www.unikin.ac.cd/oipr/public/uploads/users_images/thumbnails/1708698015.jpg]
[www.unikin.ac.cd/oipr/OIPR/chercheurs/1044/KAHINDO-KIYONGA-AIMEE]
[www.unikin.ac.cd/oipr/OIPR/chercheurs/1231/KALALA-OKITO]
[www.unikin.ac.cd/oipr/OIPR/chercheurs/1563/KALALA-KAZADI-EM]
[www.unikin.ac.cd/oipr/OIPR/chercheurs/519/KAMANGU-NTAMBWE-ERICK]
[www.unikin.ac.cd/oipr/OIPR/chercheurs/28/KAMBA-BEBELE-JEAN-PATRICK]
[www.unikin.ac.cd/oipr/public/uploads/users_images/thumbnails/1725213478.jpg]
[www.unikin.ac.cd/oipr/OIPR/chercheurs/2286/KAMBALE-KAVUNGERE-ESPOIR]
[www.unikin.ac.cd/oipr/OIPR/chercheurs/1599/KASHONGWE-MURHULA-INNOCENT]
[www.unikin.ac.cd/oipr/OIPR/chercheurs/1245/KASORO-MULENDA-NATHANAEL]
[www.unikin.ac.cd/oipr/public/uploads/users_images/thumbnails/1718647544.png]
[www.unikin.ac.cd/oipr/OIPR/chercheurs/46/KAYEMBE-NTUMBA-JEAN-MARIE]
[www.unikin.ac.cd/oipr/public/uploads/users_images/thumbnails/1715954784.jpg]
[www.unikin.ac.cd/oipr/OIPR/chercheurs/541/KAYEMBE-KATAYI-DELPHIN]
[www.unikin.ac.cd/oipr/OIPR/chercheurs/1254/KIBADI-KAPAY-ANATOLE]
[www.unikin.ac.cd/oipr/OIPR/chercheurs/554/KIMBA-PHONGI-EDDY]
[www.unikin.ac.cd/oipr/public/uploads/users_images/thumbnails/1746736859.jpg]
[www.unikin.ac.cd/oipr/OIPR/chercheurs/1256/KIMBENI-MALONGO-TRESOR]
[www.unikin.ac.cd/oipr/public/uploads/users_images/thumbnails/1763684044.jpg]
[www.unikin.ac.cd/oipr/OIPR/chercheurs/34/KIMPIATU-KENGA]
[www.unikin.ac.cd/oipr/OIPR/chercheurs/27/KITENGE-KIA-KAYEMBE-CHARLES]
[www.unikin.ac.cd/oipr/OIPR/chercheurs/109/KODONDI-KULE-KOTO]
[www.unikin.ac.cd/oipr/OIPR/chercheurs/1676/KUSUAYI-MABELE-GODEFROID]
[www.unikin.ac.cd/oipr/OIPR/chercheurs/3781/LAWANGA-ONTSHICK-LEADER]
[www.unikin.ac.cd/oipr/OIPR/chercheurs/25/LOKOMBA-BOLAMBA-VICKY]
[www.unikin.ac.cd/oipr/OIPR/chercheurs/1067/LONGOKOLO-MASHI-MURIELLE]
[www.unikin.ac.cd/oipr/public/uploads/users_images/thumbnails/1723674485.jpg]
[www.unikin.ac.cd/oipr/OIPR/chercheurs/324/LUKUSA-TSHILOBO-PROSPER]
[www.unikin.ac.cd/oipr/OIPR/chercheurs/36/LUMAYA-AMBIS-JOELLE]
[www.unikin.ac.cd/oipr/OIPR/chercheurs/1290/LUTETE-KELANI]
[www.unikin.ac.cd/oipr/OIPR/chercheurs/1291/LUTULA-PENE-SHENDA]
[www.unikin.ac.cd/oipr/OIPR/chercheurs/1292/LUTUMBA-WA-LUTUMBA]
[www.unikin.ac.cd/oipr/OIPR/chercheurs/2621/LUYEYE-MVILA-GERTRUDE]
[www.unikin.ac.cd/oipr/OIPR/chercheurs/2795/MAFUTA-MUNGANGA-DANNY]
[www.unikin.ac.cd/oipr/public/uploads/users_images/thumbnails/1721113192.jpg]
[www.unikin.ac.cd/oipr/OIPR/chercheurs/602/MAHUNDA-NZENDO-LUBAMBA-JEAN-BOSCO]
[www.unikin.ac.cd/oipr/OIPR/chercheurs/370/MAKETA-TEVUZULA-VIVI]
[www.unikin.ac.cd/oipr/public/uploads/users_images/thumbnails/1722259437.jpg]
[www.unikin.ac.cd/oipr/OIPR/chercheurs/1299/MAKULO-RISSASSI-JEAN-ROBERT]
[www.unikin.ac.cd/oipr/OIPR/chercheurs/1301/MALEMBA-KABASELE]
[www.unikin.ac.cd/oipr/OIPR/chercheurs/1459/MALONDA-NSASI]
[www.unikin.ac.cd/oipr/OIPR/chercheurs/2909/MAMBU-NYANGI-THERESE]
[www.unikin.ac.cd/oipr/OIPR/chercheurs/342/MAMPUNZA-MA-MIEZI]
[www.unikin.ac.cd/oipr/OIPR/chercheurs/2855/MANGONGO-TINDA-YVES]
[www.unikin.ac.cd/oipr/public/uploads/users_images/thumbnails/1721668898.jpg]
[www.unikin.ac.cd/oipr/OIPR/chercheurs/614/MANTSHUMBA-MILOLO-AUGUSTIN]
[www.unikin.ac.cd/oipr/OIPR/chercheurs/454/MASIALA-TSOBO]
[www.unikin.ac.cd/oipr/OIPR/chercheurs/456/MATANDA-NZANZA]
[www.unikin.ac.cd/oipr/OIPR/chercheurs/2964/MATATU-BUTANTU]
[www.unikin.ac.cd/oipr/OIPR/chercheurs/619/MATONDA-MA-NZUZI]
[www.unikin.ac.cd/oipr/OIPR/chercheurs/3007/MAWISA-ELIPSIS-ELIPSIS]
[www.unikin.ac.cd/oipr/public/uploads/users_images/thumbnails/1725581968.jpg]
[www.unikin.ac.cd/oipr/OIPR/chercheurs/1787/MAYUNGA-MBUEBO-GUYGUY]
[www.unikin.ac.cd/oipr/OIPR/chercheursed0b]
[www.unikin.ac.cd/oipr/OIPR/chercheurs/38/MBALA-NLANDU-LEON]
[www.unikin.ac.cd/oipr/OIPR/chercheurs/1323/MBALA-NLANDU]
[www.unikin.ac.cd/oipr/OIPR/chercheurs/631/MBANGAMA-MUELA-ANDY]
[www.unikin.ac.cd/oipr/OIPR/chercheurs/1325/MBENDI-NSUKINI]
[www.unikin.ac.cd/oipr/OIPR/chercheurs/1326/MBIYA-MUADI-FLORENCE]
[www.unikin.ac.cd/oipr/OIPR/chercheurs/1452/MBOMA-MAPIPI-ODETTE]
[www.unikin.ac.cd/oipr/OIPR/chercheurs/693/MBUNGU-MWIMBA-ROGER]
[www.unikin.ac.cd/oipr/OIPR/chercheurs/695/MBUYAMBA-KABANGU]
[www.unikin.ac.cd/oipr/OIPR/chercheurs/697/MBUYI-MUAMBA]
[www.unikin.ac.cd/oipr/OIPR/chercheurs565a]
[www.unikin.ac.cd/oipr/OIPR/chercheurs/39/MOKASA-SADO-JACQUES]
[www.unikin.ac.cd/oipr/OIPR/chercheurs/1342/MONINGO-MOLAMBA-DIEUDONNE]
[www.unikin.ac.cd/oipr/OIPR/chercheurs/3188/MOPENDO-MWISOMI-EMMANUEL]
[www.unikin.ac.cd/oipr/public/uploads/users_images/thumbnails/1773414152.jpg]
[www.unikin.ac.cd/oipr/OIPR/chercheurs/29/MPUTU-LOBOTA-ARSENE]
[www.unikin.ac.cd/oipr/OIPR/chercheurs/1347/MPUTU-YAMBA]
[www.unikin.ac.cd/oipr/OIPR/chercheurs/18/MUANDA-MATOKO-GERMAIN]
[www.unikin.ac.cd/oipr/OIPR/chercheurs/1348/MUANDA-NSEMI]
[www.unikin.ac.cd/oipr/OIPR/chercheurs/32/MUCHANGA-SIFA-MARIE-JOELLE]
[www.unikin.ac.cd/oipr/OIPR/chercheurs31e1]
[www.unikin.ac.cd/oipr/OIPR/chercheurs/897/TSHIMPI-YABA-WOLA-ANTOINE]
[www.unikin.ac.cd/oipr/OIPR/chercheurs/905/TSHITENGE-TSHITENGE-DIEUDONNE]
[www.unikin.ac.cd/oipr/public/uploads/users_images/thumbnails/1729287077.jpg]
[www.unikin.ac.cd/oipr/OIPR/chercheurs/960/TUAKUILA-KABENGELE-JOEL]
[www.unikin.ac.cd/oipr/OIPR/chercheurs/302/WUMBA-DI-MOSI-NKOYI-ROGER]
[www.unikin.ac.cd/oipr/OIPR/chercheurs/3801/YAKUBU-JEAN-PIERRE]
[www.unikin.ac.cd/oipr/public/uploads/users_images/thumbnails/1771954256.jpg]
[www.unikin.ac.cd/oipr/OIPR/chercheurs/30/YANGA-KIDIAMENE-YVON]
[www.unikin.ac.cd/oipr/OIPR/chercheurs43bc]
[www.unikin.ac.cd/oipr/OIPR/chercheurs66b2]
[www.unikin.ac.cd/oipr/OIPR/chercheurs/1192/henri.bamfumu@gmail.com]
[www.unikin.ac.cd/oipr/OIPR/publications/378/LARAPOSCOPIC-PYELOLI]
[www.unikin.ac.cd/oipr/OIPR/publications/30/TRIOCHIDISM-IN-AN-AD]
[www.unikin.ac.cd/oipr/public/uploads/users_images/1708686637.jpg]
[www.unikin.ac.cd/oipr/public/uploads/users_images/1710779064.jpg]
[www.unikin.ac.cd/oipr/OIPR/chercheurs/40/ILUNGA-MBAYA-ELOGE]
[www.unikin.ac.cd/oipr/OIPR/chercheurs/1558/KAKENZA-KITUMBA-GUYLOR]
[www.unikin.ac.cd/oipr/OIPR/chercheurs1116]
[www.unikin.ac.cd/oipr/OIPR/chercheurs/1235/KAMBASHI-MUTIAKA-BIENVENUE]
[www.unikin.ac.cd/oipr/OIPR/chercheurs/72/KILEMBE-MANZANZA]
[www.unikin.ac.cd/oipr/OIPR/chercheurs/75/KINTOKI-VITA]
[www.unikin.ac.cd/oipr/OIPR/chercheurs/578/KUTUNGA-NIJIKAP-FRANCISCO-RIDA]
[www.unikin.ac.cd/oipr/OIPR/chercheurs/580/LANGI-SOGENA-FRANCOIS-XAVIER]
[www.unikin.ac.cd/oipr/OIPR/chercheurs/1274/LOHOHOLA-OSOMBA-PIERRE]
[www.unikin.ac.cd/oipr/public/uploads/users_images/thumbnails/1759315378.jpg]
[www.unikin.ac.cd/oipr/OIPR/chercheurs/331/LUTUTALA-MUMPASI-BERNARD]
[www.unikin.ac.cd/oipr/public/uploads/users_images/thumbnails/1665075126.jpg]
[www.unikin.ac.cd/oipr/OIPR/chercheurs/372/MANDIANGU-MBUMBA-BIJOU]
[www.unikin.ac.cd/oipr/OIPR/chercheurs/1086/MBAKIDI-TOKO-ISABELLE]
[www.unikin.ac.cd/oipr/OIPR/chercheurs/2982/MPANGI-MOSESELI-GISCARD]
[www.unikin.ac.cd/oipr/public/uploads/users_images/thumbnails/1724936975.jpg]
[www.unikin.ac.cd/oipr/OIPR/chercheurs/712/MPIANA-TSHIMANKINDA-PIUS]
[www.unikin.ac.cd/oipr/public/uploads/users_images/thumbnails/1718554754.png]
[www.unikin.ac.cd/oipr/OIPR/chercheurs/140/MUPAPA-SAY-MICHEL-ANGE]
[www.unikin.ac.cd/oipr/OIPR/chercheurs/22/MUTOMBO-BALEKA-ALEX]
[www.unikin.ac.cd/oipr/OIPR/chercheurs/1911/NDADI-NKUEMBE-VICTOR]
[www.unikin.ac.cd/oipr/OIPR/chercheurs/1914/NDIADIA-KANDOLO-EMMANUEL]
[www.unikin.ac.cd/oipr/public/uploads/users_images/thumbnails/1727024382.jpg]
[www.unikin.ac.cd/oipr/OIPR/chercheurs/1378/NGBOLUA-KOTO-TE-NYIWA-JEAN-PAUL]
[www.unikin.ac.cd/oipr/public/uploads/users_images/thumbnails/1718553877.png]
[www.unikin.ac.cd/oipr/OIPR/chercheurs/49/NGOMBO-NZOKWANI-AUGUSTIN]
[www.unikin.ac.cd/oipr/OIPR/chercheurs/149/NGUFULU-BASULUKA]
[www.unikin.ac.cd/oipr/OIPR/chercheurs/1962/NTOTO-MBUDI-EUGENE]
[www.unikin.ac.cd/oipr/OIPR/chercheurs/248/NTUNGILA-NKAMA-MBENDU-FLORIBERT]
[www.unikin.ac.cd/oipr/public/uploads/users_images/thumbnails/1708595120.jpg]
[www.unikin.ac.cd/oipr/OIPR/chercheurs/21/NZAU-NGOMA-EMMANUEL]
[www.unikin.ac.cd/oipr/OIPR/chercheurs/251/NZEZA-KABUZEX-KONGO-JEAN-PIERRE]
[www.unikin.ac.cd/oipr/OIPR/chercheurs/37/OMANGA-LUKUNDJI]
[www.unikin.ac.cd/oipr/OIPR/chercheurs/951/TAMBASHE-OLEKO]
[www.unikin.ac.cd/oipr/OIPR/chercheurs/2024/TONA-TONA-ALEXANDRE]
[www.unikin.ac.cd/oipr/OIPR/chercheurs/286/TSAMBU-BULU-LEON]
[www.unikin.ac.cd/oipr/OIPR/chercheurs/2048/TUAKASHIKILA-MWAMBA-YVON]
[www.unikin.ac.cd/oipr/OIPR/publications/1300/EVALUATION-DES-STRAT]
[www.unikin.ac.cd/oipr/OIPR/publications/1298/LE-NUMERIQUE-DANS-LA]
[www.unikin.ac.cd/oipr/OIPR/publications/372/STUDENT-EVALUATION-O]
[www.unikin.ac.cd/oipr/public/uploads/users_images/1718555190.png]
[www.unikin.ac.cd/oipr/OIPR/publications/475/IMPACT-DE-LA-POLITIQ]
[www.unikin.ac.cd/oipr/OIPR/publications/431/CORRUPTION-AND-LACK-]
[www.unikin.ac.cd/oipr/OIPR/publications/432/ANALYSIS-OF-THE-EFFE]
[www.unikin.ac.cd/oipr/OIPR/publications/427/ANALYSIS-OF-THE-EFFE]
[www.unikin.ac.cd/oipr/OIPR/publications/426/THE-CONGOLESE-INDUST]
[www.unikin.ac.cd/oipr/OIPR/publications/425/INFORMAL-CROSS-BORDE]
[www.unikin.ac.cd/oipr/OIPR/publications/428/MONOGRAPHIE-MOSAIQUE]
[www.unikin.ac.cd/oipr/OIPR/publications/424/RENTE-MINIERE-ET-ILL]
[www.unikin.ac.cd/oipr/OIPR/publications/423/CORRUPTION-ET-DECENT]
[www.unikin.ac.cd/oipr/OIPR/publications/430/CORRUPTION-GOUVERNAN]
[www.unikin.ac.cd/oipr/OIPR/publications/429/INTERACTION-ENTRE-CO]
[www.unikin.ac.cd/oipr/OIPR/publications/445/LES-COUTS-ANNEXES-DE]
[www.unikin.ac.cd/oipr/OIPR/publications/433/REDYNAMISATION-DES-E]
[www.unikin.ac.cd/oipr/OIPR/publications/349/DECOLONISATION-DES-S]
[www.unikin.ac.cd/oipr/public/uploads/users_images/1757157472.jpg]
[www.unikin.ac.cd/oipr/OIPR/chercheurs/2983/Béni de saint Nicolas]
[www.unikin.ac.cd/oipr/public/storage/publications/1757159066.pdf]
[www.unikin.ac.cd/oipr/OIPR/publications/1293/EVALUATION-DE-LA-SAN]
[www.unikin.ac.cd/oipr/OIPR/publications/350/UNIVERSITE-ET-SOUS-D]
[www.unikin.ac.cd/oipr/OIPR/chercheurs/190/BURA-PULUNYO-GAJETAN]
[www.unikin.ac.cd/oipr/OIPR/chercheurs/1035/GUMANDA-KAFENI-EVELYNE]
[www.unikin.ac.cd/oipr/OIPR/chercheurs/7/INGWA-LOFINDA-HENRI]
[www.unikin.ac.cd/oipr/OIPR/chercheurs/1532/KABANGA-KABANGA-CRISPIN]
[www.unikin.ac.cd/oipr/OIPR/chercheurs/210/KABEYA-KADIEBUE-MATTHIEU]
[www.unikin.ac.cd/oipr/OIPR/chercheurs/213/KABONGO-MUKINAYI-NDAWO-ANDRE]
[www.unikin.ac.cd/oipr/OIPR/chercheurs/501/KABONGO-KANDOLO-DANNY]
[www.unikin.ac.cd/oipr/OIPR/chercheursf7f6]
[www.unikin.ac.cd/oipr/OIPR/chercheurs/1559/KAKESA-KIBADY]
[www.unikin.ac.cd/oipr/OIPR/chercheurs/522/KANDALA-FANDIDI-NGIANG-BIENVENU]
[www.unikin.ac.cd/oipr/public/uploads/users_images/thumbnails/1762511415.jpg]
[www.unikin.ac.cd/oipr/OIPR/chercheurs/94/KANGA-KALEMBA-VITA-JEAN]
[www.unikin.ac.cd/oipr/OIPR/chercheurs/229/KANGA-MATONDO-EMMANUEL]
[www.unikin.ac.cd/oipr/OIPR/chercheurs/234/KAPUKU-MUDIPANU-GASTON]
[www.unikin.ac.cd/oipr/OIPR/chercheurs/1607/KATAMBA-MWAMBA-MAURICE]
[www.unikin.ac.cd/oipr/public/uploads/users_images/thumbnails/1737748725.jpg]
[www.unikin.ac.cd/oipr/OIPR/chercheurs/1253/KHAKE-KABUO-KASONGO-MARTHE]
[www.unikin.ac.cd/oipr/OIPR/chercheurs/81/KISANGANI-ENDANDA-SIYISIWA-STANISLAS]
[www.unikin.ac.cd/oipr/OIPR/chercheurs/113/KONDANI-KOWIANDE-FERNAND]
[www.unikin.ac.cd/oipr/OIPR/chercheurs/573/KUNA-MABA-MAMBUKU-GERMAIN]
[www.unikin.ac.cd/oipr/OIPR/chercheurs/116/KUPELESA-ILUNGA-MAX]
[www.unikin.ac.cd/oipr/OIPR/chercheurs/405/LIWERANT-SARA]
[www.unikin.ac.cd/oipr/OIPR/chercheurs/1284/LUFUNGULA-MUBIALA-DELLY]
[www.unikin.ac.cd/oipr/OIPR/chercheurs/112/LUHAHI-A-NIAMA]
[www.unikin.ac.cd/oipr/OIPR/chercheurs/1285/LUHAHI-NEMBE-SONGU-JACQUELINE]
[www.unikin.ac.cd/oipr/OIPR/chercheurs/3775/MALALA-NGBAKA-JOHN]
[www.unikin.ac.cd/oipr/OIPR/chercheurs/1311/MANKONDO-IDRISSA]
[www.unikin.ac.cd/oipr/OIPR/chercheurs/374/MANWANINA-KIUMBA-NANA]
[www.unikin.ac.cd/oipr/public/uploads/users_images/thumbnails/1728072569.jpg]
[www.unikin.ac.cd/oipr/OIPR/chercheurs/2991/MATUNGUNA-KWILU-HERVE]
[www.unikin.ac.cd/oipr/public/uploads/users_images/thumbnails/1759160535.jpg]
[www.unikin.ac.cd/oipr/OIPR/chercheurs/2981/MAYALA-BASINSA-LIONEL]
[www.unikin.ac.cd/oipr/public/uploads/users_images/thumbnails/1748269976.jpg]
[www.unikin.ac.cd/oipr/OIPR/chercheurs/685/MBADU-KHONDE-LEON]
[www.unikin.ac.cd/oipr/OIPR/chercheurs/626/MBAKI-LUZAYISU-EFREM]
[www.unikin.ac.cd/oipr/OIPR/chercheurs/699/MBWAKA-MANDUDI-JUSTIN]
[www.unikin.ac.cd/oipr/OIPR/chercheurs/646/MBWANGI-MBWANGI-JULIEN-FILS]
[www.unikin.ac.cd/oipr/public/uploads/users_images/thumbnails/1709301138.jpg]
[www.unikin.ac.cd/oipr/OIPR/chercheurs/721/MUBIALA-KATALA-ANICET]
[www.unikin.ac.cd/oipr/OIPR/chercheurs/676/MUDUBU-KONANDE-LEON]
[www.unikin.ac.cd/oipr/OIPR/chercheurs/724/MUKENDI-WA-MPOYI]
[www.unikin.ac.cd/oipr/OIPR/chercheurs/379/MUKWASA-GIPELA-LEMBISA-MARIE-CLAIRE]
[www.unikin.ac.cd/oipr/OIPR/chercheurs/381/MUMBEMBE-LYDY]
[www.unikin.ac.cd/oipr/public/uploads/users_images/thumbnails/1729159068.jpg]
[www.unikin.ac.cd/oipr/OIPR/chercheurs/1359/MUSA-ALOKPO-DIEUDONNE]
[www.unikin.ac.cd/oipr/OIPR/chercheurs/745/MUSALU-SIKISA-ROGER]
[www.unikin.ac.cd/oipr/OIPR/chercheurs/1361/MUSOMO-AMUNDALA-RICHARD]
[www.unikin.ac.cd/oipr/OIPR/chercheurs/3777/MUTUNGA-NASSY-NASSY]
[www.unikin.ac.cd/oipr/OIPR/chercheurs/765/MWENGWE-MUHONGO-YVON]
[www.unikin.ac.cd/oipr/OIPR/chercheurs/148/NDAYWEL-E-NZIEM-ISIDORE]
[www.unikin.ac.cd/oipr/OIPR/chercheurs/771/NDJUKENDI-OMBA-ALLY]
[www.unikin.ac.cd/oipr/OIPR/chercheurs/1870/NGONZO-KITUMBA]
[www.unikin.ac.cd/oipr/OIPR/chercheurs/778/NGOY-AMBA-ILOKO-CLIFF]
[www.unikin.ac.cd/oipr/OIPR/chercheurs/158/NTUNGA-NAWANWA]
[www.unikin.ac.cd/oipr/OIPR/chercheurs/1148/NYAKATO-BEANGERE]
[www.unikin.ac.cd/oipr/OIPR/chercheurs/954/TINGU-YABA-NZOLAMESO-MAURICE]
[www.unikin.ac.cd/oipr/OIPR/chercheurs/911/WENZE-MUDIANDAMBU-FABRICE]
[www.unikin.ac.cd/oipr/OIPR/chercheurs/2610/YAKANDI-MOTE-RENE]
[www.unikin.ac.cd/oipr/public/uploads/users_images/thumbnails/1722428861.jpg]
[www.unikin.ac.cd/oipr/public/uploads/users_images/1741276078.jpg]
[www.unikin.ac.cd/oipr/public/storage/publications/1762746211.pdf]
[www.unikin.ac.cd/oipr/OIPR/publications/1428/FLORISTIC-DIVERSITY-]
[www.unikin.ac.cd/oipr/OIPR/publications/1121/WOMENS-CONTRIBUTION-]
[www.unikin.ac.cd/oipr/OIPR/publications/1120/EFFECTIVENESS-OF-WET]
[www.unikin.ac.cd/oipr/OIPR/publications/1119/FARMERS-KNOWLEDGE-AN]
[www.unikin.ac.cd/oipr/OIPR/publications/1118/GULLY-EROSION-SUSCEP]
[www.unikin.ac.cd/oipr/OIPR/publications/135/LOCAL-CITIZEN-GROUP-]
[www.unikin.ac.cd/oipr/OIPR/publications/134/LOCAL-PERCEPTION-AND]
[www.unikin.ac.cd/oipr/OIPR/publications/138/FOREST-MANAGEMENT-SY]
[www.unikin.ac.cd/oipr/OIPR/publications/136/ENJEUX-ET-DEFIS-DE-L]
[www.unikin.ac.cd/oipr/public/uploads/users_images/1708507181.jpg]
[www.unikin.ac.cd/oipr/OIPR/publications/304/LES-POTENTIALITES-PE]
[www.unikin.ac.cd/oipr/OIPR/publications/1170/THE-IMPLEMENTATION-A]
[www.unikin.ac.cd/oipr/OIPR/publications/1199/TREND-IN-THE-USE-OF-]
[www.unikin.ac.cd/oipr/OIPR/chercheurs/1232/KALAMBAYI-BANZA-BARTHELEMY]
[www.unikin.ac.cd/oipr/OIPR/chercheurs/2751/KAMBALA-LUADIA-TSHIKENGELA-BILLY]
[www.unikin.ac.cd/oipr/public/uploads/users_images/thumbnails/1721044674.png]
[www.unikin.ac.cd/oipr/OIPR/chercheurs/2979/KESANGANA-WANDENGA-EPHRAIM]
[www.unikin.ac.cd/oipr/public/uploads/users_images/thumbnails/1757344294.jpg]
[www.unikin.ac.cd/oipr/OIPR/chercheurs/68/KIBUEY-MULAMBU-PROSPER]
[www.unikin.ac.cd/oipr/OIPR/chercheurse4cc]
[www.unikin.ac.cd/oipr/OIPR/chercheurs/2377/LUTUTU-MUKANDA-KIZITO]
[www.unikin.ac.cd/oipr/public/uploads/users_images/thumbnails/1735921482.jpg]
[www.unikin.ac.cd/oipr/OIPR/chercheurs/1294/MABIKA-MABIKA-CRISPIN]
[www.unikin.ac.cd/oipr/OIPR/chercheurs/1463/MAKOLO-KAMBA]
[www.unikin.ac.cd/oipr/OIPR/chercheurs/1460/MALONDA-MBUNGU-BECKER]
[www.unikin.ac.cd/oipr/OIPR/chercheurs/1334/MEYA-NGEMBA-ANSELME]
[www.unikin.ac.cd/oipr/OIPR/chercheurs/817/MUMBANZA-MWA-BAWELE-JEROME]
[www.unikin.ac.cd/oipr/OIPR/chercheurs/1439/MUNKIE-MBALI]
[www.unikin.ac.cd/oipr/OIPR/chercheurs/843/MVUDI-MATINGU]
[www.unikin.ac.cd/oipr/OIPR/chercheurs/759/MVUEZOLO-BAZONZI-JOSE]
[www.unikin.ac.cd/oipr/public/uploads/users_images/thumbnails/1710669255.jpg]
[www.unikin.ac.cd/oipr/OIPR/chercheurs/768/NAPPA-USATU-JOCELYN]
[www.unikin.ac.cd/oipr/public/uploads/users_images/thumbnails/1720190451.jpg]
[www.unikin.ac.cd/oipr/OIPR/chercheurs/1429/NGBONGA-KOZOMINA]
[www.unikin.ac.cd/oipr/OIPR/chercheurs/1386/NGONGA-NZINGA]
[www.unikin.ac.cd/oipr/OIPR/chercheurs/1428/NGOY-KANIOKA-KAPAJI]
[www.unikin.ac.cd/oipr/OIPR/chercheurs/1422/NTAL-ONIM]
[www.unikin.ac.cd/oipr/OIPR/chercheurs/1150/NZEGE-KOTA-DEBORAH]
[www.unikin.ac.cd/oipr/OIPR/chercheurs/3797/OYEMA-NDJOKO-JOSEPH]
[www.unikin.ac.cd/oipr/public/uploads/users_images/thumbnails/1769175447.jpg]
[www.unikin.ac.cd/oipr/OIPR/chercheurs/3776/PHUATI-NDELE-YVES]
[www.unikin.ac.cd/oipr/public/uploads/users_images/thumbnails/1751580421.jpg]
[www.unikin.ac.cd/oipr/OIPR/chercheurs/831/SAILA-NGITA-DIAFUKA-DAMIEN]
[www.unikin.ac.cd/oipr/OIPR/chercheurs/837/SEMEKI-NGABINZEKE-JEAN]
[www.unikin.ac.cd/oipr/OIPR/chercheurs/3796/TSHIBANGU-KABEMBA-DAVID]
[www.unikin.ac.cd/oipr/public/uploads/users_images/thumbnails/1767468200.jpg]
[www.unikin.ac.cd/oipr/OIPR/publications/1709/LE-POUVOIR-DIMENSION]
[www.unikin.ac.cd/oipr/OIPR/publications/333/GOUVERNANCE-LOCALE-E]
[www.unikin.ac.cd/oipr/OIPR/publications/161/ESSENCE-ET-MUTATION-]
[www.unikin.ac.cd/oipr/OIPR/publications/116/FINANCEMENT-DES-ELEC]
[www.unikin.ac.cd/oipr/OIPR/publications/110/VIOLENCES-URBAINES-E]
[www.unikin.ac.cd/oipr/OIPR/publications/119/DEFICIT-DE-LA-CONSCI]
[www.unikin.ac.cd/oipr/OIPR/publications/111/RESILIENCE-OU-SURSIS]
[www.unikin.ac.cd/oipr/OIPR/publications/113/COMPRENDRE-LA-SCIENC]
[www.unikin.ac.cd/oipr/OIPR/publications/115/POLITIQUE-ET-ELITES-]
[www.unikin.ac.cd/oipr/OIPR/publications/112/LETAT-AU-MONOPOLE-EC]
[www.unikin.ac.cd/oipr/OIPR/publications/114/ETAT-ET-PARTIS-AU-CO]
[www.unikin.ac.cd/oipr/OIPR/publications/118/LA-NOUVELLE-EDIFICAT]
[www.unikin.ac.cd/oipr/OIPR/publications/120/LAVENIR-DES-GRANDS-C]
[www.unikin.ac.cd/oipr/OIPR/publications/117/LE-DEFI-DU-PHENOMENE]
[www.unikin.ac.cd/oipr/OIPR/publications/347/LA-PROBLEMATIQUE-DE-]
[www.unikin.ac.cd/oipr/OIPR/chercheurs/3774/KALASI-NGAY-GUY]
[www.unikin.ac.cd/oipr/OIPR/chercheurs0c6c]
[www.unikin.ac.cd/oipr/OIPR/chercheurs/61/KIANGU-SINDANI-ERNEST]
[www.unikin.ac.cd/oipr/OIPR/chercheurs/1680/KUZAMBA-KIABWA-WILLY]
[www.unikin.ac.cd/oipr/OIPR/chercheurs/336/MABIALA-MANTUBA-NGOMA-PAMPHILE]
[www.unikin.ac.cd/oipr/public/uploads/users_images/thumbnails/1665131484.jpg]
[www.unikin.ac.cd/oipr/OIPR/chercheurs/729/MUKULU-NDUKU-PATRICE-BENIS]
[www.unikin.ac.cd/oipr/OIPR/chercheurs/392/NSAKA-KABUNDA-ANNE-MARIE]
[www.unikin.ac.cd/oipr/OIPR/chercheurs/1424/NSAMBI-MPIA]
[www.unikin.ac.cd/oipr/OIPR/chercheurs/873/OBOTELA-RASHIDI-NOEL]
[www.unikin.ac.cd/oipr/OIPR/chercheurs/1153/OLELA-ENGOMBE]
[www.unikin.ac.cd/oipr/OIPR/chercheurs/1155/PHOBA-UMBA-MADO]
[www.unikin.ac.cd/oipr/OIPR/theses/1386]
[www.unikin.ac.cd/oipr/OIPR/theses/1307]
[www.unikin.ac.cd/oipr/OIPR/theses/1254]
[www.unikin.ac.cd/oipr/OIPR/theses/938]
[www.unikin.ac.cd/oipr/OIPR/theses/1422]
[www.unikin.ac.cd/oipr/OIPR/theses/1302]
[www.unikin.ac.cd/oipr/OIPR/theses/1301]
[www.unikin.ac.cd/oipr/OIPR/theses/1286]
[www.unikin.ac.cd/oipr/OIPR/theses/1275]
[www.unikin.ac.cd/oipr/OIPR/theses/991]
[www.unikin.ac.cd/oipr/OIPR/theses9277]
[www.unikin.ac.cd/oipr/OIPR/theses/1090]
[www.unikin.ac.cd/oipr/OIPR/theses/1255]
[www.unikin.ac.cd/oipr/OIPR/theses/1256]
[www.unikin.ac.cd/oipr/OIPR/theses/1257]
[www.unikin.ac.cd/oipr/OIPR/theses/1267]
[www.unikin.ac.cd/oipr/OIPR/theses/934]
[www.unikin.ac.cd/oipr/OIPR/theses/1258]
[www.unikin.ac.cd/oipr/OIPR/theses/1101]
[www.unikin.ac.cd/oipr/OIPR/theses/1249]
[www.unikin.ac.cd/oipr/OIPR/theses/922]
[www.unikin.ac.cd/oipr/OIPR/theses/1259]
[www.unikin.ac.cd/oipr/OIPR/theses/1052]
[www.unikin.ac.cd/oipr/OIPR/theses/932]
[www.unikin.ac.cd/oipr/OIPR/theses/1260]
[www.unikin.ac.cd/oipr/OIPR/theses/1339]
[www.unikin.ac.cd/oipr/OIPR/theses/1247]
[www.unikin.ac.cd/oipr/OIPR/theses/1266]
[www.unikin.ac.cd/oipr/OIPR/theses/1338]
[www.unikin.ac.cd/oipr/OIPR/theses/1337]
[www.unikin.ac.cd/oipr/OIPR/theses/1336]
[www.unikin.ac.cd/oipr/OIPR/theses/1173]
[www.unikin.ac.cd/oipr/OIPR/theses/1172]
[www.unikin.ac.cd/oipr/OIPR/theses/1161]
[www.unikin.ac.cd/oipr/OIPR/theses/919]
[www.unikin.ac.cd/oipr/OIPR/theses/1001]
[www.unikin.ac.cd/oipr/OIPR/theses/1146]
[www.unikin.ac.cd/oipr/OIPR/theses/1171]
[www.unikin.ac.cd/oipr/OIPR/theses/1151]
[www.unikin.ac.cd/oipr/OIPR/theses/930]
[www.unikin.ac.cd/oipr/OIPR/theses/1127]
[www.unikin.ac.cd/oipr/OIPR/theses/1334]
[www.unikin.ac.cd/oipr/OIPR/theses/1335]
[www.unikin.ac.cd/oipr/OIPR/theses/921]
[www.unikin.ac.cd/oipr/OIPR/theses/985]
[www.unikin.ac.cd/oipr/OIPR/theses/1268]
[www.unikin.ac.cd/oipr/OIPR/theses/1128]
[www.unikin.ac.cd/oipr/OIPR/theses/1162]
[www.unikin.ac.cd/oipr/OIPR/theses/1170]
[www.unikin.ac.cd/oipr/OIPR/theses/936]
[www.unikin.ac.cd/oipr/OIPR/theses/1169]
[www.unikin.ac.cd/oipr/OIPR/theses/927]
[www.unikin.ac.cd/oipr/OIPR/theses/1333]
[www.unikin.ac.cd/oipr/OIPR/theses/1168]
[www.unikin.ac.cd/oipr/OIPR/theses/1021]
[www.unikin.ac.cd/oipr/OIPR/theses/1022]
[www.unikin.ac.cd/oipr/OIPR/theses/1332]
[www.unikin.ac.cd/oipr/OIPR/theses/1096]
[www.unikin.ac.cd/oipr/OIPR/theses/893]
[www.unikin.ac.cd/oipr/OIPR/theses/1053]
[www.unikin.ac.cd/oipr/OIPR/theses/963]
[www.unikin.ac.cd/oipr/OIPR/theses/1029]
[www.unikin.ac.cd/oipr/OIPR/theses/1034]
[www.unikin.ac.cd/oipr/OIPR/theses/1047]
[www.unikin.ac.cd/oipr/OIPR/theses/888]
[www.unikin.ac.cd/oipr/OIPR/theses/1054]
[www.unikin.ac.cd/oipr/OIPR/theses/879]
[www.unikin.ac.cd/oipr/OIPR/theses/916]
[www.unikin.ac.cd/oipr/OIPR/theses/978]
[www.unikin.ac.cd/oipr/OIPR/theses/969]
[www.unikin.ac.cd/oipr/OIPR/theses0e7f]
[www.unikin.ac.cd/oipr/OIPR/theses/898]
[www.unikin.ac.cd/oipr/OIPR/theses/778]
[www.unikin.ac.cd/oipr/OIPR/theses/890]
[www.unikin.ac.cd/oipr/OIPR/theses/840]
[www.unikin.ac.cd/oipr/OIPR/theses/902]
[www.unikin.ac.cd/oipr/OIPR/theses/952]
[www.unikin.ac.cd/oipr/OIPR/theses/950]
[www.unikin.ac.cd/oipr/OIPR/theses/951]
[www.unikin.ac.cd/oipr/OIPR/theses/948]
[www.unikin.ac.cd/oipr/OIPR/theses/949]
[www.unikin.ac.cd/oipr/OIPR/theses5866]
[www.unikin.ac.cd/oipr/OIPR/theses/880]
[www.unikin.ac.cd/oipr/OIPR/theses/886]
[www.unikin.ac.cd/oipr/OIPR/theses/887]
[www.unikin.ac.cd/oipr/OIPR/theses/911]
[www.unikin.ac.cd/oipr/OIPR/theses/946]
[www.unikin.ac.cd/oipr/OIPR/theses/544]
[www.unikin.ac.cd/oipr/OIPR/theses/1314]
[www.unikin.ac.cd/oipr/OIPR/theses/945]
[www.unikin.ac.cd/oipr/OIPR/theses/947]
[www.unikin.ac.cd/oipr/OIPR/theses/829]
[www.unikin.ac.cd/oipr/OIPR/theses8d6c]
[www.unikin.ac.cd/oipr/OIPR/theses/59]
[www.unikin.ac.cd/oipr/OIPR/theses/60]
[www.unikin.ac.cd/oipr/OIPR/theses/4]
[www.unikin.ac.cd/oipr/OIPR/theses/11]
[www.unikin.ac.cd/oipr/OIPR/theses/700]
[www.unikin.ac.cd/oipr/OIPR/theses/336]
[www.unikin.ac.cd/oipr/OIPR/theses/524]
[www.unikin.ac.cd/oipr/OIPR/theses/953]
[www.unikin.ac.cd/oipr/OIPR/theses5dbc]
[www.unikin.ac.cd/oipr/OIPR/theses6813]
[www.unikin.ac.cd/oipr/OIPR/theses8d3e]
[www.unikin.ac.cd/oipr/OIPR/theses93f0]
[www.unikin.ac.cd/oipr/OIPR/theses1419]
[www.unikin.ac.cd/oipr/OIPR/thesesf933]
[www.unikin.ac.cd/oipr/OIPR/theses6dc3]
[www.unikin.ac.cd/oipr/OIPR/theses402d]
[www.unikin.ac.cd/oipr/OIPR/theses33e9]
[www.unikin.ac.cd/oipr/OIPR/theses1d1c]
[www.unikin.ac.cd/oipr/OIPR/theses0838]
[www.unikin.ac.cd/oipr/OIPR/theses/1420]
[www.unikin.ac.cd/oipr/OIPR/theses/1441]
[www.unikin.ac.cd/oipr/OIPR/theses/1442]
[www.unikin.ac.cd/oipr/OIPR/theses/1443]
[www.unikin.ac.cd/oipr/OIPR/theses220c]
[www.unikin.ac.cd/oipr/OIPR/theses/435]
[www.unikin.ac.cd/oipr/OIPR/theses/693]
[www.unikin.ac.cd/oipr/OIPR/theses/436]
[www.unikin.ac.cd/oipr/OIPR/theses/165]
[www.unikin.ac.cd/oipr/OIPR/theses/692]
[www.unikin.ac.cd/oipr/OIPR/theses/246]
[www.unikin.ac.cd/oipr/OIPR/theses/340]
[www.unikin.ac.cd/oipr/OIPR/theses/244]
[www.unikin.ac.cd/oipr/OIPR/theses/249]
[www.unikin.ac.cd/oipr/OIPR/theses/248]
[www.unikin.ac.cd/oipr/OIPR/theses6adf]
[www.unikin.ac.cd/oipr/OIPR/thesesf3e0]
[www.unikin.ac.cd/oipr/OIPR/theses31e1]
[www.unikin.ac.cd/oipr/OIPR/theses7cdd]
[www.unikin.ac.cd/oipr/OIPR/theses4c30]
[www.unikin.ac.cd/oipr/OIPR/theses3e45]
[www.unikin.ac.cd/oipr/OIPR/theses1d93]
[www.unikin.ac.cd/oipr/OIPR/theses49a5]
[www.unikin.ac.cd/oipr/OIPR/theses/352]
[www.unikin.ac.cd/oipr/OIPR/theses/805]
[www.unikin.ac.cd/oipr/OIPR/publications/1155/PAIX-ET-DEVELOPPEMEN]
[www.unikin.ac.cd/oipr/OIPR/chercheurs/3221/MUCHIGA-ZIHINDULA-NORBERT]
[www.unikin.ac.cd/oipr/OIPR/publications/1154/LESSENTIEL-DE-LA-REC]
[www.unikin.ac.cd/oipr/OIPR/publications/1115/PHILOSOPHIE-ET-SOCIE]
[www.unikin.ac.cd/oipr/OIPR/publications/1426/UNE-APPROCHE-POUR-DE]
[www.unikin.ac.cd/oipr/OIPR/publications2910]
[www.unikin.ac.cd/oipr/OIPR/publications3f9f]
[www.unikin.ac.cd/oipr/OIPR/publicationsff15]
[www.unikin.ac.cd/oipr/OIPR/publications23c7]
[www.unikin.ac.cd/oipr/OIPR/publications8078]
[www.unikin.ac.cd/oipr/OIPR/publications3d53]
[www.unikin.ac.cd/oipr/OIPR/publicationse839]
[www.unikin.ac.cd/oipr/OIPR/publications3593]
[www.unikin.ac.cd/oipr/OIPR/publicationsd0af]
[www.unikin.ac.cd/oipr/OIPR/publicationsea7d]
[www.unikin.ac.cd/oipr/OIPR/publicationse565]
[www.unikin.ac.cd/oipr/OIPR/publications/1168/LENTREPRENEURIAT-AU-]
[www.unikin.ac.cd/oipr/OIPR/publications742c]
[www.unikin.ac.cd/oipr/OIPR/publicationse3e9]
[www.unikin.ac.cd/oipr/OIPR/publications42a0]
[www.unikin.ac.cd/oipr/OIPR/publications2055]
[www.unikin.ac.cd/oipr/OIPR/publications4a9e]
[www.unikin.ac.cd/oipr/OIPR/publicationsec20]
[www.unikin.ac.cd/oipr/OIPR/publications5a21]
[www.unikin.ac.cd/oipr/OIPR/publicationsaa1d]
[www.unikin.ac.cd/oipr/OIPR/publicationscc3b]
[www.unikin.ac.cd/oipr/OIPR/publications3b35]
[www.unikin.ac.cd/oipr/OIPR/publications45ef]
[www.unikin.ac.cd/oipr/OIPR/publicationsa4db]
[www.unikin.ac.cd/oipr/OIPR/publications4824]
[www.unikin.ac.cd/oipr/OIPR/publications58ac]
[www.unikin.ac.cd/oipr/OIPR/publicationsd7a7]
[www.unikin.ac.cd/oipr/OIPR/publicationsb15d]
[www.unikin.ac.cd/oipr/OIPR/publications0558]
[www.unikin.ac.cd/oipr/OIPR/publications9f77]
[www.unikin.ac.cd/oipr/OIPR/publications46c7]
[www.unikin.ac.cd/oipr/OIPR/publicationse9db]
[www.unikin.ac.cd/oipr/OIPR/publications09a2]
[www.unikin.ac.cd/oipr/OIPR/publications2e1c]
[www.unikin.ac.cd/oipr/OIPR/publications111e]
[www.unikin.ac.cd/oipr/OIPR/publications0b58]
[www.unikin.ac.cd/oipr/OIPR/publications8684]
[www.unikin.ac.cd/oipr/OIPR/publicationsa695]
[www.unikin.ac.cd/oipr/OIPR/publications3159]
[www.unikin.ac.cd/oipr/OIPR/publications55ed]
[www.unikin.ac.cd/oipr/OIPR/publicationsd5bd]
[www.unikin.ac.cd/oipr/OIPR/publications84b9]
[www.unikin.ac.cd/oipr/OIPR/publications3e53]
[www.unikin.ac.cd/oipr/OIPR/publications6c49]
[www.unikin.ac.cd/oipr/OIPR/publications43e8]
[www.unikin.ac.cd/oipr/OIPR/publications41b9]
[www.unikin.ac.cd/oipr/OIPR/publications0e0d]
[www.unikin.ac.cd/oipr/OIPR/publications/1269/INTRODUCTION-A-LANAL]
[www.unikin.ac.cd/oipr/OIPR/publicationsfab2]
[www.unikin.ac.cd/oipr/OIPR/publications924b]
[www.unikin.ac.cd/oipr/OIPR/publications1a14]
[www.unikin.ac.cd/oipr/OIPR/publications3fbe]
[www.unikin.ac.cd/oipr/OIPR/publicationsa52b]
[www.unikin.ac.cd/oipr/OIPR/publications3dd3]
[www.unikin.ac.cd/oipr/OIPR/publications/652/BERTIN-MAKOLO-MUSWAS]
[www.unikin.ac.cd/oipr/OIPR/publications/299/HYDROLOGIE-CLIMAT-ET]
[www.unikin.ac.cd/oipr/OIPR/chercheurs/291/TSHIMANGA-MUAMBA-RAPHAEL]
[www.unikin.ac.cd/oipr/OIPR/publications/242/CONGO-BASIN-HYDROLOG]
[www.unikin.ac.cd/oipr/OIPR/publications/245/LE-DROIT-PENAL-ENTRE]
[www.unikin.ac.cd/oipr/OIPR/publications478c]
[www.unikin.ac.cd/oipr/OIPR/publications875e]
[www.unikin.ac.cd/oipr/OIPR/publications38ac]
[www.unikin.ac.cd/en/ouverture-de-la-48eme-session-ordinaire-du-conseil-dadministration-des-universites-rdc]
[www.unikin.ac.cd/en/le-professeur-jean-louis-esambo-kangashe-siege-au-jury-de-these-a-luniversite-sorbonne-paris-nord]
[www.unikin.ac.cd/en/fonas-2025-un-forum-inedit-pour-renforcer-la-securite-industrielle-en-rdc-avec-la-contribution-de-lunikin]
[www.unikin.ac.cd/en/deuxieme-edition-du-test-hsk-a-linstitut-confucius-unikin]
[www.unikin.ac.cd/en/une-scientifique-de-lunikin-honoree-a-la-congolese-woman-excellentia-2025]
[www.unikin.ac.cd/en/luniversite-de-kinshasa-en-eclat-au-science-forum-south-africa-2025]
[www.unikin.ac.cd/en/penser-les-sciences-sociales-au-congo-et-en-afrique-essai-a-partir-de-la-socio-anthropologie-lepistemologie-de-sylvain-shomba-kinyamba]
[www.unikin.ac.cd/en/universite-buan-a-gaborone-au-botswana-il-est-plante-ce-mercredi-03-decembre-2025-larbre-symbole-de-la-republique-democratique-du-congo-eloko-ya-makasi]
[www.unikin.ac.cd/en/lutte-antierosive-partenariat-unikin-wietc-au-secours-de-kisenso-avec-les-bambous-et-vetivers]
[www.unikin.ac.cd/en/journee-mondiale-de-lagriculture-a-lunikin-mieux-comprendre-lagriculture-pour-mieux-consommer]
[www.unikin.ac.cd/en/actualitesc575]
[www.unikin.ac.cd/en/international-student-visa-applications-down-by-40]
[www.unikin.ac.cd/en/une-opportunite-unique-pour-les-chercheurs-inventeurs-et-innovateurs]
[www.unikin.ac.cd/en/appel-a-candidature-pour-le-recrutement-de-deux-doctorant-e-s-dans-le-cadre-du-projet-nanosect]
[www.unikin.ac.cd/en/appel-a-candidatures-pour-le-recrutement-de-3-masterant-e-s-dans-le-cadre-du-projet-nanosect]
[www.unikin.ac.cd/en/recrutement-campus-huawei-2025-a-lunikin]
[www.unikin.ac.cd/en/journee-detude-sur-le-service-learning-theme-universite-et-savoirs-au-service-de-la-communaute-enjeux-tensions-et-perspectives-lavenir-du-service-learning-en-republique-democr]
[www.unikin.ac.cd/en/participation-de-luniversite-de-kinshasa-au-congres-international-society-for-vaccines-isv-2025prof-tresor-zola-matuvanga-departement-de-medecine-tropicale-faculte-de-medecine]
[www.unikin.ac.cd/en/presence-congolaise-a-la-9ᵉ-conference-ieee-bdkcse2025-en-bulgarie]
[www.unikin.ac.cd/en/les-etudiants-en-agronomie-transplantent-des-varietes-de-bananiers-a-la-ferme-ecole-de-la-fapuk]
[www.unikin.ac.cd/en/former-une-nouvelle-generation-de-prescripteurs-en-revalidation-respiratoire]
[www.unikin.ac.cd/en/conference-euspn-2025-un-article-scientifique-presente-par-le-professeur-selain-kasereka-recoit-le-prix-best-paper-a-istanbul-turquie]
[www.unikin.ac.cd/en/ia-et-ses-applications-presence-congolaise-a-la-conference-euspn-2025-a-istanbul-avec-les-professeurs-selain-kasereka-et-ruffin-benoit-ngoie]
[www.unikin.ac.cd/en/lunikin-integre-officiellement-le-reseau-international-caastia-pour-linnovation-agricole]
[www.unikin.ac.cd/en/actualites235c]
[www.unikin.ac.cd/en/linstitut-africain-de-recherche-pluridisciplinaire-appliquee-octroi-un-diplome-de-doctorat-honoris-causa-au-recteur-jean-marie-kayembe-ntumba-de-luniversite-de-kinshasa]
[www.unikin.ac.cd/en/formation-du-troisieme-cycle-unikin-et-universite-notre-dame-du-kasai-engagent-des-discussions]
[www.unikin.ac.cd/en/la-delegation-de-la-jeunesse-africaine-et-de-la-sadc-salue-le-leadership-de-lunikin]
[www.unikin.ac.cd/en/des-etudiants-congolais-de-chine-presentent-un-systeme-de-securite-numerique-a-lunikin]
[www.unikin.ac.cd/en/luniversite-de-kinshasa-sengage-dans-la-sensibilisation-contre-lepidemie-de-cholera-en-rdc]
[www.unikin.ac.cd/en/signature-dun-accord-de-principe-de-collaboration-entre-luniversite-de-kinshasa-et-la-compagnie-shenzhen-kep-technology-co-de-chine]
[www.unikin.ac.cd/en/le-recteur-jean-marie-kayembe-participe-a-un-colloque-international-sur-lemergence-de-la-rdc-a-huwan-en-chine-en-marge-des-65-ans-de-lindependance]
[www.unikin.ac.cd/en/lunikin-a-la-conquete-des-partenariats-strategiques-avec-les-universites-chinoises]
[www.unikin.ac.cd/en/unikin-renforce-ses-partenariats-internationaux]
[www.unikin.ac.cd/en/lunikin-recoit-une-delegation-de-linstitut-de-zhongshan]
[www.unikin.ac.cd/en/renforcement-de-la-cooperation-sino-congolaise-lunikin-signe-un-protocole-daccord-avec-luniversite-des-etudes-etrangeres-de-guangdong]
[www.unikin.ac.cd/en/une-etudiante-de-lunikin-gagne-une-medaille-de-bronze-en-judo-en-angola]
[www.unikin.ac.cd/en/des-erosions-menacent-le-quartier-mbanza-lemba-et-luniversite-de-kinshasa]
[www.unikin.ac.cd/en/le-cercle-des-hommes-des-lettres-de-luniversite-de-kinshasa-remet-le-diplome-de-merite-au-recteur-jean-marie-kayembe-ntumba-en-reconnaissance-de-son-engagement-envers-la-jeunesse-estudianti]
[www.unikin.ac.cd/en/presentation-des-medailles-de-la-5e-edition-du-championnat-national-de-jiu-jitsu-bresilien-au-recteur-jean-marie-kayembe-ntumba]
[www.unikin.ac.cd/en/remise-des-maquettes-de-formation-en-medecine-legale-a-la-ministre-de-lesu-marie-therese-sombo-safi-ayan-mukuna]
[www.unikin.ac.cd/en/le-recteur-jean-marie-kayembe-ntumba-recoit-de-tondeuses-pour-le-giga-salongo-a-luniversite-de-kinshasa]
[www.unikin.ac.cd/en/luniversite-de-kinshasa-accueille-le-secretaire-executif-de-liucea-pour-preparer-la-conference-annuelle-de-juin]
[www.unikin.ac.cd/en/renforcer-la-stabilite-economique-de-la-rdc-face-aux-defis-securitaires-perspectives-de-doudou-fwamba-likunde]
[www.unikin.ac.cd/en/activites-du-recteurc575]
[www.unikin.ac.cd/en/la-premiere-edition-du-sommet-mondial-de-physique-de-laps-en-rdc-lunikin-choisie-comme-site-satellite]
[www.unikin.ac.cd/en/reconnaissance-du-professeur-jean-marie-kayembe-ntumba]
[www.unikin.ac.cd/en/la-delegation-mexicaine-en-visite-a-luniversite-de-kinshasa-2]
[www.unikin.ac.cd/en/mobilisation-patriotique-des-etudiants-de-lunikin]
[www.unikin.ac.cd/en/collaborer-de-maniere-beaucoup-plus-etroite-unikin-et-uliege-signent-un-protocole-daccord]
[www.unikin.ac.cd/en/le-leadership-du-recteur-kayembe-salue-par-un-groupe-dassistants-de-luniversite-de-kinshasa]
[www.unikin.ac.cd/en/lequipe-de-feric-presente-leur-structure-au-recteur-jean-marie-kayembe-ntumba]
[www.unikin.ac.cd/en/delegation-de-luniversite-de-liege-en-collaboration-avec-le-departement-de-medecine-tropicale]
[www.unikin.ac.cd/en/le-recteur-de-luniversite-de-kinshasa-honore-par-son-cabinet-pour-ses-realisations-et-son-role-dambassadeur-de-luniversite-de-liege]
[www.unikin.ac.cd/en/le-departement-dhistoire-organise-une-projection-cine-forum-du-film-long-metrage-simon-kimbangu]
[www.unikin.ac.cd/en/le-recteur-de-lunikin-a-ete-recu-a-edinburg-university]
[www.unikin.ac.cd/en/visite-a-luniversite-de-kinshasa-de-la-delegation-de-deputes-europeens]
[www.unikin.ac.cd/en/visite-a-l-universite-concordia]
[www.unikin.ac.cd/en/course-en-quete-dopportunites-de-collaboration-pour-certaines-de-nos-facultes-et-centres-de-recherche]
[www.unikin.ac.cd/en/le-periple-du-recteur-de-luniversite-de-kinshasa-le-professeur-jean-marie-kayembe-ntumba-continue-dans-les-universites-canadiennes-deux-universites-ont-ete-visitees-et-plusieurs-seances-de]
[www.unikin.ac.cd/en/3eme-session-sur-le-forum-international-de-la-francophonie-scientifique]
[www.unikin.ac.cd/en/semaine-mondiale-de-la-francophonie-scientifique-au-canada-le-recteur-jean-marie-kayembe-ntumba-represente-luniversite-de-kinshasa]
[www.unikin.ac.cd/en/des-etudiants-de-la-mention-mathematiques-statistique-et-informatique-presentent-les-resultats-de-leur-travail-pratique-au-recteur-jean-marie-kayembe-ntumba]
[www.unikin.ac.cd/en/activites-du-recteur235c]
